board,component,candidateFile,sha256,status,boardModelVerified,moduleModelVerified,pinLabelsVerified,wireEndpointsVerified,powerGroundVerified,voltageSafetyVerified,imageLegibilityVerified,writtenInstructionsConsistent,rightsConfirmed,sourceUrls,reviewer,reviewedAt,provenance,notes
arduino-mega,bh1750,candidates/arduino-mega__bh1750.jpg,4c1dc910b8287e5135f84dded37c57b2a3c4663348bf1d8b6a9118dc6e21beb7,PENDING,NOT_REVIEWED,NOT_REVIEWED,NOT_REVIEWED,NOT_REVIEWED,NOT_REVIEWED,NOT_REVIEWED,NOT_REVIEWED,NOT_REVIEWED,NOT_REVIEWED,,,,Recovered from the previous live manifest; download integrity verified only.,
arduino-mega,bmp280,candidates/arduino-mega__bmp280.jpg,fa08495e636f4f07095f09a942d8e80914ec68b6f5116b5ba3f43631e9e2162a,PENDING,NOT_REVIEWED,NOT_REVIEWED,NOT_REVIEWED,NOT_REVIEWED,NOT_REVIEWED,NOT_REVIEWED,NOT_REVIEWED,NOT_REVIEWED,NOT_REVIEWED,,,,Recovered from the previous live manifest; download integrity verified only.,
arduino-mega,color-sensor,candidates/arduino-mega__color-sensor.jpg,c49c02724b63bb3c5c89eb0fd768407296506e3808825750a14fbc081672066f,PENDING,NOT_REVIEWED,NOT_REVIEWED,NOT_REVIEWED,NOT_REVIEWED,NOT_REVIEWED,NOT_REVIEWED,NOT_REVIEWED,NOT_REVIEWED,NOT_REVIEWED,,,,Recovered from the previous live manifest; download integrity verified only.,
arduino-mega,cpp,candidates/arduino-mega__cpp.jpg,760bbafbea06b31f5b0d3375ee2c42ac530561334cf911425264eb9d38e391a3,PENDING,NOT_REVIEWED,NOT_REVIEWED,NOT_REVIEWED,NOT_REVIEWED,NOT_REVIEWED,NOT_REVIEWED,NOT_REVIEWED,NOT_REVIEWED,NOT_REVIEWED,,,,Recovered from the previous live manifest; download integrity verified only.,
arduino-mega,dht11,candidates/arduino-mega__dht11.jpg,560b4ea0d121570f5e03d804020a6ed612e134295ad099018481efbac4b740ea,PENDING,NOT_REVIEWED,NOT_REVIEWED,NOT_REVIEWED,NOT_REVIEWED,NOT_REVIEWED,NOT_REVIEWED,NOT_REVIEWED,NOT_REVIEWED,NOT_REVIEWED,,,,Recovered from the previous live manifest; download integrity verified only.,
arduino-mega,flame-sensor,candidates/arduino-mega__flame-sensor.jpg,093de1e9d28c3140188819a98b34c3796deae49f898765c82555050551c05949,PENDING,NOT_REVIEWED,NOT_REVIEWED,NOT_REVIEWED,NOT_REVIEWED,NOT_REVIEWED,NOT_REVIEWED,NOT_REVIEWED,NOT_REVIEWED,NOT_REVIEWED,,,,Recovered from the previous live manifest; download integrity verified only.,
arduino-mega,flow-sensor,candidates/arduino-mega__flow-sensor.jpg,d2f692dcfafd0090a74dc289c66130159b1a5174f1ccd23e087474792c0f2304,PENDING,NOT_REVIEWED,NOT_REVIEWED,NOT_REVIEWED,NOT_REVIEWED,NOT_REVIEWED,NOT_REVIEWED,NOT_REVIEWED,NOT_REVIEWED,NOT_REVIEWED,,,,Recovered from the previous live manifest; download integrity verified only.,
arduino-mega,hc-sr04,candidates/arduino-mega__hc-sr04.jpg,61352a33a2d337d91405a8412a1403e401a5df4ad12b3bfe852afeb1289a13e1,PENDING,NOT_REVIEWED,NOT_REVIEWED,NOT_REVIEWED,NOT_REVIEWED,NOT_REVIEWED,NOT_REVIEWED,NOT_REVIEWED,NOT_REVIEWED,NOT_REVIEWED,,,,Recovered from the previous live manifest; download integrity verified only.,
arduino-mega,ir-sensor,candidates/arduino-mega__ir-sensor.jpg,ddc0f68385886fd789aec4058684b055c6f63771e42a22b991030cdb91b551ab,PENDING,NOT_REVIEWED,NOT_REVIEWED,NOT_REVIEWED,NOT_REVIEWED,NOT_REVIEWED,NOT_REVIEWED,NOT_REVIEWED,NOT_REVIEWED,NOT_REVIEWED,,,,Recovered from the previous live manifest; download integrity verified only.,
arduino-mega,ldr,candidates/arduino-mega__ldr.jpg,93e7c8f345fdd1f845cde5ebe3e5d14f2d75a44a4eea2b394b58ab4eedc0e059,PENDING,NOT_REVIEWED,NOT_REVIEWED,NOT_REVIEWED,NOT_REVIEWED,NOT_REVIEWED,NOT_REVIEWED,NOT_REVIEWED,NOT_REVIEWED,NOT_REVIEWED,,,,Recovered from the previous live manifest; download integrity verified only.,
arduino-mega,lm35,candidates/arduino-mega__lm35.jpg,3b8ce72bee06c26f0fb9fadba1353085b2991b94f16666a30653bded2e2ead55,PENDING,NOT_REVIEWED,NOT_REVIEWED,NOT_REVIEWED,NOT_REVIEWED,NOT_REVIEWED,NOT_REVIEWED,NOT_REVIEWED,NOT_REVIEWED,NOT_REVIEWED,,,,Recovered from the previous live manifest; download integrity verified only.,
arduino-mega,load-cell,candidates/arduino-mega__load-cell.jpg,0333108cbfe143fe541a3bc4cc47d8ac1230035e4100d2c2b465eb73a2aefae7,PENDING,NOT_REVIEWED,NOT_REVIEWED,NOT_REVIEWED,NOT_REVIEWED,NOT_REVIEWED,NOT_REVIEWED,NOT_REVIEWED,NOT_REVIEWED,NOT_REVIEWED,,,,Recovered from the previous live manifest; download integrity verified only.,
arduino-mega,mq135,candidates/arduino-mega__mq135.jpg,8a4b79288954e3be41aa41d3b4cb76316fc325989d0a1ff59995c1ebadc24150,PENDING,NOT_REVIEWED,NOT_REVIEWED,NOT_REVIEWED,NOT_REVIEWED,NOT_REVIEWED,NOT_REVIEWED,NOT_REVIEWED,NOT_REVIEWED,NOT_REVIEWED,,,,Recovered from the previous live manifest; download integrity verified only.,
arduino-mega,mq7,candidates/arduino-mega__mq7.jpg,f1565f5f68e2d0625059ce8685afa87c8206192c24d1dfa64401f9ebf6da4667,PENDING,NOT_REVIEWED,NOT_REVIEWED,NOT_REVIEWED,NOT_REVIEWED,NOT_REVIEWED,NOT_REVIEWED,NOT_REVIEWED,NOT_REVIEWED,NOT_REVIEWED,,,,Recovered from the previous live manifest; download integrity verified only.,
arduino-mega,ph-sensor,candidates/arduino-mega__ph-sensor.jpg,d60d7bc74558fc3caedccc72120382a9931a6c79efdb387fc0c232af573b0d22,PENDING,NOT_REVIEWED,NOT_REVIEWED,NOT_REVIEWED,NOT_REVIEWED,NOT_REVIEWED,NOT_REVIEWED,NOT_REVIEWED,NOT_REVIEWED,NOT_REVIEWED,,,,Recovered from the previous live manifest; download integrity verified only.,
arduino-mega,pir,candidates/arduino-mega__pir.jpg,62e1238b9edcded89edb13363e6aa94ac95a50e243868159a821ba9e6be247be,PENDING,NOT_REVIEWED,NOT_REVIEWED,NOT_REVIEWED,NOT_REVIEWED,NOT_REVIEWED,NOT_REVIEWED,NOT_REVIEWED,NOT_REVIEWED,NOT_REVIEWED,,,,Recovered from the previous live manifest; download integrity verified only.,
arduino-mega,rain-sensor,candidates/arduino-mega__rain-sensor.jpg,23961f873449306b759c0bf19cfcb070d2da962abb3b84b7e44e5f5690bf7a1f,PENDING,NOT_REVIEWED,NOT_REVIEWED,NOT_REVIEWED,NOT_REVIEWED,NOT_REVIEWED,NOT_REVIEWED,NOT_REVIEWED,NOT_REVIEWED,NOT_REVIEWED,,,,Recovered from the previous live manifest; download integrity verified only.,
arduino-mega,soil-moisture,candidates/arduino-mega__soil-moisture.jpg,4320e9b93bd95c7cba5c65f8c7bd34464c6c71fda0850314c8da8ca62fc050d4,PENDING,NOT_REVIEWED,NOT_REVIEWED,NOT_REVIEWED,NOT_REVIEWED,NOT_REVIEWED,NOT_REVIEWED,NOT_REVIEWED,NOT_REVIEWED,NOT_REVIEWED,,,,Recovered from the previous live manifest; download integrity verified only.,
arduino-nano,a4988,candidates/arduino-nano__a4988.jpg,12d3a959f8406511ebf3f9b92d97fd8cd7fcb2e55bc4193786b688c607bb277c,PENDING,NOT_REVIEWED,NOT_REVIEWED,NOT_REVIEWED,NOT_REVIEWED,NOT_REVIEWED,NOT_REVIEWED,NOT_REVIEWED,NOT_REVIEWED,NOT_REVIEWED,,,,Recovered from the previous live manifest; download integrity verified only.,
arduino-nano,bh1750,candidates/arduino-nano__bh1750.jpg,100e0da185caabb39fcec80aee2270c53878b09dc1e2698495856f0dd7abeaad,PENDING,NOT_REVIEWED,NOT_REVIEWED,NOT_REVIEWED,NOT_REVIEWED,NOT_REVIEWED,NOT_REVIEWED,NOT_REVIEWED,NOT_REVIEWED,NOT_REVIEWED,,,,Recovered from the previous live manifest; download integrity verified only.,
arduino-nano,ble,candidates/arduino-nano__ble.jpg,a720b7f07f6a3e0ba857f671df916adbe46cbc8b27f8951eb9cc2ccea19cffc9,PENDING,NOT_REVIEWED,NOT_REVIEWED,NOT_REVIEWED,NOT_REVIEWED,NOT_REVIEWED,NOT_REVIEWED,NOT_REVIEWED,NOT_REVIEWED,NOT_REVIEWED,,,,Recovered from the previous live manifest; download integrity verified only.,
arduino-nano,buzzer,candidates/arduino-nano__buzzer.jpg,74b91120100fbc66cc8238fd84d2a9da947dbd7c529866317f3763e0ea10498c,PENDING,NOT_REVIEWED,NOT_REVIEWED,NOT_REVIEWED,NOT_REVIEWED,NOT_REVIEWED,NOT_REVIEWED,NOT_REVIEWED,NOT_REVIEWED,NOT_REVIEWED,,,,Recovered from the previous live manifest; download integrity verified only.,
arduino-nano,cpp,candidates/arduino-nano__cpp.jpg,323b514adba40629ab6835c605678d621e4bbd1c186bb1044b1bd20665515003,PENDING,NOT_REVIEWED,NOT_REVIEWED,NOT_REVIEWED,NOT_REVIEWED,NOT_REVIEWED,NOT_REVIEWED,NOT_REVIEWED,NOT_REVIEWED,NOT_REVIEWED,,,,Recovered from the previous live manifest; download integrity verified only.,
arduino-nano,current-sensor,candidates/arduino-nano__current-sensor.jpg,56d2bfd722b4f3caba88c4200754ab9845aa9eb5618bb1d077de260339b08be9,PENDING,NOT_REVIEWED,NOT_REVIEWED,NOT_REVIEWED,NOT_REVIEWED,NOT_REVIEWED,NOT_REVIEWED,NOT_REVIEWED,NOT_REVIEWED,NOT_REVIEWED,,,,Recovered from the previous live manifest; download integrity verified only.,
arduino-nano,dc-motor,candidates/arduino-nano__dc-motor.jpg,2d3b3621fc65c20e9f07260189c42de66a80d7ce596b6a2926848379fb0e9698,PENDING,NOT_REVIEWED,NOT_REVIEWED,NOT_REVIEWED,NOT_REVIEWED,NOT_REVIEWED,NOT_REVIEWED,NOT_REVIEWED,NOT_REVIEWED,NOT_REVIEWED,,,,Recovered from the previous live manifest; download integrity verified only.,
arduino-nano,ds18b20,candidates/arduino-nano__ds18b20.jpg,bcc52b09a8ead5f805f6fc417a4f84daa4d5f0a9eb6e219dd8d4272f3ff08c3f,PENDING,NOT_REVIEWED,NOT_REVIEWED,NOT_REVIEWED,NOT_REVIEWED,NOT_REVIEWED,NOT_REVIEWED,NOT_REVIEWED,NOT_REVIEWED,NOT_REVIEWED,,,,Recovered from the previous live manifest; download integrity verified only.,
arduino-nano,flame-sensor,candidates/arduino-nano__flame-sensor.jpg,24a68e94bea4d218a860186fcd348696f5943f305c17d42c9f9686c18afc04c1,PENDING,NOT_REVIEWED,NOT_REVIEWED,NOT_REVIEWED,NOT_REVIEWED,NOT_REVIEWED,NOT_REVIEWED,NOT_REVIEWED,NOT_REVIEWED,NOT_REVIEWED,,,,Recovered from the previous live manifest; download integrity verified only.,
arduino-nano,flow-sensor,candidates/arduino-nano__flow-sensor.jpg,b415e7671786c5cfda0c7aa96b3dc22d553b9408c364cf6dbc679361301c7f89,PENDING,NOT_REVIEWED,NOT_REVIEWED,NOT_REVIEWED,NOT_REVIEWED,NOT_REVIEWED,NOT_REVIEWED,NOT_REVIEWED,NOT_REVIEWED,NOT_REVIEWED,,,,Recovered from the previous live manifest; download integrity verified only.,
arduino-nano,gripper,candidates/arduino-nano__gripper.jpg,5a1c6e3871e5043ed5c8ed98ac958704d3f05bb05a51c0877d1e0f2cfbb4e9aa,PENDING,NOT_REVIEWED,NOT_REVIEWED,NOT_REVIEWED,NOT_REVIEWED,NOT_REVIEWED,NOT_REVIEWED,NOT_REVIEWED,NOT_REVIEWED,NOT_REVIEWED,,,,Recovered from the previous live manifest; download integrity verified only.,
arduino-nano,hc05,candidates/arduino-nano__hc05.jpg,198b23939e1615f6dc87418614c0db05c2e84305329fcb187e5104b05aa84afa,PENDING,NOT_REVIEWED,NOT_REVIEWED,NOT_REVIEWED,NOT_REVIEWED,NOT_REVIEWED,NOT_REVIEWED,NOT_REVIEWED,NOT_REVIEWED,NOT_REVIEWED,,,,Recovered from the previous live manifest; download integrity verified only.,
arduino-nano,hmc5883l,candidates/arduino-nano__hmc5883l.jpg,1443ddcfda9dc802eb9f90dc105bb7b834985460bef8a8207a334bc61649c197,PENDING,NOT_REVIEWED,NOT_REVIEWED,NOT_REVIEWED,NOT_REVIEWED,NOT_REVIEWED,NOT_REVIEWED,NOT_REVIEWED,NOT_REVIEWED,NOT_REVIEWED,,,,Recovered from the previous live manifest; download integrity verified only.,
arduino-nano,hmi,candidates/arduino-nano__hmi.jpg,f48744390d1a9d3df1a33dee77f02569239c6f52b1261d8454a3ee3e676801f2,PENDING,NOT_REVIEWED,NOT_REVIEWED,NOT_REVIEWED,NOT_REVIEWED,NOT_REVIEWED,NOT_REVIEWED,NOT_REVIEWED,NOT_REVIEWED,NOT_REVIEWED,,,,Recovered from the previous live manifest; download integrity verified only.,
arduino-nano,inductor,candidates/arduino-nano__inductor.jpg,7c96356781e4df32ab857f182f206d2a33b0d6dfbfc7a8af7887e65a076dfc8f,PENDING,NOT_REVIEWED,NOT_REVIEWED,NOT_REVIEWED,NOT_REVIEWED,NOT_REVIEWED,NOT_REVIEWED,NOT_REVIEWED,NOT_REVIEWED,NOT_REVIEWED,,,,Recovered from the previous live manifest; download integrity verified only.,
arduino-nano,ir-sensor,candidates/arduino-nano__ir-sensor.jpg,0636e037ee4d1a4aeea9dd227538fc87d2fcf047296f11c4fc83b88bf92b0197,PENDING,NOT_REVIEWED,NOT_REVIEWED,NOT_REVIEWED,NOT_REVIEWED,NOT_REVIEWED,NOT_REVIEWED,NOT_REVIEWED,NOT_REVIEWED,NOT_REVIEWED,,,,Recovered from the previous live manifest; download integrity verified only.,
arduino-nano,joystick,candidates/arduino-nano__joystick.jpg,ac89db54a243c544b02295e4091a4178186ea883db6cf7a101fe4ad79850229e,PENDING,NOT_REVIEWED,NOT_REVIEWED,NOT_REVIEWED,NOT_REVIEWED,NOT_REVIEWED,NOT_REVIEWED,NOT_REVIEWED,NOT_REVIEWED,NOT_REVIEWED,,,,Recovered from the previous live manifest; download integrity verified only.,
arduino-nano,keypad,candidates/arduino-nano__keypad.jpg,8ddefd587b91e62a4b3964c5a6ba42831603b4daacac30893838f07813b11459,PENDING,NOT_REVIEWED,NOT_REVIEWED,NOT_REVIEWED,NOT_REVIEWED,NOT_REVIEWED,NOT_REVIEWED,NOT_REVIEWED,NOT_REVIEWED,NOT_REVIEWED,,,,Recovered from the previous live manifest; download integrity verified only.,
arduino-nano,l293d,candidates/arduino-nano__l293d.jpg,ba9dd1ccf039a4fc75df983a90a1526d65cf63770590d4aabcbb2fb749da5ce7,PENDING,NOT_REVIEWED,NOT_REVIEWED,NOT_REVIEWED,NOT_REVIEWED,NOT_REVIEWED,NOT_REVIEWED,NOT_REVIEWED,NOT_REVIEWED,NOT_REVIEWED,,,,Recovered from the previous live manifest; download integrity verified only.,
arduino-nano,lcd1602,candidates/arduino-nano__lcd1602.jpg,2147387e7e933674530a7da077ec9ad49c0a021131a3c9c3a38993ed51edb0c2,PENDING,NOT_REVIEWED,NOT_REVIEWED,NOT_REVIEWED,NOT_REVIEWED,NOT_REVIEWED,NOT_REVIEWED,NOT_REVIEWED,NOT_REVIEWED,NOT_REVIEWED,,,,Recovered from the previous live manifest; download integrity verified only.,
arduino-nano,ldr,candidates/arduino-nano__ldr.jpg,dd2c6a36c16af0198bc9a087e7bf443c2e0e8030f1c54cc7d2cc151ee2e4f06e,PENDING,NOT_REVIEWED,NOT_REVIEWED,NOT_REVIEWED,NOT_REVIEWED,NOT_REVIEWED,NOT_REVIEWED,NOT_REVIEWED,NOT_REVIEWED,NOT_REVIEWED,,,,Recovered from the previous live manifest; download integrity verified only.,
arduino-nano,led-matrix,candidates/arduino-nano__led-matrix.jpg,0ee09931664817f8696ee9d4e8f36893ce94f3a0b3fbf8647c94ed4831ce81c0,PENDING,NOT_REVIEWED,NOT_REVIEWED,NOT_REVIEWED,NOT_REVIEWED,NOT_REVIEWED,NOT_REVIEWED,NOT_REVIEWED,NOT_REVIEWED,NOT_REVIEWED,,,,Recovered from the previous live manifest; download integrity verified only.,
arduino-nano,lidar-robot,candidates/arduino-nano__lidar-robot.jpg,24c56bb2d9c2439e72f7fea13c24b25d7c2b988727136e282c08f1f2a45176bf,PENDING,NOT_REVIEWED,NOT_REVIEWED,NOT_REVIEWED,NOT_REVIEWED,NOT_REVIEWED,NOT_REVIEWED,NOT_REVIEWED,NOT_REVIEWED,NOT_REVIEWED,,,,Recovered from the previous live manifest; download integrity verified only.,
arduino-nano,lidar-sensor,candidates/arduino-nano__lidar-sensor.jpg,d0b5ba764b87469073695b41593fdf1902171353b7a4d92b71b82b51c7a20188,PENDING,NOT_REVIEWED,NOT_REVIEWED,NOT_REVIEWED,NOT_REVIEWED,NOT_REVIEWED,NOT_REVIEWED,NOT_REVIEWED,NOT_REVIEWED,NOT_REVIEWED,,,,Recovered from the previous live manifest; download integrity verified only.,
arduino-nano,linear-actuator,candidates/arduino-nano__linear-actuator.jpg,405cbc69a291034972ad9bbd13f028e056f87505c1c687b7be30c9e9465d7a5e,PENDING,NOT_REVIEWED,NOT_REVIEWED,NOT_REVIEWED,NOT_REVIEWED,NOT_REVIEWED,NOT_REVIEWED,NOT_REVIEWED,NOT_REVIEWED,NOT_REVIEWED,,,,Recovered from the previous live manifest; download integrity verified only.,
arduino-nano,lm35,candidates/arduino-nano__lm35.jpg,eff0f54cfcef774c38a75bf79b9bd8f6438152658c2b805646d4c97a18a6c9e1,PENDING,NOT_REVIEWED,NOT_REVIEWED,NOT_REVIEWED,NOT_REVIEWED,NOT_REVIEWED,NOT_REVIEWED,NOT_REVIEWED,NOT_REVIEWED,NOT_REVIEWED,,,,Recovered from the previous live manifest; download integrity verified only.,
arduino-nano,load-cell,candidates/arduino-nano__load-cell.jpg,e6538367b680513b27e604282330e082d6f21943fcd12feb4b23f6cf14ef7809,PENDING,NOT_REVIEWED,NOT_REVIEWED,NOT_REVIEWED,NOT_REVIEWED,NOT_REVIEWED,NOT_REVIEWED,NOT_REVIEWED,NOT_REVIEWED,NOT_REVIEWED,,,,Recovered from the previous live manifest; download integrity verified only.,
arduino-nano,mpu6050,candidates/arduino-nano__mpu6050.jpg,a65bebf71ee7cb91929a7f94e8b2380281808f273c84627cce6df50d0b3cc38e,PENDING,NOT_REVIEWED,NOT_REVIEWED,NOT_REVIEWED,NOT_REVIEWED,NOT_REVIEWED,NOT_REVIEWED,NOT_REVIEWED,NOT_REVIEWED,NOT_REVIEWED,,,,Recovered from the previous live manifest; download integrity verified only.,
arduino-nano,mq2,candidates/arduino-nano__mq2.jpg,aa5a2c20ce147a3612d8948eca57d5af0e45023eabaa2d1ff0a5bb73cfcc4711,PENDING,NOT_REVIEWED,NOT_REVIEWED,NOT_REVIEWED,NOT_REVIEWED,NOT_REVIEWED,NOT_REVIEWED,NOT_REVIEWED,NOT_REVIEWED,NOT_REVIEWED,,,,Recovered from the previous live manifest; download integrity verified only.,
arduino-nano,mq7,candidates/arduino-nano__mq7.jpg,c7d4d33c3558eacb7aa7bcb5ac51b6b7332a44576c9a40264ba73931becef668,PENDING,NOT_REVIEWED,NOT_REVIEWED,NOT_REVIEWED,NOT_REVIEWED,NOT_REVIEWED,NOT_REVIEWED,NOT_REVIEWED,NOT_REVIEWED,NOT_REVIEWED,,,,Recovered from the previous live manifest; download integrity verified only.,
arduino-nano,oled,candidates/arduino-nano__oled.jpg,1a775e398ea763ffbb0c82ae5f9ed2a8e77bc9a8a71faa83ecb3865e38e6ced8,PENDING,NOT_REVIEWED,NOT_REVIEWED,NOT_REVIEWED,NOT_REVIEWED,NOT_REVIEWED,NOT_REVIEWED,NOT_REVIEWED,NOT_REVIEWED,NOT_REVIEWED,,,,Recovered from the previous live manifest; download integrity verified only.,
arduino-nano,ph-sensor,candidates/arduino-nano__ph-sensor.jpg,dbdff9f45bcbc79fc2c3fb5669077fbdb21c186b360508066b3a53e78afe2fe9,PENDING,NOT_REVIEWED,NOT_REVIEWED,NOT_REVIEWED,NOT_REVIEWED,NOT_REVIEWED,NOT_REVIEWED,NOT_REVIEWED,NOT_REVIEWED,NOT_REVIEWED,,,,Recovered from the previous live manifest; download integrity verified only.,
arduino-nano,pir,candidates/arduino-nano__pir.jpg,45d44eb7edfeb88cb362d1b05c63c52884f7a5e59028df757650be89dfa0e2c7,PENDING,NOT_REVIEWED,NOT_REVIEWED,NOT_REVIEWED,NOT_REVIEWED,NOT_REVIEWED,NOT_REVIEWED,NOT_REVIEWED,NOT_REVIEWED,NOT_REVIEWED,,,,Recovered from the previous live manifest; download integrity verified only.,
arduino-nano,plc,candidates/arduino-nano__plc.jpg,9c6ee85e770b2cb474abd22f04da867b2a9721c5c1b09d59f896d33c09658fbf,PENDING,NOT_REVIEWED,NOT_REVIEWED,NOT_REVIEWED,NOT_REVIEWED,NOT_REVIEWED,NOT_REVIEWED,NOT_REVIEWED,NOT_REVIEWED,NOT_REVIEWED,,,,Recovered from the previous live manifest; download integrity verified only.,
arduino-nano,proximity,candidates/arduino-nano__proximity.jpg,a5beb67c5c8ce0d81ea4d9f10a5bc9713e23b66153e449c40f6a9137215d6ce1,PENDING,NOT_REVIEWED,NOT_REVIEWED,NOT_REVIEWED,NOT_REVIEWED,NOT_REVIEWED,NOT_REVIEWED,NOT_REVIEWED,NOT_REVIEWED,NOT_REVIEWED,,,,Recovered from the previous live manifest; download integrity verified only.,
arduino-nano,push-button,candidates/arduino-nano__push-button.jpg,2d8fc3a8ea272eef994b77eae12768f72fc0f569dddd77eb023f6e8655d95648,PENDING,NOT_REVIEWED,NOT_REVIEWED,NOT_REVIEWED,NOT_REVIEWED,NOT_REVIEWED,NOT_REVIEWED,NOT_REVIEWED,NOT_REVIEWED,NOT_REVIEWED,,,,Recovered from the previous live manifest; download integrity verified only.,
arduino-nano,rain-sensor,candidates/arduino-nano__rain-sensor.jpg,8051ccc434d08d1f4f0a382c6d1dd8473d6230cf2719d36e298d03ba1bd073ec,PENDING,NOT_REVIEWED,NOT_REVIEWED,NOT_REVIEWED,NOT_REVIEWED,NOT_REVIEWED,NOT_REVIEWED,NOT_REVIEWED,NOT_REVIEWED,NOT_REVIEWED,,,,Recovered from the previous live manifest; download integrity verified only.,
arduino-nano,relay-module,candidates/arduino-nano__relay-module.jpg,b328fb9e373a3e130f894eeb192eaedc682cfd2a30cc37d93180c7b5d75bb887,PENDING,NOT_REVIEWED,NOT_REVIEWED,NOT_REVIEWED,NOT_REVIEWED,NOT_REVIEWED,NOT_REVIEWED,NOT_REVIEWED,NOT_REVIEWED,NOT_REVIEWED,,,,Recovered from the previous live manifest; download integrity verified only.,
arduino-nano,robot-arm,candidates/arduino-nano__robot-arm.jpg,e07e2d7d02d7c3ccda64c4ab46e89a560047c5270c68c871dc126461cf183461,PENDING,NOT_REVIEWED,NOT_REVIEWED,NOT_REVIEWED,NOT_REVIEWED,NOT_REVIEWED,NOT_REVIEWED,NOT_REVIEWED,NOT_REVIEWED,NOT_REVIEWED,,,,Recovered from the previous live manifest; download integrity verified only.,
arduino-nano,rotary-encoder,candidates/arduino-nano__rotary-encoder.jpg,0bab04f0f5581d27baf1a82b2c1b47fe2177e73a2987b4027d1ae2552c605b82,PENDING,NOT_REVIEWED,NOT_REVIEWED,NOT_REVIEWED,NOT_REVIEWED,NOT_REVIEWED,NOT_REVIEWED,NOT_REVIEWED,NOT_REVIEWED,NOT_REVIEWED,,,,Recovered from the previous live manifest; download integrity verified only.,
arduino-nano,rtc,candidates/arduino-nano__rtc.jpg,c7d3bc3115674ec11f165cf234847227ea691b579e2750945101eb22b04cdec2,PENDING,NOT_REVIEWED,NOT_REVIEWED,NOT_REVIEWED,NOT_REVIEWED,NOT_REVIEWED,NOT_REVIEWED,NOT_REVIEWED,NOT_REVIEWED,NOT_REVIEWED,,,,Recovered from the previous live manifest; download integrity verified only.,
arduino-nano,servo,candidates/arduino-nano__servo.jpg,bbead943ad737ff7369532a1f771a31b2dfd3c332fc2e409fa34ec63cef781f7,PENDING,NOT_REVIEWED,NOT_REVIEWED,NOT_REVIEWED,NOT_REVIEWED,NOT_REVIEWED,NOT_REVIEWED,NOT_REVIEWED,NOT_REVIEWED,NOT_REVIEWED,,,,Recovered from the previous live manifest; download integrity verified only.,
arduino-nano,seven-seg,candidates/arduino-nano__seven-seg.jpg,4280d8e447d15968b3879c3ab54d53daed275b596a77fc9d3ea23fb017ff68f7,PENDING,NOT_REVIEWED,NOT_REVIEWED,NOT_REVIEWED,NOT_REVIEWED,NOT_REVIEWED,NOT_REVIEWED,NOT_REVIEWED,NOT_REVIEWED,NOT_REVIEWED,,,,Recovered from the previous live manifest; download integrity verified only.,
arduino-nano,soil-moisture,candidates/arduino-nano__soil-moisture.jpg,fb9e7c7cf73fce5f9210a36358cc9841b9e7a16d74c85e472fdde3816bcd51d9,PENDING,NOT_REVIEWED,NOT_REVIEWED,NOT_REVIEWED,NOT_REVIEWED,NOT_REVIEWED,NOT_REVIEWED,NOT_REVIEWED,NOT_REVIEWED,NOT_REVIEWED,,,,Recovered from the previous live manifest; download integrity verified only.,
arduino-nano,tft,candidates/arduino-nano__tft.jpg,0fdd0b0c7ecc7aed6dc75c10b474b29bd2a7d13a1ed6303703b411f4776a3909,PENDING,NOT_REVIEWED,NOT_REVIEWED,NOT_REVIEWED,NOT_REVIEWED,NOT_REVIEWED,NOT_REVIEWED,NOT_REVIEWED,NOT_REVIEWED,NOT_REVIEWED,,,,Recovered from the previous live manifest; download integrity verified only.,
arduino-nano,voltage-sensor,candidates/arduino-nano__voltage-sensor.jpg,ae412056c7b33157b23bf16e64f08320184d839a63742259ec396abc2229d664,PENDING,NOT_REVIEWED,NOT_REVIEWED,NOT_REVIEWED,NOT_REVIEWED,NOT_REVIEWED,NOT_REVIEWED,NOT_REVIEWED,NOT_REVIEWED,NOT_REVIEWED,,,,Recovered from the previous live manifest; download integrity verified only.,
arduino-nano,water-pump,candidates/arduino-nano__water-pump.jpg,ccbb7fe2c0968c11adc1e75bcabe1bffa9c4709c9d4b7eda30e3a6ae2861c753,PENDING,NOT_REVIEWED,NOT_REVIEWED,NOT_REVIEWED,NOT_REVIEWED,NOT_REVIEWED,NOT_REVIEWED,NOT_REVIEWED,NOT_REVIEWED,NOT_REVIEWED,,,,Recovered from the previous live manifest; download integrity verified only.,
arduino-uno,bh1750,candidates/arduino-uno__bh1750.jpg,9599cf28b3fe2df756f0e8ad1447dc34f7ea3a911f5483d1ca8345a86dc21eee,PENDING,NOT_REVIEWED,NOT_REVIEWED,NOT_REVIEWED,NOT_REVIEWED,NOT_REVIEWED,NOT_REVIEWED,NOT_REVIEWED,NOT_REVIEWED,NOT_REVIEWED,,,,Recovered from the previous live manifest; download integrity verified only.,
arduino-uno,ble,candidates/arduino-uno__ble.jpg,a4864fe3241f3b4fc0b1b242fe5d2381c433a289c3d68ee2f04f76f1423e0aa0,PENDING,NOT_REVIEWED,NOT_REVIEWED,NOT_REVIEWED,NOT_REVIEWED,NOT_REVIEWED,NOT_REVIEWED,NOT_REVIEWED,NOT_REVIEWED,NOT_REVIEWED,,,,Recovered from the previous live manifest; download integrity verified only.,
arduino-uno,bmp280,candidates/arduino-uno__bmp280.jpg,33f7859a0c804a2b2c61beb3c47befcddd80204c9d01bff2bf2807c2023282c4,PENDING,NOT_REVIEWED,NOT_REVIEWED,NOT_REVIEWED,NOT_REVIEWED,NOT_REVIEWED,NOT_REVIEWED,NOT_REVIEWED,NOT_REVIEWED,NOT_REVIEWED,,,,Recovered from the previous live manifest; download integrity verified only.,
arduino-uno,boost,candidates/arduino-uno__boost.jpg,95abbff4aca9538093653104944bd8a14b37cc1bd055bd14b506d6afb144286c,PENDING,NOT_REVIEWED,NOT_REVIEWED,NOT_REVIEWED,NOT_REVIEWED,NOT_REVIEWED,NOT_REVIEWED,NOT_REVIEWED,NOT_REVIEWED,NOT_REVIEWED,,,,Recovered from the previous live manifest; download integrity verified only.,
arduino-uno,buzzer,candidates/arduino-uno__buzzer.jpg,23b3042ff6d696920484e8e2d58d2d868918255cfa65535e892af9a3f178a60b,PENDING,NOT_REVIEWED,NOT_REVIEWED,NOT_REVIEWED,NOT_REVIEWED,NOT_REVIEWED,NOT_REVIEWED,NOT_REVIEWED,NOT_REVIEWED,NOT_REVIEWED,,,,Recovered from the previous live manifest; download integrity verified only.,
arduino-uno,color-sensor,candidates/arduino-uno__color-sensor.jpg,509e1f0a99c8b0d46c5c2fc79c616bf997876a5393883074546014591ca1e441,PENDING,NOT_REVIEWED,NOT_REVIEWED,NOT_REVIEWED,NOT_REVIEWED,NOT_REVIEWED,NOT_REVIEWED,NOT_REVIEWED,NOT_REVIEWED,NOT_REVIEWED,,,,Recovered from the previous live manifest; download integrity verified only.,
arduino-uno,cpp,candidates/arduino-uno__cpp.jpg,6839f0f1f4b043e12c79470c722c1993c9afe69b791f0a1f018664370c873c77,PENDING,NOT_REVIEWED,NOT_REVIEWED,NOT_REVIEWED,NOT_REVIEWED,NOT_REVIEWED,NOT_REVIEWED,NOT_REVIEWED,NOT_REVIEWED,NOT_REVIEWED,,,,Recovered from the previous live manifest; download integrity verified only.,
arduino-uno,crystal,candidates/arduino-uno__crystal.jpg,e832bd12681606eeb853f7bef668235388d487e9231b73fdefa63f517af497b9,PENDING,NOT_REVIEWED,NOT_REVIEWED,NOT_REVIEWED,NOT_REVIEWED,NOT_REVIEWED,NOT_REVIEWED,NOT_REVIEWED,NOT_REVIEWED,NOT_REVIEWED,,,,Recovered from the previous live manifest; download integrity verified only.,
arduino-uno,dc-motor,candidates/arduino-uno__dc-motor.jpg,7c4c466c84bb355cc8ec697750b05fce88cb3f44ec1de3d67b60a2cdc7dc3d4e,PENDING,NOT_REVIEWED,NOT_REVIEWED,NOT_REVIEWED,NOT_REVIEWED,NOT_REVIEWED,NOT_REVIEWED,NOT_REVIEWED,NOT_REVIEWED,NOT_REVIEWED,,,,Recovered from the previous live manifest; download integrity verified only.,
arduino-uno,ds18b20,candidates/arduino-uno__ds18b20.jpg,4ba59b5e23c4ddfd69d3bdd44284b66fef9dc8c29c707178018ecac6896a2471,PENDING,NOT_REVIEWED,NOT_REVIEWED,NOT_REVIEWED,NOT_REVIEWED,NOT_REVIEWED,NOT_REVIEWED,NOT_REVIEWED,NOT_REVIEWED,NOT_REVIEWED,,,,Recovered from the previous live manifest; download integrity verified only.,
arduino-uno,ethernet-mod,candidates/arduino-uno__ethernet-mod.jpg,6b4d4da8b0056e4e778ed762597223e838033e5537bd7c8aeb03d52250be6e1a,PENDING,NOT_REVIEWED,NOT_REVIEWED,NOT_REVIEWED,NOT_REVIEWED,NOT_REVIEWED,NOT_REVIEWED,NOT_REVIEWED,NOT_REVIEWED,NOT_REVIEWED,,,,Recovered from the previous live manifest; download integrity verified only.,
arduino-uno,fingerprint-mod,candidates/arduino-uno__fingerprint-mod.jpg,230f1f30ce338379535ebeae3aa0ea315c690c34e0ced4b894c9064e1fcf5c07,PENDING,NOT_REVIEWED,NOT_REVIEWED,NOT_REVIEWED,NOT_REVIEWED,NOT_REVIEWED,NOT_REVIEWED,NOT_REVIEWED,NOT_REVIEWED,NOT_REVIEWED,,,,Recovered from the previous live manifest; download integrity verified only.,
arduino-uno,flame-sensor,candidates/arduino-uno__flame-sensor.jpg,24d84f91fd5933ba9591bd98a037c72ac7395f6001d526aefd577bab1016cd12,PENDING,NOT_REVIEWED,NOT_REVIEWED,NOT_REVIEWED,NOT_REVIEWED,NOT_REVIEWED,NOT_REVIEWED,NOT_REVIEWED,NOT_REVIEWED,NOT_REVIEWED,,,,Recovered from the previous live manifest; download integrity verified only.,
arduino-uno,flow-sensor,candidates/arduino-uno__flow-sensor.jpg,e1c9d997db03e2c04b20be40162179a0a6816bde7d39a4c12dda607d0ae2a988,PENDING,NOT_REVIEWED,NOT_REVIEWED,NOT_REVIEWED,NOT_REVIEWED,NOT_REVIEWED,NOT_REVIEWED,NOT_REVIEWED,NOT_REVIEWED,NOT_REVIEWED,,,,Recovered from the previous live manifest; download integrity verified only.,
arduino-uno,gps-neo6,candidates/arduino-uno__gps-neo6.jpg,bbec8e5676ef42c63454eed07f1a5ebd1794ab1f60b7ac7dfd3087661aaaa4c7,PENDING,NOT_REVIEWED,NOT_REVIEWED,NOT_REVIEWED,NOT_REVIEWED,NOT_REVIEWED,NOT_REVIEWED,NOT_REVIEWED,NOT_REVIEWED,NOT_REVIEWED,,,,Recovered from the previous live manifest; download integrity verified only.,
arduino-uno,gripper,candidates/arduino-uno__gripper.jpg,fb1b2091dd42d2f2d69aa09e784cc0460cedc721af03507b4f0cfe2eb3f4ac47,PENDING,NOT_REVIEWED,NOT_REVIEWED,NOT_REVIEWED,NOT_REVIEWED,NOT_REVIEWED,NOT_REVIEWED,NOT_REVIEWED,NOT_REVIEWED,NOT_REVIEWED,,,,Recovered from the previous live manifest; download integrity verified only.,
arduino-uno,heart-rate,candidates/arduino-uno__heart-rate.jpg,ea2c510990332e75d0f225f33013c6d876b5b095df77c11af4a81a6bc34043f8,PENDING,NOT_REVIEWED,NOT_REVIEWED,NOT_REVIEWED,NOT_REVIEWED,NOT_REVIEWED,NOT_REVIEWED,NOT_REVIEWED,NOT_REVIEWED,NOT_REVIEWED,,,,Recovered from the previous live manifest; download integrity verified only.,
arduino-uno,hmc5883l,candidates/arduino-uno__hmc5883l.jpg,0b498b5b26dc3cf51a729891402dd5844e96f739000f9aa3669e9699d2889c9f,PENDING,NOT_REVIEWED,NOT_REVIEWED,NOT_REVIEWED,NOT_REVIEWED,NOT_REVIEWED,NOT_REVIEWED,NOT_REVIEWED,NOT_REVIEWED,NOT_REVIEWED,,,,Recovered from the previous live manifest; download integrity verified only.,
arduino-uno,hmi,candidates/arduino-uno__hmi.jpg,d2c73d21e07dc13af0cac6c91e1386a94328a9125018a89ac1f6650dd7f29f3a,PENDING,NOT_REVIEWED,NOT_REVIEWED,NOT_REVIEWED,NOT_REVIEWED,NOT_REVIEWED,NOT_REVIEWED,NOT_REVIEWED,NOT_REVIEWED,NOT_REVIEWED,,,,Recovered from the previous live manifest; download integrity verified only.,
arduino-uno,ir-flame-array,candidates/arduino-uno__ir-flame-array.jpg,20b039477bad7fdc485f9b09f35fe9579f7ab699cbf14edbb1c21a425827f052,PENDING,NOT_REVIEWED,NOT_REVIEWED,NOT_REVIEWED,NOT_REVIEWED,NOT_REVIEWED,NOT_REVIEWED,NOT_REVIEWED,NOT_REVIEWED,NOT_REVIEWED,,,,Recovered from the previous live manifest; download integrity verified only.,
arduino-uno,joystick,candidates/arduino-uno__joystick.jpg,78a07c6f93fbd99b1bce164370e03ff4c83acfe735dc92826254bd458db78a68,PENDING,NOT_REVIEWED,NOT_REVIEWED,NOT_REVIEWED,NOT_REVIEWED,NOT_REVIEWED,NOT_REVIEWED,NOT_REVIEWED,NOT_REVIEWED,NOT_REVIEWED,,,,Recovered from the previous live manifest; download integrity verified only.,
arduino-uno,keypad,candidates/arduino-uno__keypad.jpg,00cd5b417fb92464526022059f9bcc69c0a0cb7e5a4ef243d6bf4183641e1989,PENDING,NOT_REVIEWED,NOT_REVIEWED,NOT_REVIEWED,NOT_REVIEWED,NOT_REVIEWED,NOT_REVIEWED,NOT_REVIEWED,NOT_REVIEWED,NOT_REVIEWED,,,,Recovered from the previous live manifest; download integrity verified only.,
arduino-uno,l298n,candidates/arduino-uno__l298n.jpg,489fac9a976e215715dbee380198ac7a7288a088ce9288f0b52b249c93c3e70b,PENDING,NOT_REVIEWED,NOT_REVIEWED,NOT_REVIEWED,NOT_REVIEWED,NOT_REVIEWED,NOT_REVIEWED,NOT_REVIEWED,NOT_REVIEWED,NOT_REVIEWED,,,,Recovered from the previous live manifest; download integrity verified only.,
arduino-uno,lcd1602,candidates/arduino-uno__lcd1602.jpg,de3e72228fb544e4bf1f6386b22aa5f29bc17447005d76f7627654774b7d302e,PENDING,NOT_REVIEWED,NOT_REVIEWED,NOT_REVIEWED,NOT_REVIEWED,NOT_REVIEWED,NOT_REVIEWED,NOT_REVIEWED,NOT_REVIEWED,NOT_REVIEWED,,,,Recovered from the previous live manifest; download integrity verified only.,
arduino-uno,ldr,candidates/arduino-uno__ldr.jpg,58d3cac4f0a0b9f0ddb3d15921cf8d1b26837af93e70e3193e21998bb0f60b5f,REJECTED,NOT_REVIEWED,NO,NO,NO,NO,NO,NO,NO,NOT_REVIEWED,,Agent visual audit (not human electrical sign-off),2026-10-03,Recovered from the previous live manifest; download integrity verified only.,"The image shows a four-pin LDR module, while the catalogued part is a bare LDR. It wires A0/A1 to ambiguous A/B pads and leaves the module header pins open; there is no valid supply/ground/divider path. Reject as misleading and electrically incomplete."
arduino-uno,led,candidates/arduino-uno__led.jpg,60ecf5fdcb80a14f289c306e0522e7cada2c3b6e26ded2d1ffe63407aff53157,PENDING,NOT_REVIEWED,NOT_REVIEWED,NOT_REVIEWED,NOT_REVIEWED,NOT_REVIEWED,NOT_REVIEWED,NOT_REVIEWED,NOT_REVIEWED,NOT_REVIEWED,,,,Recovered from the previous live manifest; download integrity verified only.,
arduino-uno,led-matrix,candidates/arduino-uno__led-matrix.jpg,c9dcbd0185bd5cbfba812ee4da51eb99c2fe2b8e33e7f43bfb3249ad37aeba47,PENDING,NOT_REVIEWED,NOT_REVIEWED,NOT_REVIEWED,NOT_REVIEWED,NOT_REVIEWED,NOT_REVIEWED,NOT_REVIEWED,NOT_REVIEWED,NOT_REVIEWED,,,,Recovered from the previous live manifest; download integrity verified only.,
arduino-uno,lidar-robot,candidates/arduino-uno__lidar-robot.jpg,84582389d587641a38914086768b76b37f6dd9267b0f498ca370d63065534108,PENDING,NOT_REVIEWED,NOT_REVIEWED,NOT_REVIEWED,NOT_REVIEWED,NOT_REVIEWED,NOT_REVIEWED,NOT_REVIEWED,NOT_REVIEWED,NOT_REVIEWED,,,,Recovered from the previous live manifest; download integrity verified only.,
arduino-uno,lidar-sensor,candidates/arduino-uno__lidar-sensor.jpg,1cf19a361dec5eada4cb99971240c184cf60a4a9d92c2c486a059c801dcf8db5,PENDING,NOT_REVIEWED,NOT_REVIEWED,NOT_REVIEWED,NOT_REVIEWED,NOT_REVIEWED,NOT_REVIEWED,NOT_REVIEWED,NOT_REVIEWED,NOT_REVIEWED,,,,Recovered from the previous live manifest; download integrity verified only.,
arduino-uno,linear-actuator,candidates/arduino-uno__linear-actuator.jpg,6088bf3a54818ac8fa5421c2e5ee0802b1cb5c2fe09d6f507f0f6d058fde47a2,PENDING,NOT_REVIEWED,NOT_REVIEWED,NOT_REVIEWED,NOT_REVIEWED,NOT_REVIEWED,NOT_REVIEWED,NOT_REVIEWED,NOT_REVIEWED,NOT_REVIEWED,,,,Recovered from the previous live manifest; download integrity verified only.,
arduino-uno,lipo,candidates/arduino-uno__lipo.jpg,6f3a65dfa13f84370e736c4bee55f6659ea910a2181435950112a5de8d8b4dfc,PENDING,NOT_REVIEWED,NOT_REVIEWED,NOT_REVIEWED,NOT_REVIEWED,NOT_REVIEWED,NOT_REVIEWED,NOT_REVIEWED,NOT_REVIEWED,NOT_REVIEWED,,,,Recovered from the previous live manifest; download integrity verified only.,
arduino-uno,lm35,candidates/arduino-uno__lm35.jpg,7a8c800090025b44c970e0fde002bc1667ef856add8923751c1f2077beb0fbdf,PENDING,NOT_REVIEWED,NOT_REVIEWED,NOT_REVIEWED,NOT_REVIEWED,NOT_REVIEWED,NOT_REVIEWED,NOT_REVIEWED,NOT_REVIEWED,NOT_REVIEWED,,,,Recovered from the previous live manifest; download integrity verified only.,
arduino-uno,lora,candidates/arduino-uno__lora.jpg,1f71cc10e50675b48c45f768b08ee788abb276ea2d7f8f0bc26ffced958352e8,PENDING,NOT_REVIEWED,NOT_REVIEWED,NOT_REVIEWED,NOT_REVIEWED,NOT_REVIEWED,NOT_REVIEWED,NOT_REVIEWED,NOT_REVIEWED,NOT_REVIEWED,,,,Recovered from the previous live manifest; download integrity verified only.,
arduino-uno,mpu6050,candidates/arduino-uno__mpu6050.jpg,4ded2dd98db64dd6d9112e66ae4ce90a4e690875f70dbc0f4f26d0bc21ebfdb4,PENDING,NOT_REVIEWED,NOT_REVIEWED,NOT_REVIEWED,NOT_REVIEWED,NOT_REVIEWED,NOT_REVIEWED,NOT_REVIEWED,NOT_REVIEWED,NOT_REVIEWED,,,,Recovered from the previous live manifest; download integrity verified only.,
arduino-uno,mq135,candidates/arduino-uno__mq135.jpg,c8e1ea8e1a6c9822af2ca8f49e5a098bafbe904669028efd9fe242a1c739b70a,PENDING,NOT_REVIEWED,NOT_REVIEWED,NOT_REVIEWED,NOT_REVIEWED,NOT_REVIEWED,NOT_REVIEWED,NOT_REVIEWED,NOT_REVIEWED,NOT_REVIEWED,,,,Recovered from the previous live manifest; download integrity verified only.,
arduino-uno,mq2,candidates/arduino-uno__mq2.jpg,dbf1db009b456d986062dd78e3a2a994d1b9b581bb4b5d2141696d2e029d532e,PENDING,NOT_REVIEWED,NOT_REVIEWED,NOT_REVIEWED,NOT_REVIEWED,NOT_REVIEWED,NOT_REVIEWED,NOT_REVIEWED,NOT_REVIEWED,NOT_REVIEWED,,,,Recovered from the previous live manifest; download integrity verified only.,
arduino-uno,mq7,candidates/arduino-uno__mq7.jpg,d8d97c4ade0e1e7bec5c179d177110ff6f370a7be8bc53d6509b43900974ce50,PENDING,NOT_REVIEWED,NOT_REVIEWED,NOT_REVIEWED,NOT_REVIEWED,NOT_REVIEWED,NOT_REVIEWED,NOT_REVIEWED,NOT_REVIEWED,NOT_REVIEWED,,,,Recovered from the previous live manifest; download integrity verified only.,
arduino-uno,ph-sensor,candidates/arduino-uno__ph-sensor.jpg,886bcdd93558add2316c5ff65bfac9f629edbfd168f4fd1798491872aeb045e1,PENDING,NOT_REVIEWED,NOT_REVIEWED,NOT_REVIEWED,NOT_REVIEWED,NOT_REVIEWED,NOT_REVIEWED,NOT_REVIEWED,NOT_REVIEWED,NOT_REVIEWED,,,,Recovered from the previous live manifest; download integrity verified only.,
arduino-uno,plc,candidates/arduino-uno__plc.jpg,63750cac0a4d0af0ab2573536554dbc5cb5d70ff553eb5dd1aeba6db2e3be787,PENDING,NOT_REVIEWED,NOT_REVIEWED,NOT_REVIEWED,NOT_REVIEWED,NOT_REVIEWED,NOT_REVIEWED,NOT_REVIEWED,NOT_REVIEWED,NOT_REVIEWED,,,,Recovered from the previous live manifest; download integrity verified only.,
arduino-uno,potentiometer,candidates/arduino-uno__potentiometer.jpg,c39843dca7899ea409401d37139752f3122e983636b3a9ef032d0caf9aab6334,PENDING,NOT_REVIEWED,NOT_REVIEWED,NOT_REVIEWED,NOT_REVIEWED,NOT_REVIEWED,NOT_REVIEWED,NOT_REVIEWED,NOT_REVIEWED,NOT_REVIEWED,,,,Recovered from the previous live manifest; download integrity verified only.,
arduino-uno,proximity,candidates/arduino-uno__proximity.jpg,b9fa3779636de721bbd4470f568d45c55eed1b81f80c927328890ef29763b855,PENDING,NOT_REVIEWED,NOT_REVIEWED,NOT_REVIEWED,NOT_REVIEWED,NOT_REVIEWED,NOT_REVIEWED,NOT_REVIEWED,NOT_REVIEWED,NOT_REVIEWED,,,,Recovered from the previous live manifest; download integrity verified only.,
arduino-uno,push-button,candidates/arduino-uno__push-button.jpg,de69b9561776162ca4db675368dfcf51df961770e15639705f8e8100c511426b,PENDING,NOT_REVIEWED,NOT_REVIEWED,NOT_REVIEWED,NOT_REVIEWED,NOT_REVIEWED,NOT_REVIEWED,NOT_REVIEWED,NOT_REVIEWED,NOT_REVIEWED,,,,Recovered from the previous live manifest; download integrity verified only.,
arduino-uno,rain-sensor,candidates/arduino-uno__rain-sensor.jpg,f90c9efd3664cf27b240542e087c780f909c4714a1886e183e87b704387980f3,PENDING,NOT_REVIEWED,NOT_REVIEWED,NOT_REVIEWED,NOT_REVIEWED,NOT_REVIEWED,NOT_REVIEWED,NOT_REVIEWED,NOT_REVIEWED,NOT_REVIEWED,,,,Recovered from the previous live manifest; download integrity verified only.,
arduino-uno,relay-module,candidates/arduino-uno__relay-module.jpg,0eae702ffc1c379c60e0505439f31a3fd46208b31d279177c573fc63a4558a82,PENDING,NOT_REVIEWED,NOT_REVIEWED,NOT_REVIEWED,NOT_REVIEWED,NOT_REVIEWED,NOT_REVIEWED,NOT_REVIEWED,NOT_REVIEWED,NOT_REVIEWED,,,,Recovered from the previous live manifest; download integrity verified only.,
arduino-uno,resistor,candidates/arduino-uno__resistor.jpg,bcdbc91fc0713200d165d327839fce40d70f53f755652f462838e4af3216a589,PENDING,NOT_REVIEWED,NOT_REVIEWED,NOT_REVIEWED,NOT_REVIEWED,NOT_REVIEWED,NOT_REVIEWED,NOT_REVIEWED,NOT_REVIEWED,NOT_REVIEWED,,,,Recovered from the previous live manifest; download integrity verified only.,
arduino-uno,rfid-rc522,candidates/arduino-uno__rfid-rc522.jpg,7f621835e9be561fb3b17c69cba5290dc8a5b6d36c4d0a018b27f5f23347fd71,PENDING,NOT_REVIEWED,NOT_REVIEWED,NOT_REVIEWED,NOT_REVIEWED,NOT_REVIEWED,NOT_REVIEWED,NOT_REVIEWED,NOT_REVIEWED,NOT_REVIEWED,,,,Recovered from the previous live manifest; download integrity verified only.,
arduino-uno,robot-arm,candidates/arduino-uno__robot-arm.jpg,b6f0545edee8099ce6bbe7c56fba9c5bac19079ea3a95c265cc6ddd13c059d04,PENDING,NOT_REVIEWED,NOT_REVIEWED,NOT_REVIEWED,NOT_REVIEWED,NOT_REVIEWED,NOT_REVIEWED,NOT_REVIEWED,NOT_REVIEWED,NOT_REVIEWED,,,,Recovered from the previous live manifest; download integrity verified only.,
arduino-uno,rotary-encoder,candidates/arduino-uno__rotary-encoder.jpg,938bcfbc4ab8842f3fe2b41fb38292829b1fe5edd7815298be8601027e280d7a,PENDING,NOT_REVIEWED,NOT_REVIEWED,NOT_REVIEWED,NOT_REVIEWED,NOT_REVIEWED,NOT_REVIEWED,NOT_REVIEWED,NOT_REVIEWED,NOT_REVIEWED,,,,Recovered from the previous live manifest; download integrity verified only.,
arduino-uno,sd-module,candidates/arduino-uno__sd-module.jpg,c719730017b481958c80be33843540613a4a27b1cefee3cccd25abed60941acb,PENDING,NOT_REVIEWED,NOT_REVIEWED,NOT_REVIEWED,NOT_REVIEWED,NOT_REVIEWED,NOT_REVIEWED,NOT_REVIEWED,NOT_REVIEWED,NOT_REVIEWED,,,,Recovered from the previous live manifest; download integrity verified only.,
arduino-uno,servo-continuous,candidates/arduino-uno__servo-continuous.jpg,32fb97dae59fea49b5bed4c541448a9b30e7768c3995c1a15b925982a5903506,PENDING,NOT_REVIEWED,NOT_REVIEWED,NOT_REVIEWED,NOT_REVIEWED,NOT_REVIEWED,NOT_REVIEWED,NOT_REVIEWED,NOT_REVIEWED,NOT_REVIEWED,,,,Recovered from the previous live manifest; download integrity verified only.,
arduino-uno,seven-seg,candidates/arduino-uno__seven-seg.jpg,444f09c86e890777d7cb17c8bec2f53a13d48d26797a0a24dc1e06b39dece923,PENDING,NOT_REVIEWED,NOT_REVIEWED,NOT_REVIEWED,NOT_REVIEWED,NOT_REVIEWED,NOT_REVIEWED,NOT_REVIEWED,NOT_REVIEWED,NOT_REVIEWED,,,,Recovered from the previous live manifest; download integrity verified only.,
arduino-uno,sim900,candidates/arduino-uno__sim900.jpg,909f206aefc6576adbb3e6dfe79014dc7e07c08a5bdb99ed2fad5ba4b84a2bb6,PENDING,NOT_REVIEWED,NOT_REVIEWED,NOT_REVIEWED,NOT_REVIEWED,NOT_REVIEWED,NOT_REVIEWED,NOT_REVIEWED,NOT_REVIEWED,NOT_REVIEWED,,,,Recovered from the previous live manifest; download integrity verified only.,
arduino-uno,soil-moisture,candidates/arduino-uno__soil-moisture.jpg,b9c1e75afe193b20df63db17652fda509d9e1e23cf319cde78c271250db0945e,PENDING,NOT_REVIEWED,NOT_REVIEWED,NOT_REVIEWED,NOT_REVIEWED,NOT_REVIEWED,NOT_REVIEWED,NOT_REVIEWED,NOT_REVIEWED,NOT_REVIEWED,,,,Recovered from the previous live manifest; download integrity verified only.,
arduino-uno,solar-panel,candidates/arduino-uno__solar-panel.jpg,2b6e636b13c938508112e92c778b0962a76ba12aded5e003495976940174cae0,PENDING,NOT_REVIEWED,NOT_REVIEWED,NOT_REVIEWED,NOT_REVIEWED,NOT_REVIEWED,NOT_REVIEWED,NOT_REVIEWED,NOT_REVIEWED,NOT_REVIEWED,,,,Recovered from the previous live manifest; download integrity verified only.,
arduino-uno,speaker,candidates/arduino-uno__speaker.jpg,0636bf633158ab5fc8b7603120eaedbecb29d443c3c719f6c35e88686ecf1053,PENDING,NOT_REVIEWED,NOT_REVIEWED,NOT_REVIEWED,NOT_REVIEWED,NOT_REVIEWED,NOT_REVIEWED,NOT_REVIEWED,NOT_REVIEWED,NOT_REVIEWED,,,,Recovered from the previous live manifest; download integrity verified only.,
arduino-uno,tft,candidates/arduino-uno__tft.jpg,86e966790fd8ff19d3dda98709d23c1e129ba11528b477a178658d8691783b79,PENDING,NOT_REVIEWED,NOT_REVIEWED,NOT_REVIEWED,NOT_REVIEWED,NOT_REVIEWED,NOT_REVIEWED,NOT_REVIEWED,NOT_REVIEWED,NOT_REVIEWED,,,,Recovered from the previous live manifest; download integrity verified only.,
arduino-uno,ups-module,candidates/arduino-uno__ups-module.jpg,af697c28c5b271143417b3515f96a7b6ccc09d120e27d701248506959d0eca2d,PENDING,NOT_REVIEWED,NOT_REVIEWED,NOT_REVIEWED,NOT_REVIEWED,NOT_REVIEWED,NOT_REVIEWED,NOT_REVIEWED,NOT_REVIEWED,NOT_REVIEWED,,,,Recovered from the previous live manifest; download integrity verified only.,
arduino-uno,voltage-sensor,candidates/arduino-uno__voltage-sensor.jpg,57447fe9b4bd5c1868ab3811884aae7e076a5c0014599868624b7636ebd6a529,PENDING,NOT_REVIEWED,NOT_REVIEWED,NOT_REVIEWED,NOT_REVIEWED,NOT_REVIEWED,NOT_REVIEWED,NOT_REVIEWED,NOT_REVIEWED,NOT_REVIEWED,,,,Recovered from the previous live manifest; download integrity verified only.,
arduino-uno,water-pump,candidates/arduino-uno__water-pump.jpg,9c44f52775f4be57aed77dc3352f1aa8f1f421eaf0e0242eba8038992745e280,PENDING,NOT_REVIEWED,NOT_REVIEWED,NOT_REVIEWED,NOT_REVIEWED,NOT_REVIEWED,NOT_REVIEWED,NOT_REVIEWED,NOT_REVIEWED,NOT_REVIEWED,,,,Recovered from the previous live manifest; download integrity verified only.,
esp32,a4988,candidates/esp32__a4988.jpg,f8cedaa1ddc7a8a7bf8c7f9e3edac978c180d4a8b39b4ca9190a8832ba4be1b2,PENDING,NOT_REVIEWED,NOT_REVIEWED,NOT_REVIEWED,NOT_REVIEWED,NOT_REVIEWED,NOT_REVIEWED,NOT_REVIEWED,NOT_REVIEWED,NOT_REVIEWED,,,,Recovered from the previous live manifest; download integrity verified only.,
esp32,bh1750,candidates/esp32__bh1750.jpg,e154e4707c23e8af475b4c24606701086bbf0e8e98b380f193bbf65f86f80e94,PENDING,NOT_REVIEWED,NOT_REVIEWED,NOT_REVIEWED,NOT_REVIEWED,NOT_REVIEWED,NOT_REVIEWED,NOT_REVIEWED,NOT_REVIEWED,NOT_REVIEWED,,,,Recovered from the previous live manifest; download integrity verified only.,
esp32,ble,candidates/esp32__ble.jpg,8a4601ed285fd42a86090206cd6dbdb49312fb9874c81c5be4d137944e69fabb,PENDING,NOT_REVIEWED,NOT_REVIEWED,NOT_REVIEWED,NOT_REVIEWED,NOT_REVIEWED,NOT_REVIEWED,NOT_REVIEWED,NOT_REVIEWED,NOT_REVIEWED,,,,Recovered from the previous live manifest; download integrity verified only.,
esp32,bmp280,candidates/esp32__bmp280.jpg,3725ddfb7ef96d90233c0bafc4dfa47f018cd2daede8605cf0b6d9b0da643ea9,PENDING,NOT_REVIEWED,NOT_REVIEWED,NOT_REVIEWED,NOT_REVIEWED,NOT_REVIEWED,NOT_REVIEWED,NOT_REVIEWED,NOT_REVIEWED,NOT_REVIEWED,,,,Recovered from the previous live manifest; download integrity verified only.,
esp32,boost,candidates/esp32__boost.jpg,0772fb0a009a9dcc1f49df3ca01b02ea9d90595eacf122ca948ef006e7e13305,PENDING,NOT_REVIEWED,NOT_REVIEWED,NOT_REVIEWED,NOT_REVIEWED,NOT_REVIEWED,NOT_REVIEWED,NOT_REVIEWED,NOT_REVIEWED,NOT_REVIEWED,,,,Recovered from the previous live manifest; download integrity verified only.,
esp32,buzzer,candidates/esp32__buzzer.jpg,43ca07aaebff92dbfc61a17482616ef6a5e0ab60b3630f7bb92c31bf6ba4b263,PENDING,NOT_REVIEWED,NOT_REVIEWED,NOT_REVIEWED,NOT_REVIEWED,NOT_REVIEWED,NOT_REVIEWED,NOT_REVIEWED,NOT_REVIEWED,NOT_REVIEWED,,,,Recovered from the previous live manifest; download integrity verified only.,
esp32,current-sensor,candidates/esp32__current-sensor.jpg,f013c8fb11b2f33c2cde4be538968d03960a7c0414f383bb71b7b2bf57f483e1,PENDING,NOT_REVIEWED,NOT_REVIEWED,NOT_REVIEWED,NOT_REVIEWED,NOT_REVIEWED,NOT_REVIEWED,NOT_REVIEWED,NOT_REVIEWED,NOT_REVIEWED,,,,Recovered from the previous live manifest; download integrity verified only.,
esp32,dht11,candidates/esp32__dht11.jpg,18b14f77813e297c1a97361359d38efba75ac0009acfb20c943161aca0e760b4,PENDING,NOT_REVIEWED,NOT_REVIEWED,NOT_REVIEWED,NOT_REVIEWED,NOT_REVIEWED,NOT_REVIEWED,NOT_REVIEWED,NOT_REVIEWED,NOT_REVIEWED,,,,Recovered from the previous live manifest; download integrity verified only.,
esp32,diode,candidates/esp32__diode.jpg,3a768c2ce6c793edc7d5ce1e301ebdcd67a37c984269924ecc1f885cf2dccb16,PENDING,NOT_REVIEWED,NOT_REVIEWED,NOT_REVIEWED,NOT_REVIEWED,NOT_REVIEWED,NOT_REVIEWED,NOT_REVIEWED,NOT_REVIEWED,NOT_REVIEWED,,,,Recovered from the previous live manifest; download integrity verified only.,
esp32,ds18b20,candidates/esp32__ds18b20.jpg,e925d28b29940bfb82e132bd81d3deee5f08210302b5e6c91a3bad434bab8124,PENDING,NOT_REVIEWED,NOT_REVIEWED,NOT_REVIEWED,NOT_REVIEWED,NOT_REVIEWED,NOT_REVIEWED,NOT_REVIEWED,NOT_REVIEWED,NOT_REVIEWED,,,,Recovered from the previous live manifest; download integrity verified only.,
esp32,epaper,candidates/esp32__epaper.jpg,ce90ec8785e62812076b6f21a9b9fd09e7ecdabdb4b9b632d1a10498b6c65bb6,PENDING,NOT_REVIEWED,NOT_REVIEWED,NOT_REVIEWED,NOT_REVIEWED,NOT_REVIEWED,NOT_REVIEWED,NOT_REVIEWED,NOT_REVIEWED,NOT_REVIEWED,,,,Recovered from the previous live manifest; download integrity verified only.,
esp32,ethernet-mod,candidates/esp32__ethernet-mod.jpg,eb5685fa7dd3c9e328bdf280497d48fd2857fcdb3c8834868c1872e40a066da3,PENDING,NOT_REVIEWED,NOT_REVIEWED,NOT_REVIEWED,NOT_REVIEWED,NOT_REVIEWED,NOT_REVIEWED,NOT_REVIEWED,NOT_REVIEWED,NOT_REVIEWED,,,,Recovered from the previous live manifest; download integrity verified only.,
esp32,gps-neo6,candidates/esp32__gps-neo6.jpg,b4e7c987fd6525db9521c0b2cf22d36888ce6695874af2ba8ba20965fbe27bfc,PENDING,NOT_REVIEWED,NOT_REVIEWED,NOT_REVIEWED,NOT_REVIEWED,NOT_REVIEWED,NOT_REVIEWED,NOT_REVIEWED,NOT_REVIEWED,NOT_REVIEWED,,,,Recovered from the previous live manifest; download integrity verified only.,
esp32,hmc5883l,candidates/esp32__hmc5883l.jpg,a320dff350f4b0954ad06b856fddfbe74da1ae810dd1f5c2722ec3efc1578fe1,PENDING,NOT_REVIEWED,NOT_REVIEWED,NOT_REVIEWED,NOT_REVIEWED,NOT_REVIEWED,NOT_REVIEWED,NOT_REVIEWED,NOT_REVIEWED,NOT_REVIEWED,,,,Recovered from the previous live manifest; download integrity verified only.,
esp32,ir-sensor,candidates/esp32__ir-sensor.jpg,b4011397ba72bf96ebd54c172cb06fad954b38d014b76e58e1b645c0f9d8b128,PENDING,NOT_REVIEWED,NOT_REVIEWED,NOT_REVIEWED,NOT_REVIEWED,NOT_REVIEWED,NOT_REVIEWED,NOT_REVIEWED,NOT_REVIEWED,NOT_REVIEWED,,,,Recovered from the previous live manifest; download integrity verified only.,
esp32,l293d,candidates/esp32__l293d.jpg,11cdc4248dea66d0d0c4e68e14836cc608281647551cb80fdf845b58f3fbf68e,PENDING,NOT_REVIEWED,NOT_REVIEWED,NOT_REVIEWED,NOT_REVIEWED,NOT_REVIEWED,NOT_REVIEWED,NOT_REVIEWED,NOT_REVIEWED,NOT_REVIEWED,,,,Recovered from the previous live manifest; download integrity verified only.,
esp32,lcd1602,candidates/esp32__lcd1602.jpg,fb4bacdeb82e5054860a543db0a1e340bb9101251ed8bff1ed5c692221639b29,PENDING,NOT_REVIEWED,NOT_REVIEWED,NOT_REVIEWED,NOT_REVIEWED,NOT_REVIEWED,NOT_REVIEWED,NOT_REVIEWED,NOT_REVIEWED,NOT_REVIEWED,,,,Recovered from the previous live manifest; download integrity verified only.,
esp32,ldr,candidates/esp32__ldr.jpg,1e67523e3f9523340e3742b762c052bb33eefb0a462ab7c89a59cb83cf2a3b86,PENDING,NOT_REVIEWED,NOT_REVIEWED,NOT_REVIEWED,NOT_REVIEWED,NOT_REVIEWED,NOT_REVIEWED,NOT_REVIEWED,NOT_REVIEWED,NOT_REVIEWED,,,,Recovered from the previous live manifest; download integrity verified only.,
esp32,led-matrix,candidates/esp32__led-matrix.jpg,d2e2ea1df4ae38176782c9e014ad2129974f8b2467796f066db5b07cf527d80d,PENDING,NOT_REVIEWED,NOT_REVIEWED,NOT_REVIEWED,NOT_REVIEWED,NOT_REVIEWED,NOT_REVIEWED,NOT_REVIEWED,NOT_REVIEWED,NOT_REVIEWED,,,,Recovered from the previous live manifest; download integrity verified only.,
esp32,lidar-sensor,candidates/esp32__lidar-sensor.jpg,43f5b30e06bb5dd0c05e2b019b3ca7585e2af09af52056a3bb17cd334516fdef,PENDING,NOT_REVIEWED,NOT_REVIEWED,NOT_REVIEWED,NOT_REVIEWED,NOT_REVIEWED,NOT_REVIEWED,NOT_REVIEWED,NOT_REVIEWED,NOT_REVIEWED,,,,Recovered from the previous live manifest; download integrity verified only.,
esp32,linear-actuator,candidates/esp32__linear-actuator.jpg,a3538518369a439677a05353050d4de51fed827b84e6bbc57005946b5a3541c4,PENDING,NOT_REVIEWED,NOT_REVIEWED,NOT_REVIEWED,NOT_REVIEWED,NOT_REVIEWED,NOT_REVIEWED,NOT_REVIEWED,NOT_REVIEWED,NOT_REVIEWED,,,,Recovered from the previous live manifest; download integrity verified only.,
esp32,lipo,candidates/esp32__lipo.jpg,3e69ffde7a500262766c7553d9830fc194dbd143be83daf91befd17da071fcc9,PENDING,NOT_REVIEWED,NOT_REVIEWED,NOT_REVIEWED,NOT_REVIEWED,NOT_REVIEWED,NOT_REVIEWED,NOT_REVIEWED,NOT_REVIEWED,NOT_REVIEWED,,,,Recovered from the previous live manifest; download integrity verified only.,
esp32,lora,candidates/esp32__lora.jpg,5f25c103c6da51b13aa6abda1dfb7b64d712ce0675b88aebed085b1e278f9dc7,PENDING,NOT_REVIEWED,NOT_REVIEWED,NOT_REVIEWED,NOT_REVIEWED,NOT_REVIEWED,NOT_REVIEWED,NOT_REVIEWED,NOT_REVIEWED,NOT_REVIEWED,,,,Recovered from the previous live manifest; download integrity verified only.,
esp32,mq2,candidates/esp32__mq2.jpg,fea7434de8c6f1a1b4cdf868a8719bcbf9eadab7fe9ce40e4b1e6495a0aa1237,PENDING,NOT_REVIEWED,NOT_REVIEWED,NOT_REVIEWED,NOT_REVIEWED,NOT_REVIEWED,NOT_REVIEWED,NOT_REVIEWED,NOT_REVIEWED,NOT_REVIEWED,,,,Recovered from the previous live manifest; download integrity verified only.,
esp32,mq7,candidates/esp32__mq7.jpg,0c2123ede6b0430ef409b3b7d361fe2a0315d1699be955c3c3f1491d7a9cb363,PENDING,NOT_REVIEWED,NOT_REVIEWED,NOT_REVIEWED,NOT_REVIEWED,NOT_REVIEWED,NOT_REVIEWED,NOT_REVIEWED,NOT_REVIEWED,NOT_REVIEWED,,,,Recovered from the previous live manifest; download integrity verified only.,
esp32,neopixel,candidates/esp32__neopixel.jpg,312328275cc864e5fda2bf6fa413514a2ebf142a8f080fbe6e70da4b09056e7e,PENDING,NOT_REVIEWED,NOT_REVIEWED,NOT_REVIEWED,NOT_REVIEWED,NOT_REVIEWED,NOT_REVIEWED,NOT_REVIEWED,NOT_REVIEWED,NOT_REVIEWED,,,,Recovered from the previous live manifest; download integrity verified only.,
esp32,nrf24,candidates/esp32__nrf24.jpg,98d892a5f589291bec39f148462bc72a47177a55b560309ba9d42d6612641617,PENDING,NOT_REVIEWED,NOT_REVIEWED,NOT_REVIEWED,NOT_REVIEWED,NOT_REVIEWED,NOT_REVIEWED,NOT_REVIEWED,NOT_REVIEWED,NOT_REVIEWED,,,,Recovered from the previous live manifest; download integrity verified only.,
esp32,oled,candidates/esp32__oled.jpg,6453d7a9df5556eee775290fdb5d1a893a62df3195a2b983bc675193e760d5ab,PENDING,NOT_REVIEWED,NOT_REVIEWED,NOT_REVIEWED,NOT_REVIEWED,NOT_REVIEWED,NOT_REVIEWED,NOT_REVIEWED,NOT_REVIEWED,NOT_REVIEWED,,,,Recovered from the previous live manifest; download integrity verified only.,
esp32,ph-sensor,candidates/esp32__ph-sensor.jpg,6e9b33b4576daed10781e688e21f5639b4d875ed091e3abcf02ab7f5ceca3bfb,PENDING,NOT_REVIEWED,NOT_REVIEWED,NOT_REVIEWED,NOT_REVIEWED,NOT_REVIEWED,NOT_REVIEWED,NOT_REVIEWED,NOT_REVIEWED,NOT_REVIEWED,,,,Recovered from the previous live manifest; download integrity verified only.,
esp32,pir,candidates/esp32__pir.jpg,e413ac10571a3c51b47a74d51b3d33b484b8463da316d3b830f99d155afdf857,PENDING,NOT_REVIEWED,NOT_REVIEWED,NOT_REVIEWED,NOT_REVIEWED,NOT_REVIEWED,NOT_REVIEWED,NOT_REVIEWED,NOT_REVIEWED,NOT_REVIEWED,,,,Recovered from the previous live manifest; download integrity verified only.,
esp32,potentiometer,candidates/esp32__potentiometer.jpg,97a1a321ef395693695194a136e7979f86b30fb1f5863f6fd6d9d34f54bba1cb,PENDING,NOT_REVIEWED,NOT_REVIEWED,NOT_REVIEWED,NOT_REVIEWED,NOT_REVIEWED,NOT_REVIEWED,NOT_REVIEWED,NOT_REVIEWED,NOT_REVIEWED,,,,Recovered from the previous live manifest; download integrity verified only.,
esp32,rain-sensor,candidates/esp32__rain-sensor.jpg,64fe2d21791c4b0dc8377943071721a255f3b01d847f3c509925255491a3211d,PENDING,NOT_REVIEWED,NOT_REVIEWED,NOT_REVIEWED,NOT_REVIEWED,NOT_REVIEWED,NOT_REVIEWED,NOT_REVIEWED,NOT_REVIEWED,NOT_REVIEWED,,,,Recovered from the previous live manifest; download integrity verified only.,
esp32,relay-module,candidates/esp32__relay-module.jpg,5bad777b9967b49ea3614f3ed5b1424d7fde83bd931f6c2f6074ec2f9940598f,PENDING,NOT_REVIEWED,NOT_REVIEWED,NOT_REVIEWED,NOT_REVIEWED,NOT_REVIEWED,NOT_REVIEWED,NOT_REVIEWED,NOT_REVIEWED,NOT_REVIEWED,,,,Recovered from the previous live manifest; download integrity verified only.,
esp32,rfid-rc522,candidates/esp32__rfid-rc522.jpg,87b89d46dde460219bfec1272467465cda1acdfc031bf228049a3ff49042d303,PENDING,NOT_REVIEWED,NOT_REVIEWED,NOT_REVIEWED,NOT_REVIEWED,NOT_REVIEWED,NOT_REVIEWED,NOT_REVIEWED,NOT_REVIEWED,NOT_REVIEWED,,,,Recovered from the previous live manifest; download integrity verified only.,
esp32,seven-seg,candidates/esp32__seven-seg.jpg,cb6748888fffe8e9c1b07ab4fbf8ecb858fdce3be86009ad3c6f982146854320,PENDING,NOT_REVIEWED,NOT_REVIEWED,NOT_REVIEWED,NOT_REVIEWED,NOT_REVIEWED,NOT_REVIEWED,NOT_REVIEWED,NOT_REVIEWED,NOT_REVIEWED,,,,Recovered from the previous live manifest; download integrity verified only.,
esp32,sim900,candidates/esp32__sim900.jpg,db8107ffb1775b126abdf6b03445315303669c6e861f4363a968e97a7e98f946,PENDING,NOT_REVIEWED,NOT_REVIEWED,NOT_REVIEWED,NOT_REVIEWED,NOT_REVIEWED,NOT_REVIEWED,NOT_REVIEWED,NOT_REVIEWED,NOT_REVIEWED,,,,Recovered from the previous live manifest; download integrity verified only.,
esp32,solar-panel,candidates/esp32__solar-panel.jpg,af9f2654820c39d6c386476726a24662aeb0e4eb6ad62dcbbcae13b588186b1c,PENDING,NOT_REVIEWED,NOT_REVIEWED,NOT_REVIEWED,NOT_REVIEWED,NOT_REVIEWED,NOT_REVIEWED,NOT_REVIEWED,NOT_REVIEWED,NOT_REVIEWED,,,,Recovered from the previous live manifest; download integrity verified only.,
esp32,tp4056,candidates/esp32__tp4056.jpg,29ac521368a60fffde26167c7d78f713b6885f668a7ab5e096790ae2610ad31d,PENDING,NOT_REVIEWED,NOT_REVIEWED,NOT_REVIEWED,NOT_REVIEWED,NOT_REVIEWED,NOT_REVIEWED,NOT_REVIEWED,NOT_REVIEWED,NOT_REVIEWED,,,,Recovered from the previous live manifest; download integrity verified only.,
esp32,ups-module,candidates/esp32__ups-module.jpg,d93876b439f1306cecc77136e7052246478c69a4e4cfbe36f24c5985082fb528,PENDING,NOT_REVIEWED,NOT_REVIEWED,NOT_REVIEWED,NOT_REVIEWED,NOT_REVIEWED,NOT_REVIEWED,NOT_REVIEWED,NOT_REVIEWED,NOT_REVIEWED,,,,Recovered from the previous live manifest; download integrity verified only.,
esp32,water-level,candidates/esp32__water-level.jpg,bc5763b10aa6b48ae9bc21ef73456f8257a4ec0c8726c5e5247aee65846998ce,PENDING,NOT_REVIEWED,NOT_REVIEWED,NOT_REVIEWED,NOT_REVIEWED,NOT_REVIEWED,NOT_REVIEWED,NOT_REVIEWED,NOT_REVIEWED,NOT_REVIEWED,,,,Recovered from the previous live manifest; download integrity verified only.,
esp32,water-pump,candidates/esp32__water-pump.jpg,da6c943128224b0307bb4cdbef1029df7a92ae5422e7a38060eb3c139d8009c7,PENDING,NOT_REVIEWED,NOT_REVIEWED,NOT_REVIEWED,NOT_REVIEWED,NOT_REVIEWED,NOT_REVIEWED,NOT_REVIEWED,NOT_REVIEWED,NOT_REVIEWED,,,,Recovered from the previous live manifest; download integrity verified only.,
esp32-cam,a4988,candidates/esp32-cam__a4988.jpg,33ec4a8e7bcb00b0504fd280b4b980a8f71493bcd294f5740ea50795cfba8da4,PENDING,NOT_REVIEWED,NOT_REVIEWED,NOT_REVIEWED,NOT_REVIEWED,NOT_REVIEWED,NOT_REVIEWED,NOT_REVIEWED,NOT_REVIEWED,NOT_REVIEWED,,,,Recovered from the previous live manifest; download integrity verified only.,
esp32-cam,bh1750,candidates/esp32-cam__bh1750.jpg,e3e2603667f99cb1a281d456e0383f64cd85ffea2fd9c94d112d4618454126ea,PENDING,NOT_REVIEWED,NOT_REVIEWED,NOT_REVIEWED,NOT_REVIEWED,NOT_REVIEWED,NOT_REVIEWED,NOT_REVIEWED,NOT_REVIEWED,NOT_REVIEWED,,,,Recovered from the previous live manifest; download integrity verified only.,
esp32-cam,ble,candidates/esp32-cam__ble.jpg,e737e23a44065504b0024faa81064d50a69b90c66ce22b9e5faf659d965a5884,PENDING,NOT_REVIEWED,NOT_REVIEWED,NOT_REVIEWED,NOT_REVIEWED,NOT_REVIEWED,NOT_REVIEWED,NOT_REVIEWED,NOT_REVIEWED,NOT_REVIEWED,,,,Recovered from the previous live manifest; download integrity verified only.,
esp32-cam,boost,candidates/esp32-cam__boost.jpg,ce9fb85397150aeacfd67f2768e341ac8c3d3e271e4b2408479297b03a0614c6,PENDING,NOT_REVIEWED,NOT_REVIEWED,NOT_REVIEWED,NOT_REVIEWED,NOT_REVIEWED,NOT_REVIEWED,NOT_REVIEWED,NOT_REVIEWED,NOT_REVIEWED,,,,Recovered from the previous live manifest; download integrity verified only.,
esp32-cam,buck,candidates/esp32-cam__buck.jpg,6bf8560c2fac9a6c00b8d0dd2d78f3687a32b7a5ede61b1ed3cf5067b03448ae,PENDING,NOT_REVIEWED,NOT_REVIEWED,NOT_REVIEWED,NOT_REVIEWED,NOT_REVIEWED,NOT_REVIEWED,NOT_REVIEWED,NOT_REVIEWED,NOT_REVIEWED,,,,Recovered from the previous live manifest; download integrity verified only.,
esp32-cam,color-sensor,candidates/esp32-cam__color-sensor.jpg,b7cc3f0c6fd8213b20e0ba67043aebbc1447a26019e689cefc34a09f1cb6c74d,PENDING,NOT_REVIEWED,NOT_REVIEWED,NOT_REVIEWED,NOT_REVIEWED,NOT_REVIEWED,NOT_REVIEWED,NOT_REVIEWED,NOT_REVIEWED,NOT_REVIEWED,,,,Recovered from the previous live manifest; download integrity verified only.,
esp32-cam,contactor,candidates/esp32-cam__contactor.jpg,f62fb09d1a07cdb7e68df70a216addd63bb6074ab5121bdc59bad0785e8e9964,PENDING,NOT_REVIEWED,NOT_REVIEWED,NOT_REVIEWED,NOT_REVIEWED,NOT_REVIEWED,NOT_REVIEWED,NOT_REVIEWED,NOT_REVIEWED,NOT_REVIEWED,,,,Recovered from the previous live manifest; download integrity verified only.,
esp32-cam,current-sensor,candidates/esp32-cam__current-sensor.jpg,abee2bd4c81fc18b9c20dc7458fb017a80aa00b5978b197f9f918a20ffc71b2e,PENDING,NOT_REVIEWED,NOT_REVIEWED,NOT_REVIEWED,NOT_REVIEWED,NOT_REVIEWED,NOT_REVIEWED,NOT_REVIEWED,NOT_REVIEWED,NOT_REVIEWED,,,,Recovered from the previous live manifest; download integrity verified only.,
esp32-cam,dc-motor,candidates/esp32-cam__dc-motor.jpg,3063bd29945589872bb1ee2670d1cc15070a84d1537d092dd1095197b001c8e3,PENDING,NOT_REVIEWED,NOT_REVIEWED,NOT_REVIEWED,NOT_REVIEWED,NOT_REVIEWED,NOT_REVIEWED,NOT_REVIEWED,NOT_REVIEWED,NOT_REVIEWED,,,,Recovered from the previous live manifest; download integrity verified only.,
esp32-cam,dht11,candidates/esp32-cam__dht11.jpg,eab4dfcce36c84fc878bfe55f1494e84a3566bb4ff388455d621924c0ea23c59,PENDING,NOT_REVIEWED,NOT_REVIEWED,NOT_REVIEWED,NOT_REVIEWED,NOT_REVIEWED,NOT_REVIEWED,NOT_REVIEWED,NOT_REVIEWED,NOT_REVIEWED,,,,Recovered from the previous live manifest; download integrity verified only.,
esp32-cam,diode,candidates/esp32-cam__diode.jpg,3825c239b24a22fd7f9f813ac12d39b8c1392c8532089f643d3b7cf2f3e7c4db,PENDING,NOT_REVIEWED,NOT_REVIEWED,NOT_REVIEWED,NOT_REVIEWED,NOT_REVIEWED,NOT_REVIEWED,NOT_REVIEWED,NOT_REVIEWED,NOT_REVIEWED,,,,Recovered from the previous live manifest; download integrity verified only.,
esp32-cam,ds18b20,candidates/esp32-cam__ds18b20.jpg,598d557ba227dbf04341d640443d508054067a705327c13dad44203a5186acc6,PENDING,NOT_REVIEWED,NOT_REVIEWED,NOT_REVIEWED,NOT_REVIEWED,NOT_REVIEWED,NOT_REVIEWED,NOT_REVIEWED,NOT_REVIEWED,NOT_REVIEWED,,,,Recovered from the previous live manifest; download integrity verified only.,
esp32-cam,epaper,candidates/esp32-cam__epaper.jpg,4806e2345f1328e55c64350f48a61c7c6dd7e8fcb89e9995f436720162c23480,PENDING,NOT_REVIEWED,NOT_REVIEWED,NOT_REVIEWED,NOT_REVIEWED,NOT_REVIEWED,NOT_REVIEWED,NOT_REVIEWED,NOT_REVIEWED,NOT_REVIEWED,,,,Recovered from the previous live manifest; download integrity verified only.,
esp32-cam,ethernet-mod,candidates/esp32-cam__ethernet-mod.jpg,a3359da793158017e31822bcc901e7d2f9eec54d90cc7a0d7c2efbbb2609b54f,PENDING,NOT_REVIEWED,NOT_REVIEWED,NOT_REVIEWED,NOT_REVIEWED,NOT_REVIEWED,NOT_REVIEWED,NOT_REVIEWED,NOT_REVIEWED,NOT_REVIEWED,,,,Recovered from the previous live manifest; download integrity verified only.,
esp32-cam,fingerprint-mod,candidates/esp32-cam__fingerprint-mod.jpg,926e60d5dd3c6ce797efc2c28ff1ccce88d9e0e61621306c0128d41e43fba575,PENDING,NOT_REVIEWED,NOT_REVIEWED,NOT_REVIEWED,NOT_REVIEWED,NOT_REVIEWED,NOT_REVIEWED,NOT_REVIEWED,NOT_REVIEWED,NOT_REVIEWED,,,,Recovered from the previous live manifest; download integrity verified only.,
esp32-cam,flame-sensor,candidates/esp32-cam__flame-sensor.jpg,83ea85529ae45d50f05008c440370769ca92f3fab4853bfd0db1a589688dcba0,PENDING,NOT_REVIEWED,NOT_REVIEWED,NOT_REVIEWED,NOT_REVIEWED,NOT_REVIEWED,NOT_REVIEWED,NOT_REVIEWED,NOT_REVIEWED,NOT_REVIEWED,,,,Recovered from the previous live manifest; download integrity verified only.,
esp32-cam,flow-sensor,candidates/esp32-cam__flow-sensor.jpg,fbcff1ca48030665f67fd574f23a02c129892aeb4f8b5283fcdfeb618a8476d5,PENDING,NOT_REVIEWED,NOT_REVIEWED,NOT_REVIEWED,NOT_REVIEWED,NOT_REVIEWED,NOT_REVIEWED,NOT_REVIEWED,NOT_REVIEWED,NOT_REVIEWED,,,,Recovered from the previous live manifest; download integrity verified only.,
esp32-cam,gps-neo6,candidates/esp32-cam__gps-neo6.jpg,b475b70bfa1b7c4e516e16272cc5ece01947d130203df05c983bf3e95652f3f5,PENDING,NOT_REVIEWED,NOT_REVIEWED,NOT_REVIEWED,NOT_REVIEWED,NOT_REVIEWED,NOT_REVIEWED,NOT_REVIEWED,NOT_REVIEWED,NOT_REVIEWED,,,,Recovered from the previous live manifest; download integrity verified only.,
esp32-cam,gripper,candidates/esp32-cam__gripper.jpg,f310e6fc5cf21c1f5c53ec366f19d8c8a9408364f33b9e1467727a29c9b20b6a,PENDING,NOT_REVIEWED,NOT_REVIEWED,NOT_REVIEWED,NOT_REVIEWED,NOT_REVIEWED,NOT_REVIEWED,NOT_REVIEWED,NOT_REVIEWED,NOT_REVIEWED,,,,Recovered from the previous live manifest; download integrity verified only.,
esp32-cam,hc-sr04,candidates/esp32-cam__hc-sr04.jpg,54008ff195c54d0fbe0424e485299c16324b6eae33028aca116798ec13a06028,PENDING,NOT_REVIEWED,NOT_REVIEWED,NOT_REVIEWED,NOT_REVIEWED,NOT_REVIEWED,NOT_REVIEWED,NOT_REVIEWED,NOT_REVIEWED,NOT_REVIEWED,,,,Recovered from the previous live manifest; download integrity verified only.,
esp32-cam,hc05,candidates/esp32-cam__hc05.jpg,ef5ddcf6a8d7ff6e730c85635aabf3971c0c25751e8bf9cd342a91540b11f71e,PENDING,NOT_REVIEWED,NOT_REVIEWED,NOT_REVIEWED,NOT_REVIEWED,NOT_REVIEWED,NOT_REVIEWED,NOT_REVIEWED,NOT_REVIEWED,NOT_REVIEWED,,,,Recovered from the previous live manifest; download integrity verified only.,
esp32-cam,heart-rate,candidates/esp32-cam__heart-rate.jpg,176454f56ba3c3a79c5f1f50c151f3ce99e222b565fceed11ebf7369c506a65c,PENDING,NOT_REVIEWED,NOT_REVIEWED,NOT_REVIEWED,NOT_REVIEWED,NOT_REVIEWED,NOT_REVIEWED,NOT_REVIEWED,NOT_REVIEWED,NOT_REVIEWED,,,,Recovered from the previous live manifest; download integrity verified only.,
esp32-cam,hmi,candidates/esp32-cam__hmi.jpg,beec8a23d1eefcd7cad5aace599f1fa26ac058bd625303511603dedb73db000c,PENDING,NOT_REVIEWED,NOT_REVIEWED,NOT_REVIEWED,NOT_REVIEWED,NOT_REVIEWED,NOT_REVIEWED,NOT_REVIEWED,NOT_REVIEWED,NOT_REVIEWED,,,,Recovered from the previous live manifest; download integrity verified only.,
esp32-cam,inductor,candidates/esp32-cam__inductor.jpg,d78773d6533cdc2a53620033d04d8960ff2df21401424c6ed7116c8b111f1d48,PENDING,NOT_REVIEWED,NOT_REVIEWED,NOT_REVIEWED,NOT_REVIEWED,NOT_REVIEWED,NOT_REVIEWED,NOT_REVIEWED,NOT_REVIEWED,NOT_REVIEWED,,,,Recovered from the previous live manifest; download integrity verified only.,
esp32-cam,ir-flame-array,candidates/esp32-cam__ir-flame-array.jpg,31ab9b2f768fae946d0303643d7a586dee47ad005d9f638b51e0020a15e0029e,PENDING,NOT_REVIEWED,NOT_REVIEWED,NOT_REVIEWED,NOT_REVIEWED,NOT_REVIEWED,NOT_REVIEWED,NOT_REVIEWED,NOT_REVIEWED,NOT_REVIEWED,,,,Recovered from the previous live manifest; download integrity verified only.,
esp32-cam,ir-sensor,candidates/esp32-cam__ir-sensor.jpg,fb09eba787d32858cf6e55312e3a1204bba0ae9ac5bab5334819853717210055,PENDING,NOT_REVIEWED,NOT_REVIEWED,NOT_REVIEWED,NOT_REVIEWED,NOT_REVIEWED,NOT_REVIEWED,NOT_REVIEWED,NOT_REVIEWED,NOT_REVIEWED,,,,Recovered from the previous live manifest; download integrity verified only.,
esp32-cam,joystick,candidates/esp32-cam__joystick.jpg,de2d3329d5458ffd7bbaa96c9004e84f0447a9df88de97a0c968cf5bc31c753e,PENDING,NOT_REVIEWED,NOT_REVIEWED,NOT_REVIEWED,NOT_REVIEWED,NOT_REVIEWED,NOT_REVIEWED,NOT_REVIEWED,NOT_REVIEWED,NOT_REVIEWED,,,,Recovered from the previous live manifest; download integrity verified only.,
esp32-cam,keypad,candidates/esp32-cam__keypad.jpg,04fe7a8198f40290e8c812c07697e2a3eefd522f06a05b912b717748ff9ffd9d,PENDING,NOT_REVIEWED,NOT_REVIEWED,NOT_REVIEWED,NOT_REVIEWED,NOT_REVIEWED,NOT_REVIEWED,NOT_REVIEWED,NOT_REVIEWED,NOT_REVIEWED,,,,Recovered from the previous live manifest; download integrity verified only.,
esp32-cam,l293d,candidates/esp32-cam__l293d.jpg,d225045539054971a874688cdf3b499b05d7ced4e107a6c9a7cc87387112af32,PENDING,NOT_REVIEWED,NOT_REVIEWED,NOT_REVIEWED,NOT_REVIEWED,NOT_REVIEWED,NOT_REVIEWED,NOT_REVIEWED,NOT_REVIEWED,NOT_REVIEWED,,,,Recovered from the previous live manifest; download integrity verified only.,
esp32-cam,lcd1602,candidates/esp32-cam__lcd1602.jpg,600c51bc0940657dfb4110e31a96bbb325d96784093d552631000d3b9509c9dd,PENDING,NOT_REVIEWED,NOT_REVIEWED,NOT_REVIEWED,NOT_REVIEWED,NOT_REVIEWED,NOT_REVIEWED,NOT_REVIEWED,NOT_REVIEWED,NOT_REVIEWED,,,,Recovered from the previous live manifest; download integrity verified only.,
esp32-cam,ldo,candidates/esp32-cam__ldo.jpg,91d8b47a7f0d763c031879736b0cf12fd31cdcd8c0f3eb0a58de9c3df870265a,PENDING,NOT_REVIEWED,NOT_REVIEWED,NOT_REVIEWED,NOT_REVIEWED,NOT_REVIEWED,NOT_REVIEWED,NOT_REVIEWED,NOT_REVIEWED,NOT_REVIEWED,,,,Recovered from the previous live manifest; download integrity verified only.,
esp32-cam,ldr,candidates/esp32-cam__ldr.jpg,a09488389c52e890dcc126b0956941e8f0fdc30cad1a21a76206410d47c6b8e7,PENDING,NOT_REVIEWED,NOT_REVIEWED,NOT_REVIEWED,NOT_REVIEWED,NOT_REVIEWED,NOT_REVIEWED,NOT_REVIEWED,NOT_REVIEWED,NOT_REVIEWED,,,,Recovered from the previous live manifest; download integrity verified only.,
esp32-cam,led,candidates/esp32-cam__led.jpg,f02cc039fd80eadbf6393d7353f4627b86e18788dd1325f1ef4b98be3adcbdb9,PENDING,NOT_REVIEWED,NOT_REVIEWED,NOT_REVIEWED,NOT_REVIEWED,NOT_REVIEWED,NOT_REVIEWED,NOT_REVIEWED,NOT_REVIEWED,NOT_REVIEWED,,,,Recovered from the previous live manifest; download integrity verified only.,
esp32-cam,led-matrix,candidates/esp32-cam__led-matrix.jpg,a190e89d384ce25842403a93eabefcf6f7bc80795a3d206528f3bb337e699a2c,PENDING,NOT_REVIEWED,NOT_REVIEWED,NOT_REVIEWED,NOT_REVIEWED,NOT_REVIEWED,NOT_REVIEWED,NOT_REVIEWED,NOT_REVIEWED,NOT_REVIEWED,,,,Recovered from the previous live manifest; download integrity verified only.,
esp32-cam,lidar-sensor,candidates/esp32-cam__lidar-sensor.jpg,beab824f90284f19d32de38e22c720bb6b0f65cc0b1da9161537814c490f0439,PENDING,NOT_REVIEWED,NOT_REVIEWED,NOT_REVIEWED,NOT_REVIEWED,NOT_REVIEWED,NOT_REVIEWED,NOT_REVIEWED,NOT_REVIEWED,NOT_REVIEWED,,,,Recovered from the previous live manifest; download integrity verified only.,
esp32-cam,linear-actuator,candidates/esp32-cam__linear-actuator.jpg,3301ffdc5bee6e6bf01488f4a56dd73e1023d3527ae15e87e71f3f6d8d2e329a,PENDING,NOT_REVIEWED,NOT_REVIEWED,NOT_REVIEWED,NOT_REVIEWED,NOT_REVIEWED,NOT_REVIEWED,NOT_REVIEWED,NOT_REVIEWED,NOT_REVIEWED,,,,Recovered from the previous live manifest; download integrity verified only.,
esp32-cam,lm35,candidates/esp32-cam__lm35.jpg,9200a7254fe9cdb51c56e967767b8d55cf0707bdc60f27bbe28988781c405bce,PENDING,NOT_REVIEWED,NOT_REVIEWED,NOT_REVIEWED,NOT_REVIEWED,NOT_REVIEWED,NOT_REVIEWED,NOT_REVIEWED,NOT_REVIEWED,NOT_REVIEWED,,,,Recovered from the previous live manifest; download integrity verified only.,
esp32-cam,load-cell,candidates/esp32-cam__load-cell.jpg,fc312ef46dbdb76f4399143efe0794be77e4fdb17671c8d6c739f89fe29fd418,PENDING,NOT_REVIEWED,NOT_REVIEWED,NOT_REVIEWED,NOT_REVIEWED,NOT_REVIEWED,NOT_REVIEWED,NOT_REVIEWED,NOT_REVIEWED,NOT_REVIEWED,,,,Recovered from the previous live manifest; download integrity verified only.,
esp32-cam,lora,candidates/esp32-cam__lora.jpg,5f71c0e6b1a8183ea2f0c37c1cc818527595be22eba68bbab8dd906143954327,PENDING,NOT_REVIEWED,NOT_REVIEWED,NOT_REVIEWED,NOT_REVIEWED,NOT_REVIEWED,NOT_REVIEWED,NOT_REVIEWED,NOT_REVIEWED,NOT_REVIEWED,,,,Recovered from the previous live manifest; download integrity verified only.,
esp32-cam,mq135,candidates/esp32-cam__mq135.jpg,da171ddaca211e87166774e5b8380564848d1ba6052f4d912e6921863f668a97,PENDING,NOT_REVIEWED,NOT_REVIEWED,NOT_REVIEWED,NOT_REVIEWED,NOT_REVIEWED,NOT_REVIEWED,NOT_REVIEWED,NOT_REVIEWED,NOT_REVIEWED,,,,Recovered from the previous live manifest; download integrity verified only.,
esp32-cam,mq2,candidates/esp32-cam__mq2.jpg,78be771cb30d1ead8841110163b23371b77a8e1ccfc0544cafb5ab1fd711044f,PENDING,NOT_REVIEWED,NOT_REVIEWED,NOT_REVIEWED,NOT_REVIEWED,NOT_REVIEWED,NOT_REVIEWED,NOT_REVIEWED,NOT_REVIEWED,NOT_REVIEWED,,,,Recovered from the previous live manifest; download integrity verified only.,
esp32-cam,mq7,candidates/esp32-cam__mq7.jpg,42b8ff408bf3175d9973bc5c20a460482b4d9e072311e3e27bc2afe7fef1aaa5,PENDING,NOT_REVIEWED,NOT_REVIEWED,NOT_REVIEWED,NOT_REVIEWED,NOT_REVIEWED,NOT_REVIEWED,NOT_REVIEWED,NOT_REVIEWED,NOT_REVIEWED,,,,Recovered from the previous live manifest; download integrity verified only.,
esp32-cam,nrf24,candidates/esp32-cam__nrf24.jpg,7a803a217fbf9452a1d0f689f200ab5785b4efe99e837430c3404417751ea37b,PENDING,NOT_REVIEWED,NOT_REVIEWED,NOT_REVIEWED,NOT_REVIEWED,NOT_REVIEWED,NOT_REVIEWED,NOT_REVIEWED,NOT_REVIEWED,NOT_REVIEWED,,,,Recovered from the previous live manifest; download integrity verified only.,
esp32-cam,oled,candidates/esp32-cam__oled.jpg,7b18339ff78f1fa12f46e8bfca1da5500deb3485308b887c0668ac62b25fba5e,PENDING,NOT_REVIEWED,NOT_REVIEWED,NOT_REVIEWED,NOT_REVIEWED,NOT_REVIEWED,NOT_REVIEWED,NOT_REVIEWED,NOT_REVIEWED,NOT_REVIEWED,,,,Recovered from the previous live manifest; download integrity verified only.,
esp32-cam,ph-sensor,candidates/esp32-cam__ph-sensor.jpg,2683784507ba2909ed6a6051bb46fb8a1164fdb9b90faf2883d71aed01c627d0,PENDING,NOT_REVIEWED,NOT_REVIEWED,NOT_REVIEWED,NOT_REVIEWED,NOT_REVIEWED,NOT_REVIEWED,NOT_REVIEWED,NOT_REVIEWED,NOT_REVIEWED,,,,Recovered from the previous live manifest; download integrity verified only.,
esp32-cam,pir,candidates/esp32-cam__pir.jpg,1695f22ed0dddfbf7c31a9d7b3b7e309bf4b5b8606e53727947552cbb0c3ba9b,PENDING,NOT_REVIEWED,NOT_REVIEWED,NOT_REVIEWED,NOT_REVIEWED,NOT_REVIEWED,NOT_REVIEWED,NOT_REVIEWED,NOT_REVIEWED,NOT_REVIEWED,,,,Recovered from the previous live manifest; download integrity verified only.,
esp32-cam,plc,candidates/esp32-cam__plc.jpg,befda9e469a49d440cff1b7dd80f16f0183d71c09ef710de4c137cd43b855a02,PENDING,NOT_REVIEWED,NOT_REVIEWED,NOT_REVIEWED,NOT_REVIEWED,NOT_REVIEWED,NOT_REVIEWED,NOT_REVIEWED,NOT_REVIEWED,NOT_REVIEWED,,,,Recovered from the previous live manifest; download integrity verified only.,
esp32-cam,potentiometer,candidates/esp32-cam__potentiometer.jpg,a33dcf058748d992139bcd4877ef73102dd2eab10d9a165c7d374e7922808aa7,PENDING,NOT_REVIEWED,NOT_REVIEWED,NOT_REVIEWED,NOT_REVIEWED,NOT_REVIEWED,NOT_REVIEWED,NOT_REVIEWED,NOT_REVIEWED,NOT_REVIEWED,,,,Recovered from the previous live manifest; download integrity verified only.,
esp32-cam,proximity,candidates/esp32-cam__proximity.jpg,c6c017f0d13f924fdaaa2286ce9222da5f3399d39fcc8cf0ce8bf73f89739257,PENDING,NOT_REVIEWED,NOT_REVIEWED,NOT_REVIEWED,NOT_REVIEWED,NOT_REVIEWED,NOT_REVIEWED,NOT_REVIEWED,NOT_REVIEWED,NOT_REVIEWED,,,,Recovered from the previous live manifest; download integrity verified only.,
esp32-cam,push-button,candidates/esp32-cam__push-button.jpg,8b1f361397337aef91550e046fecd9b5c77a7f756a09ea2efa50a6c346f46c87,PENDING,NOT_REVIEWED,NOT_REVIEWED,NOT_REVIEWED,NOT_REVIEWED,NOT_REVIEWED,NOT_REVIEWED,NOT_REVIEWED,NOT_REVIEWED,NOT_REVIEWED,,,,Recovered from the previous live manifest; download integrity verified only.,
esp32-cam,rain-sensor,candidates/esp32-cam__rain-sensor.jpg,d385c498c8caf11b05b326ef785e5f30775313aaf379f16304b7f0876c33497e,PENDING,NOT_REVIEWED,NOT_REVIEWED,NOT_REVIEWED,NOT_REVIEWED,NOT_REVIEWED,NOT_REVIEWED,NOT_REVIEWED,NOT_REVIEWED,NOT_REVIEWED,,,,Recovered from the previous live manifest; download integrity verified only.,
esp32-cam,relay-module,candidates/esp32-cam__relay-module.jpg,2dfc4123f3d96857668b3f3c1e8e3a7a606345e8a91bd325d81072eed7c439a4,PENDING,NOT_REVIEWED,NOT_REVIEWED,NOT_REVIEWED,NOT_REVIEWED,NOT_REVIEWED,NOT_REVIEWED,NOT_REVIEWED,NOT_REVIEWED,NOT_REVIEWED,,,,Recovered from the previous live manifest; download integrity verified only.,
esp32-cam,robot-arm,candidates/esp32-cam__robot-arm.jpg,9169fa37079faa0e703164c88c7a6860e28314474426af69a98835d5e0f4c8b4,PENDING,NOT_REVIEWED,NOT_REVIEWED,NOT_REVIEWED,NOT_REVIEWED,NOT_REVIEWED,NOT_REVIEWED,NOT_REVIEWED,NOT_REVIEWED,NOT_REVIEWED,,,,Recovered from the previous live manifest; download integrity verified only.,
esp32-cam,rotary-encoder,candidates/esp32-cam__rotary-encoder.jpg,778a8d161812c6b6dd6ac465a2d3d9e13ffce3f83bed03fa9a325ae574101d63,PENDING,NOT_REVIEWED,NOT_REVIEWED,NOT_REVIEWED,NOT_REVIEWED,NOT_REVIEWED,NOT_REVIEWED,NOT_REVIEWED,NOT_REVIEWED,NOT_REVIEWED,,,,Recovered from the previous live manifest; download integrity verified only.,
esp32-cam,rtc,candidates/esp32-cam__rtc.jpg,9d35b587ab493946e56f90774bd3d01b597baba77bbcc8912ce17476fb265cfa,PENDING,NOT_REVIEWED,NOT_REVIEWED,NOT_REVIEWED,NOT_REVIEWED,NOT_REVIEWED,NOT_REVIEWED,NOT_REVIEWED,NOT_REVIEWED,NOT_REVIEWED,,,,Recovered from the previous live manifest; download integrity verified only.,
esp32-cam,sd-module,candidates/esp32-cam__sd-module.jpg,e69e71ebea917962d886582e54fcf2ca3754bc0483662d8aab7ae3d263352245,PENDING,NOT_REVIEWED,NOT_REVIEWED,NOT_REVIEWED,NOT_REVIEWED,NOT_REVIEWED,NOT_REVIEWED,NOT_REVIEWED,NOT_REVIEWED,NOT_REVIEWED,,,,Recovered from the previous live manifest; download integrity verified only.,
esp32-cam,sensor-industrial,candidates/esp32-cam__sensor-industrial.jpg,9a3c25d3f744a1ac1d308638257c8e06907cd56fa8a111293b493449f8970bbd,PENDING,NOT_REVIEWED,NOT_REVIEWED,NOT_REVIEWED,NOT_REVIEWED,NOT_REVIEWED,NOT_REVIEWED,NOT_REVIEWED,NOT_REVIEWED,NOT_REVIEWED,,,,Recovered from the previous live manifest; download integrity verified only.,
esp32-cam,servo,candidates/esp32-cam__servo.jpg,761f9ea56b9cba137f8d4498299a2a2d9cda3a56295d0bcb8c75088ac6e7dfe2,PENDING,NOT_REVIEWED,NOT_REVIEWED,NOT_REVIEWED,NOT_REVIEWED,NOT_REVIEWED,NOT_REVIEWED,NOT_REVIEWED,NOT_REVIEWED,NOT_REVIEWED,,,,Recovered from the previous live manifest; download integrity verified only.,
esp32-cam,seven-seg,candidates/esp32-cam__seven-seg.jpg,e143a22cced46602e0adb4fba9be64ade6ed96c59c5a7e28f88ddaeb80238668,PENDING,NOT_REVIEWED,NOT_REVIEWED,NOT_REVIEWED,NOT_REVIEWED,NOT_REVIEWED,NOT_REVIEWED,NOT_REVIEWED,NOT_REVIEWED,NOT_REVIEWED,,,,Recovered from the previous live manifest; download integrity verified only.,
esp32-cam,sim900,candidates/esp32-cam__sim900.jpg,bcc965e51539b087b6648d1daad9495536b98a31ab52e3cf841201caf197ccea,PENDING,NOT_REVIEWED,NOT_REVIEWED,NOT_REVIEWED,NOT_REVIEWED,NOT_REVIEWED,NOT_REVIEWED,NOT_REVIEWED,NOT_REVIEWED,NOT_REVIEWED,,,,Recovered from the previous live manifest; download integrity verified only.,
esp32-cam,soil-moisture,candidates/esp32-cam__soil-moisture.jpg,0f8277ef04858dfb2e786dfd410ed91fcab292a47d68de69cf45d645bcc1a6a9,PENDING,NOT_REVIEWED,NOT_REVIEWED,NOT_REVIEWED,NOT_REVIEWED,NOT_REVIEWED,NOT_REVIEWED,NOT_REVIEWED,NOT_REVIEWED,NOT_REVIEWED,,,,Recovered from the previous live manifest; download integrity verified only.,
esp32-cam,solar-panel,candidates/esp32-cam__solar-panel.jpg,1f1674bf7375ce5fddf10e3ddbf5a95255ba0b31a968b586a8d788ecb372f912,PENDING,NOT_REVIEWED,NOT_REVIEWED,NOT_REVIEWED,NOT_REVIEWED,NOT_REVIEWED,NOT_REVIEWED,NOT_REVIEWED,NOT_REVIEWED,NOT_REVIEWED,,,,Recovered from the previous live manifest; download integrity verified only.,
esp32-cam,speaker,candidates/esp32-cam__speaker.jpg,2f71b1bf111537634e7408807d78d78e156d22f48c089cc367731a30e6446c00,PENDING,NOT_REVIEWED,NOT_REVIEWED,NOT_REVIEWED,NOT_REVIEWED,NOT_REVIEWED,NOT_REVIEWED,NOT_REVIEWED,NOT_REVIEWED,NOT_REVIEWED,,,,Recovered from the previous live manifest; download integrity verified only.,
esp32-cam,tft,candidates/esp32-cam__tft.jpg,aeb2fd0727f7f091f2c9565bd59df92ac7924592732cea08af5824397495c3ea,PENDING,NOT_REVIEWED,NOT_REVIEWED,NOT_REVIEWED,NOT_REVIEWED,NOT_REVIEWED,NOT_REVIEWED,NOT_REVIEWED,NOT_REVIEWED,NOT_REVIEWED,,,,Recovered from the previous live manifest; download integrity verified only.,
esp32-cam,tp4056,candidates/esp32-cam__tp4056.jpg,975df0888d78388212b62edc904fbf9c04061c5f79d97b28524a1f9cc31325e0,PENDING,NOT_REVIEWED,NOT_REVIEWED,NOT_REVIEWED,NOT_REVIEWED,NOT_REVIEWED,NOT_REVIEWED,NOT_REVIEWED,NOT_REVIEWED,NOT_REVIEWED,,,,Recovered from the previous live manifest; download integrity verified only.,
esp32-cam,ups-module,candidates/esp32-cam__ups-module.jpg,8c905b6bd1de8ab542338ce31f00bd1312f2717e63d33ff701c5c08d0f306586,PENDING,NOT_REVIEWED,NOT_REVIEWED,NOT_REVIEWED,NOT_REVIEWED,NOT_REVIEWED,NOT_REVIEWED,NOT_REVIEWED,NOT_REVIEWED,NOT_REVIEWED,,,,Recovered from the previous live manifest; download integrity verified only.,
esp32-cam,usb-ttl,candidates/esp32-cam__usb-ttl.jpg,9c6c1ec32d3a756a93cb3660354324e4899e22da3fd3ed0e5e2caae6c886ce1c,PENDING,NOT_REVIEWED,NOT_REVIEWED,NOT_REVIEWED,NOT_REVIEWED,NOT_REVIEWED,NOT_REVIEWED,NOT_REVIEWED,NOT_REVIEWED,NOT_REVIEWED,,,,Recovered from the previous live manifest; download integrity verified only.,
esp32-cam,vfd,candidates/esp32-cam__vfd.jpg,105ffa903a807fa2313af90bc5d4066adf1b997bdfb286b88affced7a07b09da,PENDING,NOT_REVIEWED,NOT_REVIEWED,NOT_REVIEWED,NOT_REVIEWED,NOT_REVIEWED,NOT_REVIEWED,NOT_REVIEWED,NOT_REVIEWED,NOT_REVIEWED,,,,Recovered from the previous live manifest; download integrity verified only.,
esp32-cam,voltage-sensor,candidates/esp32-cam__voltage-sensor.jpg,42fbc00e0e0688af3804af696cd19c4065b481b3fb2dbc3585120085eb2ec685,PENDING,NOT_REVIEWED,NOT_REVIEWED,NOT_REVIEWED,NOT_REVIEWED,NOT_REVIEWED,NOT_REVIEWED,NOT_REVIEWED,NOT_REVIEWED,NOT_REVIEWED,,,,Recovered from the previous live manifest; download integrity verified only.,
esp32-cam,water-level,candidates/esp32-cam__water-level.jpg,e5380de055f84e6a155346632a3b9ab9af7dd15a073b3591e84d415b7d8fe7b0,PENDING,NOT_REVIEWED,NOT_REVIEWED,NOT_REVIEWED,NOT_REVIEWED,NOT_REVIEWED,NOT_REVIEWED,NOT_REVIEWED,NOT_REVIEWED,NOT_REVIEWED,,,,Recovered from the previous live manifest; download integrity verified only.,
esp32-cam,water-pump,candidates/esp32-cam__water-pump.jpg,e72fa20e05f20b65c9c8c0603149e18c5815d900963fa145bee47bdd6edbdbe0,PENDING,NOT_REVIEWED,NOT_REVIEWED,NOT_REVIEWED,NOT_REVIEWED,NOT_REVIEWED,NOT_REVIEWED,NOT_REVIEWED,NOT_REVIEWED,NOT_REVIEWED,,,,Recovered from the previous live manifest; download integrity verified only.,
esp8266,bh1750,candidates/esp8266__bh1750.jpg,ad785a4aa1c444ffbe2557b28a81496cc7dbdc272e6319146d245baa09a702ab,PENDING,NOT_REVIEWED,NOT_REVIEWED,NOT_REVIEWED,NOT_REVIEWED,NOT_REVIEWED,NOT_REVIEWED,NOT_REVIEWED,NOT_REVIEWED,NOT_REVIEWED,,,,Recovered from the previous live manifest; download integrity verified only.,
esp8266,current-sensor,candidates/esp8266__current-sensor.jpg,eb890cdf8e4e4cfe799c6849aa3a776cdeda7524c3a1ac514ad90dde32b12613,PENDING,NOT_REVIEWED,NOT_REVIEWED,NOT_REVIEWED,NOT_REVIEWED,NOT_REVIEWED,NOT_REVIEWED,NOT_REVIEWED,NOT_REVIEWED,NOT_REVIEWED,,,,Recovered from the previous live manifest; download integrity verified only.,
esp8266,dht11,candidates/esp8266__dht11.jpg,bede0426214c7fb1fb7cda3c822696a53329a2476d785f70ac5b21682ee1388e,PENDING,NOT_REVIEWED,NOT_REVIEWED,NOT_REVIEWED,NOT_REVIEWED,NOT_REVIEWED,NOT_REVIEWED,NOT_REVIEWED,NOT_REVIEWED,NOT_REVIEWED,,,,Recovered from the previous live manifest; download integrity verified only.,
esp8266,ds18b20,candidates/esp8266__ds18b20.jpg,1997f68af8527a1a2ce3b36d6edd4c526a72c73bb1e92254105eab2093f481a7,PENDING,NOT_REVIEWED,NOT_REVIEWED,NOT_REVIEWED,NOT_REVIEWED,NOT_REVIEWED,NOT_REVIEWED,NOT_REVIEWED,NOT_REVIEWED,NOT_REVIEWED,,,,Recovered from the previous live manifest; download integrity verified only.,
esp8266,flame-sensor,candidates/esp8266__flame-sensor.jpg,bc845effbceb27d9d2efbf59fd96efb1b226ba115d43cb5d92a77b58d30a5b46,PENDING,NOT_REVIEWED,NOT_REVIEWED,NOT_REVIEWED,NOT_REVIEWED,NOT_REVIEWED,NOT_REVIEWED,NOT_REVIEWED,NOT_REVIEWED,NOT_REVIEWED,,,,Recovered from the previous live manifest; download integrity verified only.,
esp8266,hc-sr04,candidates/esp8266__hc-sr04.jpg,c75e0cacf217807d2578ec34ecd6236e731ce86739a0153e2dbc85cd75d1a717,PENDING,NOT_REVIEWED,NOT_REVIEWED,NOT_REVIEWED,NOT_REVIEWED,NOT_REVIEWED,NOT_REVIEWED,NOT_REVIEWED,NOT_REVIEWED,NOT_REVIEWED,,,,Recovered from the previous live manifest; download integrity verified only.,
esp8266,heart-rate,candidates/esp8266__heart-rate.jpg,06ea160b504722847a40373519bd146ae5794221b5c9ef97476473217b8323f1,PENDING,NOT_REVIEWED,NOT_REVIEWED,NOT_REVIEWED,NOT_REVIEWED,NOT_REVIEWED,NOT_REVIEWED,NOT_REVIEWED,NOT_REVIEWED,NOT_REVIEWED,,,,Recovered from the previous live manifest; download integrity verified only.,
esp8266,hmc5883l,candidates/esp8266__hmc5883l.jpg,b3bad3a878994def2d4e204775cd7e491cb86cec4b6b4d27425b841e4cebb5ae,PENDING,NOT_REVIEWED,NOT_REVIEWED,NOT_REVIEWED,NOT_REVIEWED,NOT_REVIEWED,NOT_REVIEWED,NOT_REVIEWED,NOT_REVIEWED,NOT_REVIEWED,,,,Recovered from the previous live manifest; download integrity verified only.,
esp8266,ir-sensor,candidates/esp8266__ir-sensor.jpg,5e57f7b276edafc428bc43088ebbafe83d966131df86513b461e0c369512f0ac,PENDING,NOT_REVIEWED,NOT_REVIEWED,NOT_REVIEWED,NOT_REVIEWED,NOT_REVIEWED,NOT_REVIEWED,NOT_REVIEWED,NOT_REVIEWED,NOT_REVIEWED,,,,Recovered from the previous live manifest; download integrity verified only.,
esp8266,ldr,candidates/esp8266__ldr.jpg,80f0f198c2a91e855b027a7cf1eadb1d846465f514c6b2fe4e128a3dc96e4b00,PENDING,NOT_REVIEWED,NOT_REVIEWED,NOT_REVIEWED,NOT_REVIEWED,NOT_REVIEWED,NOT_REVIEWED,NOT_REVIEWED,NOT_REVIEWED,NOT_REVIEWED,,,,Recovered from the previous live manifest; download integrity verified only.,
esp8266,lm35,candidates/esp8266__lm35.jpg,a2430f56931ada86a360d6bb98a6639aaf36cc29b21be2d57bbd9c52ea2c2f6e,PENDING,NOT_REVIEWED,NOT_REVIEWED,NOT_REVIEWED,NOT_REVIEWED,NOT_REVIEWED,NOT_REVIEWED,NOT_REVIEWED,NOT_REVIEWED,NOT_REVIEWED,,,,Recovered from the previous live manifest; download integrity verified only.,
esp8266,mq135,candidates/esp8266__mq135.jpg,40a3cda9a8e6e90fbc3095d3e4e4edbf1e5de9a1e7a86afe77364a1150bb87cf,PENDING,NOT_REVIEWED,NOT_REVIEWED,NOT_REVIEWED,NOT_REVIEWED,NOT_REVIEWED,NOT_REVIEWED,NOT_REVIEWED,NOT_REVIEWED,NOT_REVIEWED,,,,Recovered from the previous live manifest; download integrity verified only.,
esp8266,mq7,candidates/esp8266__mq7.jpg,5de2a371a1f5441d65648680d816cf1535c4b653f3a3db2a6e16d7475998ed10,PENDING,NOT_REVIEWED,NOT_REVIEWED,NOT_REVIEWED,NOT_REVIEWED,NOT_REVIEWED,NOT_REVIEWED,NOT_REVIEWED,NOT_REVIEWED,NOT_REVIEWED,,,,Recovered from the previous live manifest; download integrity verified only.,
esp8266,ph-sensor,candidates/esp8266__ph-sensor.jpg,d72cb1e092360f8200ac07bc4838c9ffd711f10984a0ffc9f1147c77ed983659,PENDING,NOT_REVIEWED,NOT_REVIEWED,NOT_REVIEWED,NOT_REVIEWED,NOT_REVIEWED,NOT_REVIEWED,NOT_REVIEWED,NOT_REVIEWED,NOT_REVIEWED,,,,Recovered from the previous live manifest; download integrity verified only.,
esp8266,pir,candidates/esp8266__pir.jpg,30440edec0b3125da9afddaf2f7ac90a2dcc44c4a1778c157280d0734b4169c0,PENDING,NOT_REVIEWED,NOT_REVIEWED,NOT_REVIEWED,NOT_REVIEWED,NOT_REVIEWED,NOT_REVIEWED,NOT_REVIEWED,NOT_REVIEWED,NOT_REVIEWED,,,,Recovered from the previous live manifest; download integrity verified only.,
esp8266,rain-sensor,candidates/esp8266__rain-sensor.jpg,11c5970851e576bc18fdece81289ac3cf721ef23732986ac6f37566c7ce50d88,PENDING,NOT_REVIEWED,NOT_REVIEWED,NOT_REVIEWED,NOT_REVIEWED,NOT_REVIEWED,NOT_REVIEWED,NOT_REVIEWED,NOT_REVIEWED,NOT_REVIEWED,,,,Recovered from the previous live manifest; download integrity verified only.,
esp8266,soil-moisture,candidates/esp8266__soil-moisture.jpg,e5b3ea38e578aca8e9f1b3c8d65e732771b1a12bfa33ac87dd0ff3c4b2340350,PENDING,NOT_REVIEWED,NOT_REVIEWED,NOT_REVIEWED,NOT_REVIEWED,NOT_REVIEWED,NOT_REVIEWED,NOT_REVIEWED,NOT_REVIEWED,NOT_REVIEWED,,,,Recovered from the previous live manifest; download integrity verified only.,
esp8266,water-level,candidates/esp8266__water-level.jpg,8d2dcb01b443e14e0afd2934d9e454205ce586c73d9431855d5d5fd0c69e1070,PENDING,NOT_REVIEWED,NOT_REVIEWED,NOT_REVIEWED,NOT_REVIEWED,NOT_REVIEWED,NOT_REVIEWED,NOT_REVIEWED,NOT_REVIEWED,NOT_REVIEWED,,,,Recovered from the previous live manifest; download integrity verified only.,
raspberry-pi,bh1750,candidates/raspberry-pi__bh1750.jpg,1166f27e225bf98a11edec0234f80dafe039ebcebbdca78768935fc7a8666efb,PENDING,NOT_REVIEWED,NOT_REVIEWED,NOT_REVIEWED,NOT_REVIEWED,NOT_REVIEWED,NOT_REVIEWED,NOT_REVIEWED,NOT_REVIEWED,NOT_REVIEWED,,,,Recovered from the previous live manifest; download integrity verified only.,
raspberry-pi,color-sensor,candidates/raspberry-pi__color-sensor.jpg,4d47574fac45c7142487f1691d493de8dea9630728dc8108af4fdc11fbf95b5c,PENDING,NOT_REVIEWED,NOT_REVIEWED,NOT_REVIEWED,NOT_REVIEWED,NOT_REVIEWED,NOT_REVIEWED,NOT_REVIEWED,NOT_REVIEWED,NOT_REVIEWED,,,,Recovered from the previous live manifest; download integrity verified only.,
raspberry-pi,current-sensor,candidates/raspberry-pi__current-sensor.jpg,ac35c61ec18d3a5079f4f75e329a37169ebc2eb24084f5d36f864a9c222a5a3e,PENDING,NOT_REVIEWED,NOT_REVIEWED,NOT_REVIEWED,NOT_REVIEWED,NOT_REVIEWED,NOT_REVIEWED,NOT_REVIEWED,NOT_REVIEWED,NOT_REVIEWED,,,,Recovered from the previous live manifest; download integrity verified only.,
raspberry-pi,lm35,candidates/raspberry-pi__lm35.jpg,01933644bed5b5b92f57318d56de7dff15671a8b2e603f54dfdf3e6c8fd41b9f,PENDING,NOT_REVIEWED,NOT_REVIEWED,NOT_REVIEWED,NOT_REVIEWED,NOT_REVIEWED,NOT_REVIEWED,NOT_REVIEWED,NOT_REVIEWED,NOT_REVIEWED,,,,Recovered from the previous live manifest; download integrity verified only.,
raspberry-pi,load-cell,candidates/raspberry-pi__load-cell.jpg,97f268603d18f2d2d270268d7fc6f362e000bc1c13922a050bdadae3da3ffd8d,PENDING,NOT_REVIEWED,NOT_REVIEWED,NOT_REVIEWED,NOT_REVIEWED,NOT_REVIEWED,NOT_REVIEWED,NOT_REVIEWED,NOT_REVIEWED,NOT_REVIEWED,,,,Recovered from the previous live manifest; download integrity verified only.,
raspberry-pi,mq135,candidates/raspberry-pi__mq135.jpg,1f392607f85ce078f75abca1669a196574f7720ce8304a3edface23febdd5067,PENDING,NOT_REVIEWED,NOT_REVIEWED,NOT_REVIEWED,NOT_REVIEWED,NOT_REVIEWED,NOT_REVIEWED,NOT_REVIEWED,NOT_REVIEWED,NOT_REVIEWED,,,,Recovered from the previous live manifest; download integrity verified only.,
raspberry-pi,ph-sensor,candidates/raspberry-pi__ph-sensor.jpg,9ac1e7d1491c6f1f6cd7157dec0040e0a509aff4829738e63678095a13583d5b,PENDING,NOT_REVIEWED,NOT_REVIEWED,NOT_REVIEWED,NOT_REVIEWED,NOT_REVIEWED,NOT_REVIEWED,NOT_REVIEWED,NOT_REVIEWED,NOT_REVIEWED,,,,Recovered from the previous live manifest; download integrity verified only.,
raspberry-pi,rain-sensor,candidates/raspberry-pi__rain-sensor.jpg,4f633541d2ed66219f7b23cb60b9489c6d4bf102d6e1b810bd825458537c51f7,PENDING,NOT_REVIEWED,NOT_REVIEWED,NOT_REVIEWED,NOT_REVIEWED,NOT_REVIEWED,NOT_REVIEWED,NOT_REVIEWED,NOT_REVIEWED,NOT_REVIEWED,,,,Recovered from the previous live manifest; download integrity verified only.,
raspberry-pi,water-level,candidates/raspberry-pi__water-level.jpg,9fd579a202af299fdf460041c89d2bce8452874509db3c46cab0479eacab755a,PENDING,NOT_REVIEWED,NOT_REVIEWED,NOT_REVIEWED,NOT_REVIEWED,NOT_REVIEWED,NOT_REVIEWED,NOT_REVIEWED,NOT_REVIEWED,NOT_REVIEWED,,,,Recovered from the previous live manifest; download integrity verified only.,
raspberry-pi-pico,bh1750,candidates/raspberry-pi-pico__bh1750.jpg,bf54060ff63dc2f6ce02296b10c2248869c4aa73bcee66eb7fce1d7659a50b52,PENDING,NOT_REVIEWED,NOT_REVIEWED,NOT_REVIEWED,NOT_REVIEWED,NOT_REVIEWED,NOT_REVIEWED,NOT_REVIEWED,NOT_REVIEWED,NOT_REVIEWED,,,,Recovered from the previous live manifest; download integrity verified only.,
raspberry-pi-pico,boost,candidates/raspberry-pi-pico__boost.jpg,799e1d2b0087af8546f511ac49d8cf678bd2f20744f4b8059eb8b277ae23246b,PENDING,NOT_REVIEWED,NOT_REVIEWED,NOT_REVIEWED,NOT_REVIEWED,NOT_REVIEWED,NOT_REVIEWED,NOT_REVIEWED,NOT_REVIEWED,NOT_REVIEWED,,,,Recovered from the previous live manifest; download integrity verified only.,
raspberry-pi-pico,dc-motor,candidates/raspberry-pi-pico__dc-motor.jpg,44c11b2af0b095dc8cdf4d12ced24556496a8c3a78a4ba78cd2df59e5a608ac6,PENDING,NOT_REVIEWED,NOT_REVIEWED,NOT_REVIEWED,NOT_REVIEWED,NOT_REVIEWED,NOT_REVIEWED,NOT_REVIEWED,NOT_REVIEWED,NOT_REVIEWED,,,,Recovered from the previous live manifest; download integrity verified only.,
raspberry-pi-pico,ds18b20,candidates/raspberry-pi-pico__ds18b20.jpg,a3f605088e3a53b89ce196cc7f3b2d62d26be22c83ec0b0349e9459ecc92bb07,PENDING,NOT_REVIEWED,NOT_REVIEWED,NOT_REVIEWED,NOT_REVIEWED,NOT_REVIEWED,NOT_REVIEWED,NOT_REVIEWED,NOT_REVIEWED,NOT_REVIEWED,,,,Recovered from the previous live manifest; download integrity verified only.,
raspberry-pi-pico,flame-sensor,candidates/raspberry-pi-pico__flame-sensor.jpg,d888c6574f6bc5b5d8d25029699644f161cca80e2588d1ff2e6815fb8af33f1b,PENDING,NOT_REVIEWED,NOT_REVIEWED,NOT_REVIEWED,NOT_REVIEWED,NOT_REVIEWED,NOT_REVIEWED,NOT_REVIEWED,NOT_REVIEWED,NOT_REVIEWED,,,,Recovered from the previous live manifest; download integrity verified only.,
raspberry-pi-pico,ir-flame-array,candidates/raspberry-pi-pico__ir-flame-array.jpg,dc6b78862b8a7dfccd67fb11a76c004747e023411a07ed7fffd738d121f3c48d,PENDING,NOT_REVIEWED,NOT_REVIEWED,NOT_REVIEWED,NOT_REVIEWED,NOT_REVIEWED,NOT_REVIEWED,NOT_REVIEWED,NOT_REVIEWED,NOT_REVIEWED,,,,Recovered from the previous live manifest; download integrity verified only.,
raspberry-pi-pico,ir-sensor,candidates/raspberry-pi-pico__ir-sensor.jpg,5375447468e05be51df0f3b29bed36bcd2358604bab85bc2af71d35cd65fef9b,PENDING,NOT_REVIEWED,NOT_REVIEWED,NOT_REVIEWED,NOT_REVIEWED,NOT_REVIEWED,NOT_REVIEWED,NOT_REVIEWED,NOT_REVIEWED,NOT_REVIEWED,,,,Recovered from the previous live manifest; download integrity verified only.,
raspberry-pi-pico,l298n,candidates/raspberry-pi-pico__l298n.jpg,89fc0ee3aeb8e6de8d51fc5e52da456bab91cf75d2f22b2bbffd14b09d20a2bc,PENDING,NOT_REVIEWED,NOT_REVIEWED,NOT_REVIEWED,NOT_REVIEWED,NOT_REVIEWED,NOT_REVIEWED,NOT_REVIEWED,NOT_REVIEWED,NOT_REVIEWED,,,,Recovered from the previous live manifest; download integrity verified only.,
raspberry-pi-pico,linear-actuator,candidates/raspberry-pi-pico__linear-actuator.jpg,3ae2caf237f48e46d2111c14c5721b255c2041a668404ea6b437b9e0743dae90,PENDING,NOT_REVIEWED,NOT_REVIEWED,NOT_REVIEWED,NOT_REVIEWED,NOT_REVIEWED,NOT_REVIEWED,NOT_REVIEWED,NOT_REVIEWED,NOT_REVIEWED,,,,Recovered from the previous live manifest; download integrity verified only.,
raspberry-pi-pico,lipo,candidates/raspberry-pi-pico__lipo.jpg,59832407c238afad72e1666dff877f1df686d44033a7f177532183f589465717,PENDING,NOT_REVIEWED,NOT_REVIEWED,NOT_REVIEWED,NOT_REVIEWED,NOT_REVIEWED,NOT_REVIEWED,NOT_REVIEWED,NOT_REVIEWED,NOT_REVIEWED,,,,Recovered from the previous live manifest; download integrity verified only.,
raspberry-pi-pico,lm35,candidates/raspberry-pi-pico__lm35.jpg,5d4d7c21d1fdabd3eabdd737e6edd4cb04ec6df1a2839154540f00ede7a6f3c4,PENDING,NOT_REVIEWED,NOT_REVIEWED,NOT_REVIEWED,NOT_REVIEWED,NOT_REVIEWED,NOT_REVIEWED,NOT_REVIEWED,NOT_REVIEWED,NOT_REVIEWED,,,,Recovered from the previous live manifest; download integrity verified only.,
raspberry-pi-pico,lora,candidates/raspberry-pi-pico__lora.jpg,2b746760fdf59c122f470d206a0f1d7200b0d560e2f94484fa0b74745fc1e516,PENDING,NOT_REVIEWED,NOT_REVIEWED,NOT_REVIEWED,NOT_REVIEWED,NOT_REVIEWED,NOT_REVIEWED,NOT_REVIEWED,NOT_REVIEWED,NOT_REVIEWED,,,,Recovered from the previous live manifest; download integrity verified only.,
raspberry-pi-pico,ph-sensor,candidates/raspberry-pi-pico__ph-sensor.jpg,48a95317a4dbfd35aa8422941f30dc085f0543651b2d7f4dd9be17d835c402af,PENDING,NOT_REVIEWED,NOT_REVIEWED,NOT_REVIEWED,NOT_REVIEWED,NOT_REVIEWED,NOT_REVIEWED,NOT_REVIEWED,NOT_REVIEWED,NOT_REVIEWED,,,,Recovered from the previous live manifest; download integrity verified only.,
raspberry-pi-pico,rain-sensor,candidates/raspberry-pi-pico__rain-sensor.jpg,c90498cdc22e60fc3c8eb71073a7b6549c0f6a40023858cd9d8618f41abce1b6,PENDING,NOT_REVIEWED,NOT_REVIEWED,NOT_REVIEWED,NOT_REVIEWED,NOT_REVIEWED,NOT_REVIEWED,NOT_REVIEWED,NOT_REVIEWED,NOT_REVIEWED,,,,Recovered from the previous live manifest; download integrity verified only.,
raspberry-pi-pico,servo,candidates/raspberry-pi-pico__servo.jpg,ad5f7c2ee36a0b74b2b8e512e9f3f2617ff69db812dd8d775455c41054b6ae66,PENDING,NOT_REVIEWED,NOT_REVIEWED,NOT_REVIEWED,NOT_REVIEWED,NOT_REVIEWED,NOT_REVIEWED,NOT_REVIEWED,NOT_REVIEWED,NOT_REVIEWED,,,,Recovered from the previous live manifest; download integrity verified only.,
raspberry-pi-pico,sim900,candidates/raspberry-pi-pico__sim900.jpg,f6bd9c109a37c5043c51b044f8cfc814c3138e28443c4bf6cf5bddb2c873e9e9,PENDING,NOT_REVIEWED,NOT_REVIEWED,NOT_REVIEWED,NOT_REVIEWED,NOT_REVIEWED,NOT_REVIEWED,NOT_REVIEWED,NOT_REVIEWED,NOT_REVIEWED,,,,Recovered from the previous live manifest; download integrity verified only.,
raspberry-pi-pico,voltage-sensor,candidates/raspberry-pi-pico__voltage-sensor.jpg,f6c8971df75c64c5a5b66ad407511b30660ab2a17e169d19e765285f5ab565f4,PENDING,NOT_REVIEWED,NOT_REVIEWED,NOT_REVIEWED,NOT_REVIEWED,NOT_REVIEWED,NOT_REVIEWED,NOT_REVIEWED,NOT_REVIEWED,NOT_REVIEWED,,,,Recovered from the previous live manifest; download integrity verified only.,
stm32,ds18b20,candidates/stm32__ds18b20.jpg,579c7b23813e410c11b94655427d54051774ddd2f473b9565fb0339de56bc638,PENDING,NOT_REVIEWED,NOT_REVIEWED,NOT_REVIEWED,NOT_REVIEWED,NOT_REVIEWED,NOT_REVIEWED,NOT_REVIEWED,NOT_REVIEWED,NOT_REVIEWED,,,,Recovered from the previous live manifest; download integrity verified only.,
stm32,mq135,candidates/stm32__mq135.jpg,57ddef6f4b2205ec598b3aa7db7626962208d5c667e627a42cba189a5a03a09e,PENDING,NOT_REVIEWED,NOT_REVIEWED,NOT_REVIEWED,NOT_REVIEWED,NOT_REVIEWED,NOT_REVIEWED,NOT_REVIEWED,NOT_REVIEWED,NOT_REVIEWED,,,,Recovered from the previous live manifest; download integrity verified only.,
stm32,rain-sensor,candidates/stm32__rain-sensor.jpg,51c3244ecf25ada993576790651f8f14eb7fb17b681944e6892085bf86691ba6,PENDING,NOT_REVIEWED,NOT_REVIEWED,NOT_REVIEWED,NOT_REVIEWED,NOT_REVIEWED,NOT_REVIEWED,NOT_REVIEWED,NOT_REVIEWED,NOT_REVIEWED,,,,Recovered from the previous live manifest; download integrity verified only.,
teensy,a4988,candidates/teensy__a4988.jpg,e165afdc44db2ebbbb291a364ce4031dd6be35db3cba94720cfe43d3238289b1,PENDING,NOT_REVIEWED,NOT_REVIEWED,NOT_REVIEWED,NOT_REVIEWED,NOT_REVIEWED,NOT_REVIEWED,NOT_REVIEWED,NOT_REVIEWED,NOT_REVIEWED,,,,Recovered from the previous live manifest; download integrity verified only.,
teensy,ams1117,candidates/teensy__ams1117.jpg,057f68e23aa38857f8fd0bc92d0fdf9beefdcfa0e81ec19f00b3d870c68bdcb8,PENDING,NOT_REVIEWED,NOT_REVIEWED,NOT_REVIEWED,NOT_REVIEWED,NOT_REVIEWED,NOT_REVIEWED,NOT_REVIEWED,NOT_REVIEWED,NOT_REVIEWED,,,,Recovered from the previous live manifest; download integrity verified only.,
teensy,bh1750,candidates/teensy__bh1750.jpg,39838dc491d88428de32c79fe10263c8d0f85f85f3a35ccdc41bff11630b838c,PENDING,NOT_REVIEWED,NOT_REVIEWED,NOT_REVIEWED,NOT_REVIEWED,NOT_REVIEWED,NOT_REVIEWED,NOT_REVIEWED,NOT_REVIEWED,NOT_REVIEWED,,,,Recovered from the previous live manifest; download integrity verified only.,
teensy,ble,candidates/teensy__ble.jpg,dc8f3b001c5e2aa5ac816a965ae241769f8c1dfc19b0dd069ff3984052a12bd9,PENDING,NOT_REVIEWED,NOT_REVIEWED,NOT_REVIEWED,NOT_REVIEWED,NOT_REVIEWED,NOT_REVIEWED,NOT_REVIEWED,NOT_REVIEWED,NOT_REVIEWED,,,,Recovered from the previous live manifest; download integrity verified only.,
teensy,bmp280,candidates/teensy__bmp280.jpg,861b967c41025775c5fb5e06fbd4fe1598aa11c1016eff344583dbc77c9a427d,PENDING,NOT_REVIEWED,NOT_REVIEWED,NOT_REVIEWED,NOT_REVIEWED,NOT_REVIEWED,NOT_REVIEWED,NOT_REVIEWED,NOT_REVIEWED,NOT_REVIEWED,,,,Recovered from the previous live manifest; download integrity verified only.,
teensy,boost,candidates/teensy__boost.jpg,e2c1673d5469314599b43bdf09e310f1d5ef19754c2c933dff9962a5feff56ee,PENDING,NOT_REVIEWED,NOT_REVIEWED,NOT_REVIEWED,NOT_REVIEWED,NOT_REVIEWED,NOT_REVIEWED,NOT_REVIEWED,NOT_REVIEWED,NOT_REVIEWED,,,,Recovered from the previous live manifest; download integrity verified only.,
teensy,buck,candidates/teensy__buck.jpg,0f1ed0e23fdcbb445104335e32cdcf977330c78d0bfa1e226aaec711aba8b3f1,PENDING,NOT_REVIEWED,NOT_REVIEWED,NOT_REVIEWED,NOT_REVIEWED,NOT_REVIEWED,NOT_REVIEWED,NOT_REVIEWED,NOT_REVIEWED,NOT_REVIEWED,,,,Recovered from the previous live manifest; download integrity verified only.,
teensy,buzzer,candidates/teensy__buzzer.jpg,870a8bfcdd88c8c05e124fb4544af742f2fd98cc6f7ad3649b5cb53e0f041b2b,PENDING,NOT_REVIEWED,NOT_REVIEWED,NOT_REVIEWED,NOT_REVIEWED,NOT_REVIEWED,NOT_REVIEWED,NOT_REVIEWED,NOT_REVIEWED,NOT_REVIEWED,,,,Recovered from the previous live manifest; download integrity verified only.,
teensy,color-sensor,candidates/teensy__color-sensor.jpg,28cf8e35221bec52e8d16565cdf25c2146f555c10cdd396c55a783c6679fed28,PENDING,NOT_REVIEWED,NOT_REVIEWED,NOT_REVIEWED,NOT_REVIEWED,NOT_REVIEWED,NOT_REVIEWED,NOT_REVIEWED,NOT_REVIEWED,NOT_REVIEWED,,,,Recovered from the previous live manifest; download integrity verified only.,
teensy,contactor,candidates/teensy__contactor.jpg,6c36a4712d0a092e4e0ad6ccdd67d1807f6521616671747b533d6bdda1885c2c,PENDING,NOT_REVIEWED,NOT_REVIEWED,NOT_REVIEWED,NOT_REVIEWED,NOT_REVIEWED,NOT_REVIEWED,NOT_REVIEWED,NOT_REVIEWED,NOT_REVIEWED,,,,Recovered from the previous live manifest; download integrity verified only.,
teensy,current-sensor,candidates/teensy__current-sensor.jpg,e4177883be9be1350eb653db755ff9ac8bf95ca29e72a0472c5d39b8a603b8b3,PENDING,NOT_REVIEWED,NOT_REVIEWED,NOT_REVIEWED,NOT_REVIEWED,NOT_REVIEWED,NOT_REVIEWED,NOT_REVIEWED,NOT_REVIEWED,NOT_REVIEWED,,,,Recovered from the previous live manifest; download integrity verified only.,
teensy,dc-motor,candidates/teensy__dc-motor.jpg,bd3eb2521e19e733fef2778f3aee0dc87658e52b939c82b2b1af6303496bbad0,PENDING,NOT_REVIEWED,NOT_REVIEWED,NOT_REVIEWED,NOT_REVIEWED,NOT_REVIEWED,NOT_REVIEWED,NOT_REVIEWED,NOT_REVIEWED,NOT_REVIEWED,,,,Recovered from the previous live manifest; download integrity verified only.,
teensy,dht11,candidates/teensy__dht11.jpg,6d182dfa0adb333d1147f98e0deac7a1431b971aaef68424990643ceab9489bc,PENDING,NOT_REVIEWED,NOT_REVIEWED,NOT_REVIEWED,NOT_REVIEWED,NOT_REVIEWED,NOT_REVIEWED,NOT_REVIEWED,NOT_REVIEWED,NOT_REVIEWED,,,,Recovered from the previous live manifest; download integrity verified only.,
teensy,ds18b20,candidates/teensy__ds18b20.jpg,9e5e5268b76a61e0f0c3099b441b2b54c85680662b4a310a31d10fc9f7ebf700,PENDING,NOT_REVIEWED,NOT_REVIEWED,NOT_REVIEWED,NOT_REVIEWED,NOT_REVIEWED,NOT_REVIEWED,NOT_REVIEWED,NOT_REVIEWED,NOT_REVIEWED,,,,Recovered from the previous live manifest; download integrity verified only.,
teensy,epaper,candidates/teensy__epaper.jpg,7e8a40b7ecc76df35fd69c1bbdeaa6f2400b5e73faf48c3ea7b793ffc470c2bf,PENDING,NOT_REVIEWED,NOT_REVIEWED,NOT_REVIEWED,NOT_REVIEWED,NOT_REVIEWED,NOT_REVIEWED,NOT_REVIEWED,NOT_REVIEWED,NOT_REVIEWED,,,,Recovered from the previous live manifest; download integrity verified only.,
teensy,ethernet-mod,candidates/teensy__ethernet-mod.jpg,2d86ed8145e9c9dbe3fe89fbc525d1a50e1c90c6488871d942887ec879fbf348,PENDING,NOT_REVIEWED,NOT_REVIEWED,NOT_REVIEWED,NOT_REVIEWED,NOT_REVIEWED,NOT_REVIEWED,NOT_REVIEWED,NOT_REVIEWED,NOT_REVIEWED,,,,Recovered from the previous live manifest; download integrity verified only.,
teensy,fingerprint-mod,candidates/teensy__fingerprint-mod.jpg,057e69976af9fdae55778681c31c0957de5a4bedeb26d2d8f0689f6a4421cc2f,PENDING,NOT_REVIEWED,NOT_REVIEWED,NOT_REVIEWED,NOT_REVIEWED,NOT_REVIEWED,NOT_REVIEWED,NOT_REVIEWED,NOT_REVIEWED,NOT_REVIEWED,,,,Recovered from the previous live manifest; download integrity verified only.,
teensy,flame-sensor,candidates/teensy__flame-sensor.jpg,bdeb68b9d8081990d4d26ba91b1d9d1b5912130078af9834d59ed96616a343cf,PENDING,NOT_REVIEWED,NOT_REVIEWED,NOT_REVIEWED,NOT_REVIEWED,NOT_REVIEWED,NOT_REVIEWED,NOT_REVIEWED,NOT_REVIEWED,NOT_REVIEWED,,,,Recovered from the previous live manifest; download integrity verified only.,
teensy,flow-sensor,candidates/teensy__flow-sensor.jpg,4d9304d34554749e8df2433cb6dc9460f886ebd25dc6f5a106b4d8797be53517,PENDING,NOT_REVIEWED,NOT_REVIEWED,NOT_REVIEWED,NOT_REVIEWED,NOT_REVIEWED,NOT_REVIEWED,NOT_REVIEWED,NOT_REVIEWED,NOT_REVIEWED,,,,Recovered from the previous live manifest; download integrity verified only.,
teensy,gps-neo6,candidates/teensy__gps-neo6.jpg,60cc648474a890bd41c2bd474b85adc14918cd621bc45f3de331ff7549ce474f,PENDING,NOT_REVIEWED,NOT_REVIEWED,NOT_REVIEWED,NOT_REVIEWED,NOT_REVIEWED,NOT_REVIEWED,NOT_REVIEWED,NOT_REVIEWED,NOT_REVIEWED,,,,Recovered from the previous live manifest; download integrity verified only.,
teensy,hc05,candidates/teensy__hc05.jpg,d0bee579a20656f0a178d8befe20289ca914e3fd59fe468355450b7142605a42,PENDING,NOT_REVIEWED,NOT_REVIEWED,NOT_REVIEWED,NOT_REVIEWED,NOT_REVIEWED,NOT_REVIEWED,NOT_REVIEWED,NOT_REVIEWED,NOT_REVIEWED,,,,Recovered from the previous live manifest; download integrity verified only.,
teensy,heart-rate,candidates/teensy__heart-rate.jpg,e595a18c1d7d4c2c9f4df36ce101d78ce4a3b3bef0112d1ac9a206c308bc17b2,PENDING,NOT_REVIEWED,NOT_REVIEWED,NOT_REVIEWED,NOT_REVIEWED,NOT_REVIEWED,NOT_REVIEWED,NOT_REVIEWED,NOT_REVIEWED,NOT_REVIEWED,,,,Recovered from the previous live manifest; download integrity verified only.,
teensy,hmc5883l,candidates/teensy__hmc5883l.jpg,7c34a5009726156477cadc805fd3868ae4042b5f5f79051e9d0f9f2fa7e907a7,PENDING,NOT_REVIEWED,NOT_REVIEWED,NOT_REVIEWED,NOT_REVIEWED,NOT_REVIEWED,NOT_REVIEWED,NOT_REVIEWED,NOT_REVIEWED,NOT_REVIEWED,,,,Recovered from the previous live manifest; download integrity verified only.,
teensy,hmi,candidates/teensy__hmi.jpg,71f560f95d4f11fbe61df91550e233587f5047fae467f9ec2da68e7015672222,PENDING,NOT_REVIEWED,NOT_REVIEWED,NOT_REVIEWED,NOT_REVIEWED,NOT_REVIEWED,NOT_REVIEWED,NOT_REVIEWED,NOT_REVIEWED,NOT_REVIEWED,,,,Recovered from the previous live manifest; download integrity verified only.,
teensy,ir-flame-array,candidates/teensy__ir-flame-array.jpg,a1ebc8cba6455a996dce3a750bbdbf8aadc476bd9820a671b8d2cce2daf377e3,PENDING,NOT_REVIEWED,NOT_REVIEWED,NOT_REVIEWED,NOT_REVIEWED,NOT_REVIEWED,NOT_REVIEWED,NOT_REVIEWED,NOT_REVIEWED,NOT_REVIEWED,,,,Recovered from the previous live manifest; download integrity verified only.,
teensy,ir-sensor,candidates/teensy__ir-sensor.jpg,58e11d57f5218e80afe9cbee70a22a32632c12538ee3bb10ca2d5b00036fbb5b,PENDING,NOT_REVIEWED,NOT_REVIEWED,NOT_REVIEWED,NOT_REVIEWED,NOT_REVIEWED,NOT_REVIEWED,NOT_REVIEWED,NOT_REVIEWED,NOT_REVIEWED,,,,Recovered from the previous live manifest; download integrity verified only.,
teensy,l293d,candidates/teensy__l293d.jpg,a680c527a113e53ff80dd74c0e8ac1a6928b90583b4715de6f935534fa1995c0,PENDING,NOT_REVIEWED,NOT_REVIEWED,NOT_REVIEWED,NOT_REVIEWED,NOT_REVIEWED,NOT_REVIEWED,NOT_REVIEWED,NOT_REVIEWED,NOT_REVIEWED,,,,Recovered from the previous live manifest; download integrity verified only.,
teensy,l298n,candidates/teensy__l298n.jpg,c9a93a9cd8d8e59e11a772015046f770950bc70540511460fdef6a0b63ddc209,PENDING,NOT_REVIEWED,NOT_REVIEWED,NOT_REVIEWED,NOT_REVIEWED,NOT_REVIEWED,NOT_REVIEWED,NOT_REVIEWED,NOT_REVIEWED,NOT_REVIEWED,,,,Recovered from the previous live manifest; download integrity verified only.,
teensy,ldr,candidates/teensy__ldr.jpg,269cde9b2cf4d19c64e9e5d731cd1515027cabcd66fa90597cb4fe46a21e1608,PENDING,NOT_REVIEWED,NOT_REVIEWED,NOT_REVIEWED,NOT_REVIEWED,NOT_REVIEWED,NOT_REVIEWED,NOT_REVIEWED,NOT_REVIEWED,NOT_REVIEWED,,,,Recovered from the previous live manifest; download integrity verified only.,
teensy,led-matrix,candidates/teensy__led-matrix.jpg,e20f8d05ae75fe3390441c76bc32f8b3f69817239f76bcd0d0f185ae7d9c37c6,PENDING,NOT_REVIEWED,NOT_REVIEWED,NOT_REVIEWED,NOT_REVIEWED,NOT_REVIEWED,NOT_REVIEWED,NOT_REVIEWED,NOT_REVIEWED,NOT_REVIEWED,,,,Recovered from the previous live manifest; download integrity verified only.,
teensy,lidar-sensor,candidates/teensy__lidar-sensor.jpg,157e392568817053772d77d27a43f8072e41e2035b11912e181426356648f2e5,PENDING,NOT_REVIEWED,NOT_REVIEWED,NOT_REVIEWED,NOT_REVIEWED,NOT_REVIEWED,NOT_REVIEWED,NOT_REVIEWED,NOT_REVIEWED,NOT_REVIEWED,,,,Recovered from the previous live manifest; download integrity verified only.,
teensy,lipo,candidates/teensy__lipo.jpg,97f5076bc4d029b141a4198c8192aa96d1976eb00d801d98a3ce33279b69b70f,PENDING,NOT_REVIEWED,NOT_REVIEWED,NOT_REVIEWED,NOT_REVIEWED,NOT_REVIEWED,NOT_REVIEWED,NOT_REVIEWED,NOT_REVIEWED,NOT_REVIEWED,,,,Recovered from the previous live manifest; download integrity verified only.,
teensy,lm35,candidates/teensy__lm35.jpg,cb1656b3499292173539aed43981c5a3533cb24acadc613024cc6e10e08f9538,PENDING,NOT_REVIEWED,NOT_REVIEWED,NOT_REVIEWED,NOT_REVIEWED,NOT_REVIEWED,NOT_REVIEWED,NOT_REVIEWED,NOT_REVIEWED,NOT_REVIEWED,,,,Recovered from the previous live manifest; download integrity verified only.,
teensy,load-cell,candidates/teensy__load-cell.jpg,a4147cb840b989546883a81ffa227e70fbf28176a58916c31a4d0b6b5f15cece,PENDING,NOT_REVIEWED,NOT_REVIEWED,NOT_REVIEWED,NOT_REVIEWED,NOT_REVIEWED,NOT_REVIEWED,NOT_REVIEWED,NOT_REVIEWED,NOT_REVIEWED,,,,Recovered from the previous live manifest; download integrity verified only.,
teensy,lora,candidates/teensy__lora.jpg,c7184e360e9b0e55d1ba319b51c25a31359303df5802bf87af9f4fce2e3de601,PENDING,NOT_REVIEWED,NOT_REVIEWED,NOT_REVIEWED,NOT_REVIEWED,NOT_REVIEWED,NOT_REVIEWED,NOT_REVIEWED,NOT_REVIEWED,NOT_REVIEWED,,,,Recovered from the previous live manifest; download integrity verified only.,
teensy,mpu6050,candidates/teensy__mpu6050.jpg,efba8896806f2aa45d09f6ce3521a5422d6eef230353dcf0b5d02f7ac59f0135,PENDING,NOT_REVIEWED,NOT_REVIEWED,NOT_REVIEWED,NOT_REVIEWED,NOT_REVIEWED,NOT_REVIEWED,NOT_REVIEWED,NOT_REVIEWED,NOT_REVIEWED,,,,Recovered from the previous live manifest; download integrity verified only.,
teensy,mq135,candidates/teensy__mq135.jpg,30bb3cca86ed117b912de5682ba91a7c5a5ed08a774c6eae2f42f4347dd236a1,PENDING,NOT_REVIEWED,NOT_REVIEWED,NOT_REVIEWED,NOT_REVIEWED,NOT_REVIEWED,NOT_REVIEWED,NOT_REVIEWED,NOT_REVIEWED,NOT_REVIEWED,,,,Recovered from the previous live manifest; download integrity verified only.,
teensy,mq7,candidates/teensy__mq7.jpg,44590ca0f8ba23b329ed8c1a046a13b1af877a2deb4da8f695cc28559c5c0212,PENDING,NOT_REVIEWED,NOT_REVIEWED,NOT_REVIEWED,NOT_REVIEWED,NOT_REVIEWED,NOT_REVIEWED,NOT_REVIEWED,NOT_REVIEWED,NOT_REVIEWED,,,,Recovered from the previous live manifest; download integrity verified only.,
teensy,nrf24,candidates/teensy__nrf24.jpg,5101e48fc951ff45dfc20efb19d79d8914b74c46debe06a565b0a4ff4048a383,PENDING,NOT_REVIEWED,NOT_REVIEWED,NOT_REVIEWED,NOT_REVIEWED,NOT_REVIEWED,NOT_REVIEWED,NOT_REVIEWED,NOT_REVIEWED,NOT_REVIEWED,,,,Recovered from the previous live manifest; download integrity verified only.,
teensy,ph-sensor,candidates/teensy__ph-sensor.jpg,d382eb464142e6b7c53b3b8bd3cc9b4f368a815ced8a8a720ca237f13c2de0bd,PENDING,NOT_REVIEWED,NOT_REVIEWED,NOT_REVIEWED,NOT_REVIEWED,NOT_REVIEWED,NOT_REVIEWED,NOT_REVIEWED,NOT_REVIEWED,NOT_REVIEWED,,,,Recovered from the previous live manifest; download integrity verified only.,
teensy,plc,candidates/teensy__plc.jpg,2a210cf1fc140740961908d64158eaec038b219bed354aa175cd53fa2c00ed2b,PENDING,NOT_REVIEWED,NOT_REVIEWED,NOT_REVIEWED,NOT_REVIEWED,NOT_REVIEWED,NOT_REVIEWED,NOT_REVIEWED,NOT_REVIEWED,NOT_REVIEWED,,,,Recovered from the previous live manifest; download integrity verified only.,
teensy,proximity,candidates/teensy__proximity.jpg,4821f892e4644fd5577729b71356cdacf658ffeb8886cacd4752259d92612acd,PENDING,NOT_REVIEWED,NOT_REVIEWED,NOT_REVIEWED,NOT_REVIEWED,NOT_REVIEWED,NOT_REVIEWED,NOT_REVIEWED,NOT_REVIEWED,NOT_REVIEWED,,,,Recovered from the previous live manifest; download integrity verified only.,
teensy,rain-sensor,candidates/teensy__rain-sensor.jpg,0365f2f585aff1cf088a08bd8d3b053563783caa4cb2c9317b661269b4a3df06,PENDING,NOT_REVIEWED,NOT_REVIEWED,NOT_REVIEWED,NOT_REVIEWED,NOT_REVIEWED,NOT_REVIEWED,NOT_REVIEWED,NOT_REVIEWED,NOT_REVIEWED,,,,Recovered from the previous live manifest; download integrity verified only.,
teensy,relay-module,candidates/teensy__relay-module.jpg,7d13cb78500f57aa44b73f3356ec75453835f94f07c8656e682bb4ddfff72e04,PENDING,NOT_REVIEWED,NOT_REVIEWED,NOT_REVIEWED,NOT_REVIEWED,NOT_REVIEWED,NOT_REVIEWED,NOT_REVIEWED,NOT_REVIEWED,NOT_REVIEWED,,,,Recovered from the previous live manifest; download integrity verified only.,
teensy,rfid-rc522,candidates/teensy__rfid-rc522.jpg,bea6c7dc77fac35fe06c7dff446d7a267bc374b1dc9f4f522f35e090b287b496,PENDING,NOT_REVIEWED,NOT_REVIEWED,NOT_REVIEWED,NOT_REVIEWED,NOT_REVIEWED,NOT_REVIEWED,NOT_REVIEWED,NOT_REVIEWED,NOT_REVIEWED,,,,Recovered from the previous live manifest; download integrity verified only.,
teensy,servo,candidates/teensy__servo.jpg,c2c48870401c285127987d732806f319bca56d24254df5b33e60ba2300429d8b,PENDING,NOT_REVIEWED,NOT_REVIEWED,NOT_REVIEWED,NOT_REVIEWED,NOT_REVIEWED,NOT_REVIEWED,NOT_REVIEWED,NOT_REVIEWED,NOT_REVIEWED,,,,Recovered from the previous live manifest; download integrity verified only.,
teensy,sim900,candidates/teensy__sim900.jpg,47ca40fdf2f5f0fec40568a55a5e4e96675192639debc065ddda8a42c3c27b2f,PENDING,NOT_REVIEWED,NOT_REVIEWED,NOT_REVIEWED,NOT_REVIEWED,NOT_REVIEWED,NOT_REVIEWED,NOT_REVIEWED,NOT_REVIEWED,NOT_REVIEWED,,,,Recovered from the previous live manifest; download integrity verified only.,
teensy,soil-moisture,candidates/teensy__soil-moisture.jpg,2f9ca2258bc179a4aa645a09dd1979207194decd459252270cfb8a5bf8b75ca0,PENDING,NOT_REVIEWED,NOT_REVIEWED,NOT_REVIEWED,NOT_REVIEWED,NOT_REVIEWED,NOT_REVIEWED,NOT_REVIEWED,NOT_REVIEWED,NOT_REVIEWED,,,,Recovered from the previous live manifest; download integrity verified only.,
teensy,solar-panel,candidates/teensy__solar-panel.jpg,c8d7deb7f3b6fe471d6ab143811bdc1a2d39a3a40f93a0517b22a7b10dc47f37,PENDING,NOT_REVIEWED,NOT_REVIEWED,NOT_REVIEWED,NOT_REVIEWED,NOT_REVIEWED,NOT_REVIEWED,NOT_REVIEWED,NOT_REVIEWED,NOT_REVIEWED,,,,Recovered from the previous live manifest; download integrity verified only.,
teensy,stepper,candidates/teensy__stepper.jpg,8cee92256002ad9516cd466cca7a9789a7c8b8755a0975a7655e4cb442413f05,PENDING,NOT_REVIEWED,NOT_REVIEWED,NOT_REVIEWED,NOT_REVIEWED,NOT_REVIEWED,NOT_REVIEWED,NOT_REVIEWED,NOT_REVIEWED,NOT_REVIEWED,,,,Recovered from the previous live manifest; download integrity verified only.,
teensy,tp4056,candidates/teensy__tp4056.jpg,836b97d56dc163942a357d049f5ccdfea055ee4a57755b0c8aff5e14d0772eed,PENDING,NOT_REVIEWED,NOT_REVIEWED,NOT_REVIEWED,NOT_REVIEWED,NOT_REVIEWED,NOT_REVIEWED,NOT_REVIEWED,NOT_REVIEWED,NOT_REVIEWED,,,,Recovered from the previous live manifest; download integrity verified only.,
teensy,ups-module,candidates/teensy__ups-module.jpg,485baf923a7b1de6baf6ddfef9b7faf5e4a7dbf1d6f83ce38d1920ddd6ee2279,PENDING,NOT_REVIEWED,NOT_REVIEWED,NOT_REVIEWED,NOT_REVIEWED,NOT_REVIEWED,NOT_REVIEWED,NOT_REVIEWED,NOT_REVIEWED,NOT_REVIEWED,,,,Recovered from the previous live manifest; download integrity verified only.,
teensy,voltage-sensor,candidates/teensy__voltage-sensor.jpg,3774a3b1800505eb576d50b112a82295b692ca475d8486d3f59f78a1f25460bd,PENDING,NOT_REVIEWED,NOT_REVIEWED,NOT_REVIEWED,NOT_REVIEWED,NOT_REVIEWED,NOT_REVIEWED,NOT_REVIEWED,NOT_REVIEWED,NOT_REVIEWED,,,,Recovered from the previous live manifest; download integrity verified only.,
teensy,water-level,candidates/teensy__water-level.jpg,020d6fd2fb5e120304e76a64ad1c033310a1911b8e3a435a3fa281796065f755,PENDING,NOT_REVIEWED,NOT_REVIEWED,NOT_REVIEWED,NOT_REVIEWED,NOT_REVIEWED,NOT_REVIEWED,NOT_REVIEWED,NOT_REVIEWED,NOT_REVIEWED,,,,Recovered from the previous live manifest; download integrity verified only.,
teensy,water-pump,candidates/teensy__water-pump.jpg,7304a37351ac8212e9a8ac1f134d4c307047d6deaa13aebfd6c27aa1d0f51357,PENDING,NOT_REVIEWED,NOT_REVIEWED,NOT_REVIEWED,NOT_REVIEWED,NOT_REVIEWED,NOT_REVIEWED,NOT_REVIEWED,NOT_REVIEWED,NOT_REVIEWED,,,,Recovered from the previous live manifest; download integrity verified only.,
