filename,prompt
arduino-uno__dht11.png,"Realistic Fritzing-style hardware wiring diagram, flat vector product-illustration look, soft light-grey studio background, slight top-down angle, one microcontroller board on the LEFT and one module on the RIGHT connected by coloured jumper wires with correctly-spelled pin labels on both sides; wire colours RED=power BLACK=GND BLUE=I2C-SDA YELLOW=I2C-SCL GREEN=analog ORANGE=digital CYAN=UART PURPLE=SPI; 16:9 high resolution. Title ""Arduino Uno R3 + DHT11 / DHT22"". LEFT an Arduino Uno R3 (5V logic). RIGHT a DHT11 / DHT22 (Sensors). Connect EXACTLY these 3 wires and no others: VCC to 5V (RED); DATA to D2 (ORANGE); GND to GND (BLACK). Show these exact pin labels; do not invent or add any wire."
arduino-uno__ds18b20.png,"Realistic Fritzing-style hardware wiring diagram, flat vector product-illustration look, soft light-grey studio background, slight top-down angle, one microcontroller board on the LEFT and one module on the RIGHT connected by coloured jumper wires with correctly-spelled pin labels on both sides; wire colours RED=power BLACK=GND BLUE=I2C-SDA YELLOW=I2C-SCL GREEN=analog ORANGE=digital CYAN=UART PURPLE=SPI; 16:9 high resolution. Title ""Arduino Uno R3 + DS18B20"". LEFT an Arduino Uno R3 (5V logic). RIGHT a DS18B20 (Sensors). Connect EXACTLY these 3 wires and no others: VDD to 5V (RED); DQ to D2 (ORANGE); GND to GND (BLACK). Show these exact pin labels; do not invent or add any wire."
arduino-uno__lm35.png,"Realistic Fritzing-style hardware wiring diagram, flat vector product-illustration look, soft light-grey studio background, slight top-down angle, one microcontroller board on the LEFT and one module on the RIGHT connected by coloured jumper wires with correctly-spelled pin labels on both sides; wire colours RED=power BLACK=GND BLUE=I2C-SDA YELLOW=I2C-SCL GREEN=analog ORANGE=digital CYAN=UART PURPLE=SPI; 16:9 high resolution. Title ""Arduino Uno R3 + LM35"". LEFT an Arduino Uno R3 (5V logic). RIGHT a LM35 (Sensors). Connect EXACTLY these 3 wires and no others: VCC to 5V (RED); OUT to A0 (GREEN); GND to GND (BLACK). Show these exact pin labels; do not invent or add any wire."
arduino-uno__hc-sr04.png,"Realistic Fritzing-style hardware wiring diagram, flat vector product-illustration look, soft light-grey studio background, slight top-down angle, one microcontroller board on the LEFT and one module on the RIGHT connected by coloured jumper wires with correctly-spelled pin labels on both sides; wire colours RED=power BLACK=GND BLUE=I2C-SDA YELLOW=I2C-SCL GREEN=analog ORANGE=digital CYAN=UART PURPLE=SPI; 16:9 high resolution. Title ""Arduino Uno R3 + HC-SR04"". LEFT an Arduino Uno R3 (5V logic). RIGHT a HC-SR04 (Sensors). Connect EXACTLY these 4 wires and no others: VCC to 5V (RED); TRIG to D9 (ORANGE); ECHO to D10 (ORANGE); GND to GND (BLACK). Show these exact pin labels; do not invent or add any wire."
arduino-uno__pir.png,"Realistic Fritzing-style hardware wiring diagram, flat vector product-illustration look, soft light-grey studio background, slight top-down angle, one microcontroller board on the LEFT and one module on the RIGHT connected by coloured jumper wires with correctly-spelled pin labels on both sides; wire colours RED=power BLACK=GND BLUE=I2C-SDA YELLOW=I2C-SCL GREEN=analog ORANGE=digital CYAN=UART PURPLE=SPI; 16:9 high resolution. Title ""Arduino Uno R3 + PIR Motion (HC-SR501)"". LEFT an Arduino Uno R3 (5V logic). RIGHT a PIR Motion (HC-SR501) (Sensors). Connect EXACTLY these 3 wires and no others: VCC to 5V (RED); OUT to D2 (ORANGE); GND to GND (BLACK). Show these exact pin labels; do not invent or add any wire."
arduino-uno__ldr.png,"Realistic Fritzing-style hardware wiring diagram, flat vector product-illustration look, soft light-grey studio background, slight top-down angle, one microcontroller board on the LEFT and one module on the RIGHT connected by coloured jumper wires with correctly-spelled pin labels on both sides; wire colours RED=power BLACK=GND BLUE=I2C-SDA YELLOW=I2C-SCL GREEN=analog ORANGE=digital CYAN=UART PURPLE=SPI; 16:9 high resolution. Title ""Arduino Uno R3 + LDR (Photoresistor)"". LEFT an Arduino Uno R3 (5V logic). RIGHT a LDR (Photoresistor) (Sensors). Connect EXACTLY these 3 wires and no others: VCC to 5V (RED); AO to A0 (GREEN); GND to GND (BLACK). Show these exact pin labels; do not invent or add any wire."
arduino-uno__bh1750.png,"Realistic Fritzing-style hardware wiring diagram, flat vector product-illustration look, soft light-grey studio background, slight top-down angle, one microcontroller board on the LEFT and one module on the RIGHT connected by coloured jumper wires with correctly-spelled pin labels on both sides; wire colours RED=power BLACK=GND BLUE=I2C-SDA YELLOW=I2C-SCL GREEN=analog ORANGE=digital CYAN=UART PURPLE=SPI; 16:9 high resolution. Title ""Arduino Uno R3 + BH1750"". LEFT an Arduino Uno R3 (5V logic). RIGHT a BH1750 (Sensors). Connect EXACTLY these 5 wires and no others: VCC to 5V (RED); GND to GND (BLACK); SDA to A4 (SDA) (BLUE); SCL to A5 (SCL) (YELLOW); ADDR to D2 (ORANGE). Show these exact pin labels; do not invent or add any wire."
arduino-uno__mq2.png,"Realistic Fritzing-style hardware wiring diagram, flat vector product-illustration look, soft light-grey studio background, slight top-down angle, one microcontroller board on the LEFT and one module on the RIGHT connected by coloured jumper wires with correctly-spelled pin labels on both sides; wire colours RED=power BLACK=GND BLUE=I2C-SDA YELLOW=I2C-SCL GREEN=analog ORANGE=digital CYAN=UART PURPLE=SPI; 16:9 high resolution. Title ""Arduino Uno R3 + MQ-2 Gas"". LEFT an Arduino Uno R3 (5V logic). RIGHT a MQ-2 Gas (Sensors). Connect EXACTLY these 4 wires and no others: VCC to 5V (RED); AO to A0 (GREEN); DO to D2 (ORANGE); GND to GND (BLACK). Show these exact pin labels; do not invent or add any wire."
arduino-uno__mq135.png,"Realistic Fritzing-style hardware wiring diagram, flat vector product-illustration look, soft light-grey studio background, slight top-down angle, one microcontroller board on the LEFT and one module on the RIGHT connected by coloured jumper wires with correctly-spelled pin labels on both sides; wire colours RED=power BLACK=GND BLUE=I2C-SDA YELLOW=I2C-SCL GREEN=analog ORANGE=digital CYAN=UART PURPLE=SPI; 16:9 high resolution. Title ""Arduino Uno R3 + MQ-135 Air Quality"". LEFT an Arduino Uno R3 (5V logic). RIGHT a MQ-135 Air Quality (Sensors). Connect EXACTLY these 4 wires and no others: VCC to 5V (RED); AO to A0 (GREEN); DO to D2 (ORANGE); GND to GND (BLACK). Show these exact pin labels; do not invent or add any wire."
arduino-uno__mq7.png,"Realistic Fritzing-style hardware wiring diagram, flat vector product-illustration look, soft light-grey studio background, slight top-down angle, one microcontroller board on the LEFT and one module on the RIGHT connected by coloured jumper wires with correctly-spelled pin labels on both sides; wire colours RED=power BLACK=GND BLUE=I2C-SDA YELLOW=I2C-SCL GREEN=analog ORANGE=digital CYAN=UART PURPLE=SPI; 16:9 high resolution. Title ""Arduino Uno R3 + MQ-7 CO"". LEFT an Arduino Uno R3 (5V logic). RIGHT a MQ-7 CO (Sensors). Connect EXACTLY these 4 wires and no others: VCC to 5V (RED); AO to A0 (GREEN); DO to D2 (ORANGE); GND to GND (BLACK). Show these exact pin labels; do not invent or add any wire."
arduino-uno__soil-moisture.png,"Realistic Fritzing-style hardware wiring diagram, flat vector product-illustration look, soft light-grey studio background, slight top-down angle, one microcontroller board on the LEFT and one module on the RIGHT connected by coloured jumper wires with correctly-spelled pin labels on both sides; wire colours RED=power BLACK=GND BLUE=I2C-SDA YELLOW=I2C-SCL GREEN=analog ORANGE=digital CYAN=UART PURPLE=SPI; 16:9 high resolution. Title ""Arduino Uno R3 + Soil Moisture"". LEFT an Arduino Uno R3 (5V logic). RIGHT a Soil Moisture (Sensors). Connect EXACTLY these 4 wires and no others: VCC to 5V (RED); AO to A0 (GREEN); DO to D2 (ORANGE); GND to GND (BLACK). Show these exact pin labels; do not invent or add any wire."
arduino-uno__rain-sensor.png,"Realistic Fritzing-style hardware wiring diagram, flat vector product-illustration look, soft light-grey studio background, slight top-down angle, one microcontroller board on the LEFT and one module on the RIGHT connected by coloured jumper wires with correctly-spelled pin labels on both sides; wire colours RED=power BLACK=GND BLUE=I2C-SDA YELLOW=I2C-SCL GREEN=analog ORANGE=digital CYAN=UART PURPLE=SPI; 16:9 high resolution. Title ""Arduino Uno R3 + Rain Sensor"". LEFT an Arduino Uno R3 (5V logic). RIGHT a Rain Sensor (Sensors). Connect EXACTLY these 4 wires and no others: VCC to 5V (RED); AO to A0 (GREEN); DO to D2 (ORANGE); GND to GND (BLACK). Show these exact pin labels; do not invent or add any wire."
arduino-uno__water-level.png,"Realistic Fritzing-style hardware wiring diagram, flat vector product-illustration look, soft light-grey studio background, slight top-down angle, one microcontroller board on the LEFT and one module on the RIGHT connected by coloured jumper wires with correctly-spelled pin labels on both sides; wire colours RED=power BLACK=GND BLUE=I2C-SDA YELLOW=I2C-SCL GREEN=analog ORANGE=digital CYAN=UART PURPLE=SPI; 16:9 high resolution. Title ""Arduino Uno R3 + Water Level Sensor"". LEFT an Arduino Uno R3 (5V logic). RIGHT a Water Level Sensor (Sensors). Connect EXACTLY these 3 wires and no others: + to 5V (RED); S to A0 (GREEN); - to GND (BLACK). Show these exact pin labels; do not invent or add any wire."
arduino-uno__flow-sensor.png,"Realistic Fritzing-style hardware wiring diagram, flat vector product-illustration look, soft light-grey studio background, slight top-down angle, one microcontroller board on the LEFT and one module on the RIGHT connected by coloured jumper wires with correctly-spelled pin labels on both sides; wire colours RED=power BLACK=GND BLUE=I2C-SDA YELLOW=I2C-SCL GREEN=analog ORANGE=digital CYAN=UART PURPLE=SPI; 16:9 high resolution. Title ""Arduino Uno R3 + Water Flow (YF-S201)"". LEFT an Arduino Uno R3 (5V logic). RIGHT a Water Flow (YF-S201) (Sensors). Connect EXACTLY these 3 wires and no others: VCC to 5V (RED); SIGNAL to D2 (ORANGE); GND to GND (BLACK). Show these exact pin labels; do not invent or add any wire."
arduino-uno__flame-sensor.png,"Realistic Fritzing-style hardware wiring diagram, flat vector product-illustration look, soft light-grey studio background, slight top-down angle, one microcontroller board on the LEFT and one module on the RIGHT connected by coloured jumper wires with correctly-spelled pin labels on both sides; wire colours RED=power BLACK=GND BLUE=I2C-SDA YELLOW=I2C-SCL GREEN=analog ORANGE=digital CYAN=UART PURPLE=SPI; 16:9 high resolution. Title ""Arduino Uno R3 + Flame Sensor"". LEFT an Arduino Uno R3 (5V logic). RIGHT a Flame Sensor (Sensors). Connect EXACTLY these 4 wires and no others: VCC to 5V (RED); AO to A0 (GREEN); DO to D2 (ORANGE); GND to GND (BLACK). Show these exact pin labels; do not invent or add any wire."
arduino-uno__mpu6050.png,"Realistic Fritzing-style hardware wiring diagram, flat vector product-illustration look, soft light-grey studio background, slight top-down angle, one microcontroller board on the LEFT and one module on the RIGHT connected by coloured jumper wires with correctly-spelled pin labels on both sides; wire colours RED=power BLACK=GND BLUE=I2C-SDA YELLOW=I2C-SCL GREEN=analog ORANGE=digital CYAN=UART PURPLE=SPI; 16:9 high resolution. Title ""Arduino Uno R3 + MPU-6050 IMU"". LEFT an Arduino Uno R3 (5V logic). RIGHT a MPU-6050 IMU (Sensors). Connect EXACTLY these 5 wires and no others: VCC to 5V (RED); SDA to A4 (SDA) (BLUE); SCL to A5 (SCL) (YELLOW); INT to D2 (ORANGE); GND to GND (BLACK). Show these exact pin labels; do not invent or add any wire."
arduino-uno__hmc5883l.png,"Realistic Fritzing-style hardware wiring diagram, flat vector product-illustration look, soft light-grey studio background, slight top-down angle, one microcontroller board on the LEFT and one module on the RIGHT connected by coloured jumper wires with correctly-spelled pin labels on both sides; wire colours RED=power BLACK=GND BLUE=I2C-SDA YELLOW=I2C-SCL GREEN=analog ORANGE=digital CYAN=UART PURPLE=SPI; 16:9 high resolution. Title ""Arduino Uno R3 + HMC5883L"". LEFT an Arduino Uno R3 (5V logic). RIGHT a HMC5883L (Sensors). Connect EXACTLY these 5 wires and no others: VCC to 5V (RED); SDA to A4 (SDA) (BLUE); SCL to A5 (SCL) (YELLOW); DRDY to D2 (ORANGE); GND to GND (BLACK). Show these exact pin labels; do not invent or add any wire."
arduino-uno__bmp280.png,"Realistic Fritzing-style hardware wiring diagram, flat vector product-illustration look, soft light-grey studio background, slight top-down angle, one microcontroller board on the LEFT and one module on the RIGHT connected by coloured jumper wires with correctly-spelled pin labels on both sides; wire colours RED=power BLACK=GND BLUE=I2C-SDA YELLOW=I2C-SCL GREEN=analog ORANGE=digital CYAN=UART PURPLE=SPI; 16:9 high resolution. Title ""Arduino Uno R3 + BMP280 / BME280"". LEFT an Arduino Uno R3 (5V logic). RIGHT a BMP280 / BME280 (Sensors). Connect EXACTLY these 4 wires and no others: VCC to 5V (RED); SDA to A4 (SDA) (BLUE); SCL to A5 (SCL) (YELLOW); GND to GND (BLACK). Show these exact pin labels; do not invent or add any wire."
arduino-uno__load-cell.png,"Realistic Fritzing-style hardware wiring diagram, flat vector product-illustration look, soft light-grey studio background, slight top-down angle, one microcontroller board on the LEFT and one module on the RIGHT connected by coloured jumper wires with correctly-spelled pin labels on both sides; wire colours RED=power BLACK=GND BLUE=I2C-SDA YELLOW=I2C-SCL GREEN=analog ORANGE=digital CYAN=UART PURPLE=SPI; 16:9 high resolution. Title ""Arduino Uno R3 + Load Cell + HX711"". LEFT an Arduino Uno R3 (5V logic). RIGHT a Load Cell + HX711 (Sensors). Connect EXACTLY these 4 wires and no others: DT to D2 (ORANGE); CLK to D3 (ORANGE); VCC to 5V (RED); GND to GND (BLACK). Show these exact pin labels; do not invent or add any wire."
arduino-uno__ir-sensor.png,"Realistic Fritzing-style hardware wiring diagram, flat vector product-illustration look, soft light-grey studio background, slight top-down angle, one microcontroller board on the LEFT and one module on the RIGHT connected by coloured jumper wires with correctly-spelled pin labels on both sides; wire colours RED=power BLACK=GND BLUE=I2C-SDA YELLOW=I2C-SCL GREEN=analog ORANGE=digital CYAN=UART PURPLE=SPI; 16:9 high resolution. Title ""Arduino Uno R3 + IR Obstacle Sensor"". LEFT an Arduino Uno R3 (5V logic). RIGHT an IR Obstacle Sensor (Sensors). Connect EXACTLY these 3 wires and no others: VCC to 5V (RED); OUT to D2 (ORANGE); GND to GND (BLACK). Show these exact pin labels; do not invent or add any wire."
arduino-uno__color-sensor.png,"Realistic Fritzing-style hardware wiring diagram, flat vector product-illustration look, soft light-grey studio background, slight top-down angle, one microcontroller board on the LEFT and one module on the RIGHT connected by coloured jumper wires with correctly-spelled pin labels on both sides; wire colours RED=power BLACK=GND BLUE=I2C-SDA YELLOW=I2C-SCL GREEN=analog ORANGE=digital CYAN=UART PURPLE=SPI; 16:9 high resolution. Title ""Arduino Uno R3 + TCS3200 Color"". LEFT an Arduino Uno R3 (5V logic). RIGHT a TCS3200 Color (Sensors). Connect EXACTLY these 4 wires and no others: VCC to 5V (RED); GND to GND (BLACK); S0–S3 to D2 (ORANGE); OUT to D3 (ORANGE). Show these exact pin labels; do not invent or add any wire."
arduino-uno__heart-rate.png,"Realistic Fritzing-style hardware wiring diagram, flat vector product-illustration look, soft light-grey studio background, slight top-down angle, one microcontroller board on the LEFT and one module on the RIGHT connected by coloured jumper wires with correctly-spelled pin labels on both sides; wire colours RED=power BLACK=GND BLUE=I2C-SDA YELLOW=I2C-SCL GREEN=analog ORANGE=digital CYAN=UART PURPLE=SPI; 16:9 high resolution. Title ""Arduino Uno R3 + MAX30100 Pulse"". LEFT an Arduino Uno R3 (5V logic). RIGHT a MAX30100 Pulse (Sensors). Connect EXACTLY these 5 wires and no others: VIN to 5V (RED); SDA to A4 (SDA) (BLUE); SCL to A5 (SCL) (YELLOW); INT to D2 (ORANGE); GND to GND (BLACK). Show these exact pin labels; do not invent or add any wire."
arduino-uno__ph-sensor.png,"Realistic Fritzing-style hardware wiring diagram, flat vector product-illustration look, soft light-grey studio background, slight top-down angle, one microcontroller board on the LEFT and one module on the RIGHT connected by coloured jumper wires with correctly-spelled pin labels on both sides; wire colours RED=power BLACK=GND BLUE=I2C-SDA YELLOW=I2C-SCL GREEN=analog ORANGE=digital CYAN=UART PURPLE=SPI; 16:9 high resolution. Title ""Arduino Uno R3 + pH Sensor"". LEFT an Arduino Uno R3 (5V logic). RIGHT a pH Sensor (Sensors). Connect EXACTLY these 3 wires and no others: VCC to 5V (RED); GND to GND (BLACK); PO to A0 (GREEN). Show these exact pin labels; do not invent or add any wire."
arduino-uno__current-sensor.png,"Realistic Fritzing-style hardware wiring diagram, flat vector product-illustration look, soft light-grey studio background, slight top-down angle, one microcontroller board on the LEFT and one module on the RIGHT connected by coloured jumper wires with correctly-spelled pin labels on both sides; wire colours RED=power BLACK=GND BLUE=I2C-SDA YELLOW=I2C-SCL GREEN=analog ORANGE=digital CYAN=UART PURPLE=SPI; 16:9 high resolution. Title ""Arduino Uno R3 + ACS712 Current"". LEFT an Arduino Uno R3 (5V logic). RIGHT an ACS712 Current (Sensors). Connect EXACTLY these 5 wires and no others: VCC to 5V (RED); GND to GND (BLACK); OUT to A0 (GREEN); IP+ to D2 (ORANGE); IP- to D3 (ORANGE). Show these exact pin labels; do not invent or add any wire."
arduino-uno__voltage-sensor.png,"Realistic Fritzing-style hardware wiring diagram, flat vector product-illustration look, soft light-grey studio background, slight top-down angle, one microcontroller board on the LEFT and one module on the RIGHT connected by coloured jumper wires with correctly-spelled pin labels on both sides; wire colours RED=power BLACK=GND BLUE=I2C-SDA YELLOW=I2C-SCL GREEN=analog ORANGE=digital CYAN=UART PURPLE=SPI; 16:9 high resolution. Title ""Arduino Uno R3 + Voltage Sensor"". LEFT an Arduino Uno R3 (5V logic). RIGHT a Voltage Sensor (Sensors). Connect EXACTLY these 2 wires and no others: S to A0 (GREEN); - to GND (BLACK). Show these exact pin labels; do not invent or add any wire."
arduino-uno__ir-flame-array.png,"Realistic Fritzing-style hardware wiring diagram, flat vector product-illustration look, soft light-grey studio background, slight top-down angle, one microcontroller board on the LEFT and one module on the RIGHT connected by coloured jumper wires with correctly-spelled pin labels on both sides; wire colours RED=power BLACK=GND BLUE=I2C-SDA YELLOW=I2C-SCL GREEN=analog ORANGE=digital CYAN=UART PURPLE=SPI; 16:9 high resolution. Title ""Arduino Uno R3 + Vibration (SW-420)"". LEFT an Arduino Uno R3 (5V logic). RIGHT a Vibration (SW-420) (Sensors). Connect EXACTLY these 3 wires and no others: VCC to 5V (RED); GND to GND (BLACK); DO to D2 (ORANGE). Show these exact pin labels; do not invent or add any wire."
arduino-uno__lidar-sensor.png,"Realistic Fritzing-style hardware wiring diagram, flat vector product-illustration look, soft light-grey studio background, slight top-down angle, one microcontroller board on the LEFT and one module on the RIGHT connected by coloured jumper wires with correctly-spelled pin labels on both sides; wire colours RED=power BLACK=GND BLUE=I2C-SDA YELLOW=I2C-SCL GREEN=analog ORANGE=digital CYAN=UART PURPLE=SPI; 16:9 high resolution. Title ""Arduino Uno R3 + LiDAR (TF-Luna)"". LEFT an Arduino Uno R3 (5V logic). RIGHT a LiDAR (TF-Luna) (Sensors). Connect EXACTLY these 4 wires and no others: VCC to 5V (RED); RXD to D2 (ORANGE); TXD to D3 (ORANGE); GND to GND (BLACK). Show these exact pin labels; do not invent or add any wire."
arduino-uno__servo.png,"Realistic Fritzing-style hardware wiring diagram, flat vector product-illustration look, soft light-grey studio background, slight top-down angle, one microcontroller board on the LEFT and one module on the RIGHT connected by coloured jumper wires with correctly-spelled pin labels on both sides; wire colours RED=power BLACK=GND BLUE=I2C-SDA YELLOW=I2C-SCL GREEN=analog ORANGE=digital CYAN=UART PURPLE=SPI; 16:9 high resolution. Title ""Arduino Uno R3 + Servo (SG90/MG996)"". LEFT an Arduino Uno R3 (5V logic). RIGHT a Servo (SG90/MG996) (Actuators & Motors). Connect EXACTLY these 3 wires and no others: Signal to D2 (ORANGE); VCC to 5V (RED); GND to GND (BLACK). Show these exact pin labels; do not invent or add any wire."
arduino-uno__stepper.png,"Realistic Fritzing-style hardware wiring diagram, flat vector product-illustration look, soft light-grey studio background, slight top-down angle, one microcontroller board on the LEFT and one module on the RIGHT connected by coloured jumper wires with correctly-spelled pin labels on both sides; wire colours RED=power BLACK=GND BLUE=I2C-SDA YELLOW=I2C-SCL GREEN=analog ORANGE=digital CYAN=UART PURPLE=SPI; 16:9 high resolution. Title ""Arduino Uno R3 + Stepper (28BYJ-48)"". LEFT an Arduino Uno R3 (5V logic). RIGHT a Stepper (28BYJ-48) (Actuators & Motors). Connect EXACTLY these 3 wires and no others: IN1–IN4 to D2 (ORANGE); VCC to 5V (RED); GND to GND (BLACK). Show these exact pin labels; do not invent or add any wire."
arduino-uno__l298n.png,"Realistic Fritzing-style hardware wiring diagram, flat vector product-illustration look, soft light-grey studio background, slight top-down angle, one microcontroller board on the LEFT and one module on the RIGHT connected by coloured jumper wires with correctly-spelled pin labels on both sides; wire colours RED=power BLACK=GND BLUE=I2C-SDA YELLOW=I2C-SCL GREEN=analog ORANGE=digital CYAN=UART PURPLE=SPI; 16:9 high resolution. Title ""Arduino Uno R3 + L298N Driver"". LEFT an Arduino Uno R3 (5V logic). RIGHT a L298N Driver (Actuators & Motors). Connect EXACTLY these 5 wires and no others: IN1–IN4 to D2 (ORANGE); ENA to D3 (ORANGE); ENB to D4 (ORANGE); 5V to 5V (RED); GND to GND (BLACK). Show these exact pin labels; do not invent or add any wire."
arduino-uno__l293d.png,"Realistic Fritzing-style hardware wiring diagram, flat vector product-illustration look, soft light-grey studio background, slight top-down angle, one microcontroller board on the LEFT and one module on the RIGHT connected by coloured jumper wires with correctly-spelled pin labels on both sides; wire colours RED=power BLACK=GND BLUE=I2C-SDA YELLOW=I2C-SCL GREEN=analog ORANGE=digital CYAN=UART PURPLE=SPI; 16:9 high resolution. Title ""Arduino Uno R3 + L293D Driver"". LEFT an Arduino Uno R3 (5V logic). RIGHT a L293D Driver (Actuators & Motors). Connect EXACTLY these 5 wires and no others: IN1–IN4 to D2 (ORANGE); EN1 to D3 (ORANGE); EN2 to D4 (ORANGE); Vcc1 to 5V (RED); GND to GND (BLACK). Show these exact pin labels; do not invent or add any wire."
arduino-uno__a4988.png,"Realistic Fritzing-style hardware wiring diagram, flat vector product-illustration look, soft light-grey studio background, slight top-down angle, one microcontroller board on the LEFT and one module on the RIGHT connected by coloured jumper wires with correctly-spelled pin labels on both sides; wire colours RED=power BLACK=GND BLUE=I2C-SDA YELLOW=I2C-SCL GREEN=analog ORANGE=digital CYAN=UART PURPLE=SPI; 16:9 high resolution. Title ""Arduino Uno R3 + A4988 Driver"". LEFT an Arduino Uno R3 (5V logic). RIGHT an A4988 Driver (Actuators & Motors). Connect EXACTLY these 5 wires and no others: STEP to D2 (ORANGE); DIR to D3 (ORANGE); VDD to 5V (RED); GND to GND (BLACK); MS1 to D4 (ORANGE). Show these exact pin labels; do not invent or add any wire."
arduino-uno__relay-module.png,"Realistic Fritzing-style hardware wiring diagram, flat vector product-illustration look, soft light-grey studio background, slight top-down angle, one microcontroller board on the LEFT and one module on the RIGHT connected by coloured jumper wires with correctly-spelled pin labels on both sides; wire colours RED=power BLACK=GND BLUE=I2C-SDA YELLOW=I2C-SCL GREEN=analog ORANGE=digital CYAN=UART PURPLE=SPI; 16:9 high resolution. Title ""Arduino Uno R3 + Relay Module"". LEFT an Arduino Uno R3 (5V logic). RIGHT a Relay Module (Actuators & Motors). Connect EXACTLY these 6 wires and no others: IN to D2 (ORANGE); VCC to 5V (RED); GND to GND (BLACK); COM to D3 (ORANGE); NO to D4 (ORANGE); NC to D5 (ORANGE). Show these exact pin labels; do not invent or add any wire."
arduino-uno__water-pump.png,"Realistic Fritzing-style hardware wiring diagram, flat vector product-illustration look, soft light-grey studio background, slight top-down angle, one microcontroller board on the LEFT and one module on the RIGHT connected by coloured jumper wires with correctly-spelled pin labels on both sides; wire colours RED=power BLACK=GND BLUE=I2C-SDA YELLOW=I2C-SCL GREEN=analog ORANGE=digital CYAN=UART PURPLE=SPI; 16:9 high resolution. Title ""Arduino Uno R3 + Water Pump"". LEFT an Arduino Uno R3 (5V logic). RIGHT a Water Pump (Actuators & Motors). Connect EXACTLY these 2 wires and no others: + to 5V (RED); - to GND (BLACK). Show these exact pin labels; do not invent or add any wire."
arduino-uno__servo-continuous.png,"Realistic Fritzing-style hardware wiring diagram, flat vector product-illustration look, soft light-grey studio background, slight top-down angle, one microcontroller board on the LEFT and one module on the RIGHT connected by coloured jumper wires with correctly-spelled pin labels on both sides; wire colours RED=power BLACK=GND BLUE=I2C-SDA YELLOW=I2C-SCL GREEN=analog ORANGE=digital CYAN=UART PURPLE=SPI; 16:9 high resolution. Title ""Arduino Uno R3 + Continuous Servo"". LEFT an Arduino Uno R3 (5V logic). RIGHT a Continuous Servo (Actuators & Motors). Connect EXACTLY these 3 wires and no others: Signal to D2 (ORANGE); VCC to 5V (RED); GND to GND (BLACK). Show these exact pin labels; do not invent or add any wire."
arduino-uno__buzzer.png,"Realistic Fritzing-style hardware wiring diagram, flat vector product-illustration look, soft light-grey studio background, slight top-down angle, one microcontroller board on the LEFT and one module on the RIGHT connected by coloured jumper wires with correctly-spelled pin labels on both sides; wire colours RED=power BLACK=GND BLUE=I2C-SDA YELLOW=I2C-SCL GREEN=analog ORANGE=digital CYAN=UART PURPLE=SPI; 16:9 high resolution. Title ""Arduino Uno R3 + Buzzer"". LEFT an Arduino Uno R3 (5V logic). RIGHT a Buzzer (Actuators & Motors). Connect EXACTLY these 2 wires and no others: + to 5V (RED); - to GND (BLACK). Show these exact pin labels; do not invent or add any wire."
arduino-uno__lcd1602.png,"Realistic Fritzing-style hardware wiring diagram, flat vector product-illustration look, soft light-grey studio background, slight top-down angle, one microcontroller board on the LEFT and one module on the RIGHT connected by coloured jumper wires with correctly-spelled pin labels on both sides; wire colours RED=power BLACK=GND BLUE=I2C-SDA YELLOW=I2C-SCL GREEN=analog ORANGE=digital CYAN=UART PURPLE=SPI; 16:9 high resolution. Title ""Arduino Uno R3 + LCD 16×2"". LEFT an Arduino Uno R3 (5V logic). RIGHT a LCD 16×2 (Displays). Connect EXACTLY these 4 wires and no others: SDA to A4 (SDA) (BLUE); SCL to A5 (SCL) (YELLOW); VCC to 5V (RED); GND to GND (BLACK). Show these exact pin labels; do not invent or add any wire."
arduino-uno__lcd2004.png,"Realistic Fritzing-style hardware wiring diagram, flat vector product-illustration look, soft light-grey studio background, slight top-down angle, one microcontroller board on the LEFT and one module on the RIGHT connected by coloured jumper wires with correctly-spelled pin labels on both sides; wire colours RED=power BLACK=GND BLUE=I2C-SDA YELLOW=I2C-SCL GREEN=analog ORANGE=digital CYAN=UART PURPLE=SPI; 16:9 high resolution. Title ""Arduino Uno R3 + LCD 20×4"". LEFT an Arduino Uno R3 (5V logic). RIGHT a LCD 20×4 (Displays). Connect EXACTLY these 4 wires and no others: SDA to A4 (SDA) (BLUE); SCL to A5 (SCL) (YELLOW); VCC to 5V (RED); GND to GND (BLACK). Show these exact pin labels; do not invent or add any wire."
arduino-uno__oled.png,"Realistic Fritzing-style hardware wiring diagram, flat vector product-illustration look, soft light-grey studio background, slight top-down angle, one microcontroller board on the LEFT and one module on the RIGHT connected by coloured jumper wires with correctly-spelled pin labels on both sides; wire colours RED=power BLACK=GND BLUE=I2C-SDA YELLOW=I2C-SCL GREEN=analog ORANGE=digital CYAN=UART PURPLE=SPI; 16:9 high resolution. Title ""Arduino Uno R3 + OLED 0.96"" (SSD1306)"". LEFT an Arduino Uno R3 (5V logic). RIGHT an OLED 0.96"" (SSD1306) (Displays). Connect EXACTLY these 4 wires and no others: SDA to A4 (SDA) (BLUE); SCL to A5 (SCL) (YELLOW); VCC to 5V (RED); GND to GND (BLACK). Show these exact pin labels; do not invent or add any wire."
arduino-uno__tft.png,"Realistic Fritzing-style hardware wiring diagram, flat vector product-illustration look, soft light-grey studio background, slight top-down angle, one microcontroller board on the LEFT and one module on the RIGHT connected by coloured jumper wires with correctly-spelled pin labels on both sides; wire colours RED=power BLACK=GND BLUE=I2C-SDA YELLOW=I2C-SCL GREEN=analog ORANGE=digital CYAN=UART PURPLE=SPI; 16:9 high resolution. Title ""Arduino Uno R3 + TFT Touch Display"". LEFT an Arduino Uno R3 (5V logic). RIGHT a TFT Touch Display (Displays). Connect EXACTLY these 9 wires and no others: SCK to D13 (SCK) (PURPLE); MOSI to D11 (MOSI) (PURPLE); MISO to D12 (MISO) (PURPLE); CS to D10 (SS) (PURPLE); DC to D2 (ORANGE); T_CS to D3 (ORANGE); T_IRQ to D4 (ORANGE); VCC to 5V (RED); GND to GND (BLACK). Show these exact pin labels; do not invent or add any wire."
arduino-uno__seven-seg.png,"Realistic Fritzing-style hardware wiring diagram, flat vector product-illustration look, soft light-grey studio background, slight top-down angle, one microcontroller board on the LEFT and one module on the RIGHT connected by coloured jumper wires with correctly-spelled pin labels on both sides; wire colours RED=power BLACK=GND BLUE=I2C-SDA YELLOW=I2C-SCL GREEN=analog ORANGE=digital CYAN=UART PURPLE=SPI; 16:9 high resolution. Title ""Arduino Uno R3 + 7-Segment Display"". LEFT an Arduino Uno R3 (5V logic). RIGHT a 7-Segment Display (Displays). Connect EXACTLY these 3 wires and no others: a–g to D2 (ORANGE); dp to D3 (ORANGE); GND to GND (BLACK). Show these exact pin labels; do not invent or add any wire."
arduino-uno__led-matrix.png,"Realistic Fritzing-style hardware wiring diagram, flat vector product-illustration look, soft light-grey studio background, slight top-down angle, one microcontroller board on the LEFT and one module on the RIGHT connected by coloured jumper wires with correctly-spelled pin labels on both sides; wire colours RED=power BLACK=GND BLUE=I2C-SDA YELLOW=I2C-SCL GREEN=analog ORANGE=digital CYAN=UART PURPLE=SPI; 16:9 high resolution. Title ""Arduino Uno R3 + LED Matrix (MAX7219)"". LEFT an Arduino Uno R3 (5V logic). RIGHT a LED Matrix (MAX7219) (Displays). Connect EXACTLY these 5 wires and no others: DIN to D11 (MOSI) (PURPLE); CS to D10 (SS) (PURPLE); CLK to D2 (ORANGE); VCC to 5V (RED); GND to GND (BLACK). Show these exact pin labels; do not invent or add any wire."
arduino-uno__neopixel.png,"Realistic Fritzing-style hardware wiring diagram, flat vector product-illustration look, soft light-grey studio background, slight top-down angle, one microcontroller board on the LEFT and one module on the RIGHT connected by coloured jumper wires with correctly-spelled pin labels on both sides; wire colours RED=power BLACK=GND BLUE=I2C-SDA YELLOW=I2C-SCL GREEN=analog ORANGE=digital CYAN=UART PURPLE=SPI; 16:9 high resolution. Title ""Arduino Uno R3 + NeoPixel (WS2812)"". LEFT an Arduino Uno R3 (5V logic). RIGHT a NeoPixel (WS2812) (Displays). Connect EXACTLY these 3 wires and no others: DIN to D11 (MOSI) (PURPLE); 5V to 5V (RED); GND to GND (BLACK). Show these exact pin labels; do not invent or add any wire."
arduino-uno__epaper.png,"Realistic Fritzing-style hardware wiring diagram, flat vector product-illustration look, soft light-grey studio background, slight top-down angle, one microcontroller board on the LEFT and one module on the RIGHT connected by coloured jumper wires with correctly-spelled pin labels on both sides; wire colours RED=power BLACK=GND BLUE=I2C-SDA YELLOW=I2C-SCL GREEN=analog ORANGE=digital CYAN=UART PURPLE=SPI; 16:9 high resolution. Title ""Arduino Uno R3 + E-Paper Display"". LEFT an Arduino Uno R3 (5V logic). RIGHT an E-Paper Display (Displays). Connect EXACTLY these 8 wires and no others: SCK to D13 (SCK) (PURPLE); MOSI to D11 (MOSI) (PURPLE); CS to D10 (SS) (PURPLE); DC to D2 (ORANGE); BUSY to D3 (ORANGE); RST to D4 (ORANGE); VCC to 5V (RED); GND to GND (BLACK). Show these exact pin labels; do not invent or add any wire."
arduino-uno__hc05.png,"Realistic Fritzing-style hardware wiring diagram, flat vector product-illustration look, soft light-grey studio background, slight top-down angle, one microcontroller board on the LEFT and one module on the RIGHT connected by coloured jumper wires with correctly-spelled pin labels on both sides; wire colours RED=power BLACK=GND BLUE=I2C-SDA YELLOW=I2C-SCL GREEN=analog ORANGE=digital CYAN=UART PURPLE=SPI; 16:9 high resolution. Title ""Arduino Uno R3 + HC-05 Bluetooth"". LEFT an Arduino Uno R3 (5V logic). RIGHT a HC-05 Bluetooth (Connectivity). Connect EXACTLY these 6 wires and no others: RXD to D2 (ORANGE); TXD to D3 (ORANGE); VCC to 5V (RED); GND to GND (BLACK); EN to D4 (ORANGE); KEY to D5 (ORANGE). Show these exact pin labels; do not invent or add any wire."
arduino-uno__ble.png,"Realistic Fritzing-style hardware wiring diagram, flat vector product-illustration look, soft light-grey studio background, slight top-down angle, one microcontroller board on the LEFT and one module on the RIGHT connected by coloured jumper wires with correctly-spelled pin labels on both sides; wire colours RED=power BLACK=GND BLUE=I2C-SDA YELLOW=I2C-SCL GREEN=analog ORANGE=digital CYAN=UART PURPLE=SPI; 16:9 high resolution. Title ""Arduino Uno R3 + BLE Module"". LEFT an Arduino Uno R3 (5V logic). RIGHT a BLE Module (Connectivity). Connect EXACTLY these 4 wires and no others: RXD to D2 (ORANGE); TXD to D3 (ORANGE); VCC to 5V (RED); GND to GND (BLACK). Show these exact pin labels; do not invent or add any wire."
arduino-uno__nrf24.png,"Realistic Fritzing-style hardware wiring diagram, flat vector product-illustration look, soft light-grey studio background, slight top-down angle, one microcontroller board on the LEFT and one module on the RIGHT connected by coloured jumper wires with correctly-spelled pin labels on both sides; wire colours RED=power BLACK=GND BLUE=I2C-SDA YELLOW=I2C-SCL GREEN=analog ORANGE=digital CYAN=UART PURPLE=SPI; 16:9 high resolution. Title ""Arduino Uno R3 + nRF24L01"". LEFT an Arduino Uno R3 (5V logic). RIGHT a nRF24L01 (Connectivity). Connect EXACTLY these 7 wires and no others: SCK to D13 (SCK) (PURPLE); MOSI to D11 (MOSI) (PURPLE); MISO to D12 (MISO) (PURPLE); CSN to D2 (ORANGE); CE to D10 (SS) (PURPLE); VCC to 5V (RED); GND to GND (BLACK). Show these exact pin labels; do not invent or add any wire."
arduino-uno__lora.png,"Realistic Fritzing-style hardware wiring diagram, flat vector product-illustration look, soft light-grey studio background, slight top-down angle, one microcontroller board on the LEFT and one module on the RIGHT connected by coloured jumper wires with correctly-spelled pin labels on both sides; wire colours RED=power BLACK=GND BLUE=I2C-SDA YELLOW=I2C-SCL GREEN=analog ORANGE=digital CYAN=UART PURPLE=SPI; 16:9 high resolution. Title ""Arduino Uno R3 + LoRa Module"". LEFT an Arduino Uno R3 (5V logic). RIGHT a LoRa Module (Connectivity). Connect EXACTLY these 8 wires and no others: SCK to D13 (SCK) (PURPLE); MOSI to D11 (MOSI) (PURPLE); MISO to D12 (MISO) (PURPLE); NSS to D10 (SS) (PURPLE); DIO0 to D2 (ORANGE); RST to D3 (ORANGE); VCC to 5V (RED); GND to GND (BLACK). Show these exact pin labels; do not invent or add any wire."
arduino-uno__sim800.png,"Realistic Fritzing-style hardware wiring diagram, flat vector product-illustration look, soft light-grey studio background, slight top-down angle, one microcontroller board on the LEFT and one module on the RIGHT connected by coloured jumper wires with correctly-spelled pin labels on both sides; wire colours RED=power BLACK=GND BLUE=I2C-SDA YELLOW=I2C-SCL GREEN=analog ORANGE=digital CYAN=UART PURPLE=SPI; 16:9 high resolution. Title ""Arduino Uno R3 + SIM800L GSM"". LEFT an Arduino Uno R3 (5V logic). RIGHT a SIM800L GSM (Connectivity). Connect EXACTLY these 4 wires and no others: RXD to D2 (ORANGE); TXD to D3 (ORANGE); VCC to 5V (RED); GND to GND (BLACK). Show these exact pin labels; do not invent or add any wire."
arduino-uno__sim900.png,"Realistic Fritzing-style hardware wiring diagram, flat vector product-illustration look, soft light-grey studio background, slight top-down angle, one microcontroller board on the LEFT and one module on the RIGHT connected by coloured jumper wires with correctly-spelled pin labels on both sides; wire colours RED=power BLACK=GND BLUE=I2C-SDA YELLOW=I2C-SCL GREEN=analog ORANGE=digital CYAN=UART PURPLE=SPI; 16:9 high resolution. Title ""Arduino Uno R3 + SIM900 GSM"". LEFT an Arduino Uno R3 (5V logic). RIGHT a SIM900 GSM (Connectivity). Connect EXACTLY these 4 wires and no others: RXD to D2 (ORANGE); TXD to D3 (ORANGE); VCC 5V to 5V (RED); GND to GND (BLACK). Show these exact pin labels; do not invent or add any wire."
arduino-uno__gps-neo6.png,"Realistic Fritzing-style hardware wiring diagram, flat vector product-illustration look, soft light-grey studio background, slight top-down angle, one microcontroller board on the LEFT and one module on the RIGHT connected by coloured jumper wires with correctly-spelled pin labels on both sides; wire colours RED=power BLACK=GND BLUE=I2C-SDA YELLOW=I2C-SCL GREEN=analog ORANGE=digital CYAN=UART PURPLE=SPI; 16:9 high resolution. Title ""Arduino Uno R3 + NEO-6M GPS"". LEFT an Arduino Uno R3 (5V logic). RIGHT a NEO-6M GPS (Connectivity). Connect EXACTLY these 4 wires and no others: RX to D1 (TX) (CYAN); TX to D0 (RX) (CYAN); VCC to 5V (RED); GND to GND (BLACK). Show these exact pin labels; do not invent or add any wire."
arduino-uno__rfid-rc522.png,"Realistic Fritzing-style hardware wiring diagram, flat vector product-illustration look, soft light-grey studio background, slight top-down angle, one microcontroller board on the LEFT and one module on the RIGHT connected by coloured jumper wires with correctly-spelled pin labels on both sides; wire colours RED=power BLACK=GND BLUE=I2C-SDA YELLOW=I2C-SCL GREEN=analog ORANGE=digital CYAN=UART PURPLE=SPI; 16:9 high resolution. Title ""Arduino Uno R3 + RFID RC522"". LEFT an Arduino Uno R3 (5V logic). RIGHT a RFID RC522 (Connectivity). Connect EXACTLY these 7 wires and no others: SCK to D13 (SCK) (PURPLE); MOSI to D11 (MOSI) (PURPLE); MISO to D12 (MISO) (PURPLE); SS to D10 (SS) (PURPLE); RST to D2 (ORANGE); VCC to 5V (RED); GND to GND (BLACK). Show these exact pin labels; do not invent or add any wire."
arduino-uno__fingerprint-mod.png,"Realistic Fritzing-style hardware wiring diagram, flat vector product-illustration look, soft light-grey studio background, slight top-down angle, one microcontroller board on the LEFT and one module on the RIGHT connected by coloured jumper wires with correctly-spelled pin labels on both sides; wire colours RED=power BLACK=GND BLUE=I2C-SDA YELLOW=I2C-SCL GREEN=analog ORANGE=digital CYAN=UART PURPLE=SPI; 16:9 high resolution. Title ""Arduino Uno R3 + Fingerprint (R307)"". LEFT an Arduino Uno R3 (5V logic). RIGHT a Fingerprint (R307) (Connectivity). Connect EXACTLY these 4 wires and no others: TX to D0 (RX) (CYAN); RX to D1 (TX) (CYAN); VCC to 5V (RED); GND to GND (BLACK). Show these exact pin labels; do not invent or add any wire."
arduino-uno__ethernet-mod.png,"Realistic Fritzing-style hardware wiring diagram, flat vector product-illustration look, soft light-grey studio background, slight top-down angle, one microcontroller board on the LEFT and one module on the RIGHT connected by coloured jumper wires with correctly-spelled pin labels on both sides; wire colours RED=power BLACK=GND BLUE=I2C-SDA YELLOW=I2C-SCL GREEN=analog ORANGE=digital CYAN=UART PURPLE=SPI; 16:9 high resolution. Title ""Arduino Uno R3 + Ethernet (W5100)"". LEFT an Arduino Uno R3 (5V logic). RIGHT an Ethernet (W5100) (Connectivity). Connect EXACTLY these 6 wires and no others: SCK to D13 (SCK) (PURPLE); MOSI to D11 (MOSI) (PURPLE); MISO to D12 (MISO) (PURPLE); CS to D10 (SS) (PURPLE); VCC to 5V (RED); GND to GND (BLACK). Show these exact pin labels; do not invent or add any wire."
arduino-uno__led.png,"Realistic Fritzing-style hardware wiring diagram, flat vector product-illustration look, soft light-grey studio background, slight top-down angle, one microcontroller board on the LEFT and one module on the RIGHT connected by coloured jumper wires with correctly-spelled pin labels on both sides; wire colours RED=power BLACK=GND BLUE=I2C-SDA YELLOW=I2C-SCL GREEN=analog ORANGE=digital CYAN=UART PURPLE=SPI; 16:9 high resolution. Title ""Arduino Uno R3 + LED"". LEFT an Arduino Uno R3 (5V logic). RIGHT a LED (Passive & Discrete). Connect EXACTLY these 2 wires and no others: Anode to D2 (ORANGE); GND to GND (BLACK). Show these exact pin labels; do not invent or add any wire."
arduino-uno__potentiometer.png,"Realistic Fritzing-style hardware wiring diagram, flat vector product-illustration look, soft light-grey studio background, slight top-down angle, one microcontroller board on the LEFT and one module on the RIGHT connected by coloured jumper wires with correctly-spelled pin labels on both sides; wire colours RED=power BLACK=GND BLUE=I2C-SDA YELLOW=I2C-SCL GREEN=analog ORANGE=digital CYAN=UART PURPLE=SPI; 16:9 high resolution. Title ""Arduino Uno R3 + Potentiometer"". LEFT an Arduino Uno R3 (5V logic). RIGHT a Potentiometer (Passive & Discrete). Connect EXACTLY these 3 wires and no others: VCC to 5V (RED); GND to GND (BLACK); Wiper to A0 (GREEN). Show these exact pin labels; do not invent or add any wire."
arduino-uno__push-button.png,"Realistic Fritzing-style hardware wiring diagram, flat vector product-illustration look, soft light-grey studio background, slight top-down angle, one microcontroller board on the LEFT and one module on the RIGHT connected by coloured jumper wires with correctly-spelled pin labels on both sides; wire colours RED=power BLACK=GND BLUE=I2C-SDA YELLOW=I2C-SCL GREEN=analog ORANGE=digital CYAN=UART PURPLE=SPI; 16:9 high resolution. Title ""Arduino Uno R3 + Push Button"". LEFT an Arduino Uno R3 (5V logic). RIGHT a Push Button (Input / Output). Connect EXACTLY these 1 wires and no others: 4 legs to D2 (ORANGE). Show these exact pin labels; do not invent or add any wire."
arduino-uno__keypad.png,"Realistic Fritzing-style hardware wiring diagram, flat vector product-illustration look, soft light-grey studio background, slight top-down angle, one microcontroller board on the LEFT and one module on the RIGHT connected by coloured jumper wires with correctly-spelled pin labels on both sides; wire colours RED=power BLACK=GND BLUE=I2C-SDA YELLOW=I2C-SCL GREEN=analog ORANGE=digital CYAN=UART PURPLE=SPI; 16:9 high resolution. Title ""Arduino Uno R3 + Matrix Keypad 4×4"". LEFT an Arduino Uno R3 (5V logic). RIGHT a Matrix Keypad 4×4 (Input / Output). Connect EXACTLY these 1 wires and no others: 8 pins to D2 (ORANGE). Show these exact pin labels; do not invent or add any wire."
arduino-uno__joystick.png,"Realistic Fritzing-style hardware wiring diagram, flat vector product-illustration look, soft light-grey studio background, slight top-down angle, one microcontroller board on the LEFT and one module on the RIGHT connected by coloured jumper wires with correctly-spelled pin labels on both sides; wire colours RED=power BLACK=GND BLUE=I2C-SDA YELLOW=I2C-SCL GREEN=analog ORANGE=digital CYAN=UART PURPLE=SPI; 16:9 high resolution. Title ""Arduino Uno R3 + Joystick Module"". LEFT an Arduino Uno R3 (5V logic). RIGHT a Joystick Module (Input / Output). Connect EXACTLY these 5 wires and no others: VRx to D2 (ORANGE); VRy to D3 (ORANGE); SW to D4 (ORANGE); VCC to 5V (RED); GND to GND (BLACK). Show these exact pin labels; do not invent or add any wire."
arduino-uno__rotary-encoder.png,"Realistic Fritzing-style hardware wiring diagram, flat vector product-illustration look, soft light-grey studio background, slight top-down angle, one microcontroller board on the LEFT and one module on the RIGHT connected by coloured jumper wires with correctly-spelled pin labels on both sides; wire colours RED=power BLACK=GND BLUE=I2C-SDA YELLOW=I2C-SCL GREEN=analog ORANGE=digital CYAN=UART PURPLE=SPI; 16:9 high resolution. Title ""Arduino Uno R3 + Rotary Encoder"". LEFT an Arduino Uno R3 (5V logic). RIGHT a Rotary Encoder (Input / Output). Connect EXACTLY these 5 wires and no others: CLK to D2 (ORANGE); DT to D3 (ORANGE); SW to D4 (ORANGE); VCC to 5V (RED); GND to GND (BLACK). Show these exact pin labels; do not invent or add any wire."
arduino-uno__sd-module.png,"Realistic Fritzing-style hardware wiring diagram, flat vector product-illustration look, soft light-grey studio background, slight top-down angle, one microcontroller board on the LEFT and one module on the RIGHT connected by coloured jumper wires with correctly-spelled pin labels on both sides; wire colours RED=power BLACK=GND BLUE=I2C-SDA YELLOW=I2C-SCL GREEN=analog ORANGE=digital CYAN=UART PURPLE=SPI; 16:9 high resolution. Title ""Arduino Uno R3 + MicroSD Module"". LEFT an Arduino Uno R3 (5V logic). RIGHT a MicroSD Module (Input / Output). Connect EXACTLY these 6 wires and no others: SCK to D13 (SCK) (PURPLE); MOSI to D11 (MOSI) (PURPLE); MISO to D12 (MISO) (PURPLE); CS to D10 (SS) (PURPLE); VCC to 5V (RED); GND to GND (BLACK). Show these exact pin labels; do not invent or add any wire."
arduino-uno__rtc.png,"Realistic Fritzing-style hardware wiring diagram, flat vector product-illustration look, soft light-grey studio background, slight top-down angle, one microcontroller board on the LEFT and one module on the RIGHT connected by coloured jumper wires with correctly-spelled pin labels on both sides; wire colours RED=power BLACK=GND BLUE=I2C-SDA YELLOW=I2C-SCL GREEN=analog ORANGE=digital CYAN=UART PURPLE=SPI; 16:9 high resolution. Title ""Arduino Uno R3 + RTC (DS3231)"". LEFT an Arduino Uno R3 (5V logic). RIGHT a RTC (DS3231) (Input / Output). Connect EXACTLY these 4 wires and no others: SDA to A4 (SDA) (BLUE); SCL to A5 (SCL) (YELLOW); VCC to 5V (RED); GND to GND (BLACK). Show these exact pin labels; do not invent or add any wire."
arduino-uno__speaker.png,"Realistic Fritzing-style hardware wiring diagram, flat vector product-illustration look, soft light-grey studio background, slight top-down angle, one microcontroller board on the LEFT and one module on the RIGHT connected by coloured jumper wires with correctly-spelled pin labels on both sides; wire colours RED=power BLACK=GND BLUE=I2C-SDA YELLOW=I2C-SCL GREEN=analog ORANGE=digital CYAN=UART PURPLE=SPI; 16:9 high resolution. Title ""Arduino Uno R3 + Speaker / DFPlayer"". LEFT an Arduino Uno R3 (5V logic). RIGHT a Speaker / DFPlayer (Input / Output). Connect EXACTLY these 4 wires and no others: RX to D1 (TX) (CYAN); TX to D0 (RX) (CYAN); VCC to 5V (RED); GND to GND (BLACK). Show these exact pin labels; do not invent or add any wire."
arduino-uno__imu-robot.png,"Realistic Fritzing-style hardware wiring diagram, flat vector product-illustration look, soft light-grey studio background, slight top-down angle, one microcontroller board on the LEFT and one module on the RIGHT connected by coloured jumper wires with correctly-spelled pin labels on both sides; wire colours RED=power BLACK=GND BLUE=I2C-SDA YELLOW=I2C-SCL GREEN=analog ORANGE=digital CYAN=UART PURPLE=SPI; 16:9 high resolution. Title ""Arduino Uno R3 + IMU / Balance"". LEFT an Arduino Uno R3 (5V logic). RIGHT an IMU / Balance (Robotics). Connect EXACTLY these 5 wires and no others: SDA to A4 (SDA) (BLUE); SCL to A5 (SCL) (YELLOW); INT to D2 (ORANGE); VCC to 5V (RED); GND to GND (BLACK). Show these exact pin labels; do not invent or add any wire."
arduino-uno__lidar-robot.png,"Realistic Fritzing-style hardware wiring diagram, flat vector product-illustration look, soft light-grey studio background, slight top-down angle, one microcontroller board on the LEFT and one module on the RIGHT connected by coloured jumper wires with correctly-spelled pin labels on both sides; wire colours RED=power BLACK=GND BLUE=I2C-SDA YELLOW=I2C-SCL GREEN=analog ORANGE=digital CYAN=UART PURPLE=SPI; 16:9 high resolution. Title ""Arduino Uno R3 + LiDAR Scanner"". LEFT an Arduino Uno R3 (5V logic). RIGHT a LiDAR Scanner (Robotics). Connect EXACTLY these 4 wires and no others: TX to D0 (RX) (CYAN); RX to D1 (TX) (CYAN); VCC to 5V (RED); GND to GND (BLACK). Show these exact pin labels; do not invent or add any wire."
arduino-nano__dht11.png,"Realistic Fritzing-style hardware wiring diagram, flat vector product-illustration look, soft light-grey studio background, slight top-down angle, one microcontroller board on the LEFT and one module on the RIGHT connected by coloured jumper wires with correctly-spelled pin labels on both sides; wire colours RED=power BLACK=GND BLUE=I2C-SDA YELLOW=I2C-SCL GREEN=analog ORANGE=digital CYAN=UART PURPLE=SPI; 16:9 high resolution. Title ""Arduino Nano (ATmega328P) + DHT11 / DHT22"". LEFT an Arduino Nano (ATmega328P) (5V logic). RIGHT a DHT11 / DHT22 (Sensors). Connect EXACTLY these 3 wires and no others: VCC to 5V (RED); DATA to D2 (ORANGE); GND to GND (BLACK). Show these exact pin labels; do not invent or add any wire."
arduino-nano__ds18b20.png,"Realistic Fritzing-style hardware wiring diagram, flat vector product-illustration look, soft light-grey studio background, slight top-down angle, one microcontroller board on the LEFT and one module on the RIGHT connected by coloured jumper wires with correctly-spelled pin labels on both sides; wire colours RED=power BLACK=GND BLUE=I2C-SDA YELLOW=I2C-SCL GREEN=analog ORANGE=digital CYAN=UART PURPLE=SPI; 16:9 high resolution. Title ""Arduino Nano (ATmega328P) + DS18B20"". LEFT an Arduino Nano (ATmega328P) (5V logic). RIGHT a DS18B20 (Sensors). Connect EXACTLY these 3 wires and no others: VDD to 5V (RED); DQ to D2 (ORANGE); GND to GND (BLACK). Show these exact pin labels; do not invent or add any wire."
arduino-nano__lm35.png,"Realistic Fritzing-style hardware wiring diagram, flat vector product-illustration look, soft light-grey studio background, slight top-down angle, one microcontroller board on the LEFT and one module on the RIGHT connected by coloured jumper wires with correctly-spelled pin labels on both sides; wire colours RED=power BLACK=GND BLUE=I2C-SDA YELLOW=I2C-SCL GREEN=analog ORANGE=digital CYAN=UART PURPLE=SPI; 16:9 high resolution. Title ""Arduino Nano (ATmega328P) + LM35"". LEFT an Arduino Nano (ATmega328P) (5V logic). RIGHT a LM35 (Sensors). Connect EXACTLY these 3 wires and no others: VCC to 5V (RED); OUT to A0 (GREEN); GND to GND (BLACK). Show these exact pin labels; do not invent or add any wire."
arduino-nano__hc-sr04.png,"Realistic Fritzing-style hardware wiring diagram, flat vector product-illustration look, soft light-grey studio background, slight top-down angle, one microcontroller board on the LEFT and one module on the RIGHT connected by coloured jumper wires with correctly-spelled pin labels on both sides; wire colours RED=power BLACK=GND BLUE=I2C-SDA YELLOW=I2C-SCL GREEN=analog ORANGE=digital CYAN=UART PURPLE=SPI; 16:9 high resolution. Title ""Arduino Nano (ATmega328P) + HC-SR04"". LEFT an Arduino Nano (ATmega328P) (5V logic). RIGHT a HC-SR04 (Sensors). Connect EXACTLY these 4 wires and no others: VCC to 5V (RED); TRIG to D9 (ORANGE); ECHO to D10 (ORANGE); GND to GND (BLACK). Show these exact pin labels; do not invent or add any wire."
arduino-nano__pir.png,"Realistic Fritzing-style hardware wiring diagram, flat vector product-illustration look, soft light-grey studio background, slight top-down angle, one microcontroller board on the LEFT and one module on the RIGHT connected by coloured jumper wires with correctly-spelled pin labels on both sides; wire colours RED=power BLACK=GND BLUE=I2C-SDA YELLOW=I2C-SCL GREEN=analog ORANGE=digital CYAN=UART PURPLE=SPI; 16:9 high resolution. Title ""Arduino Nano (ATmega328P) + PIR Motion (HC-SR501)"". LEFT an Arduino Nano (ATmega328P) (5V logic). RIGHT a PIR Motion (HC-SR501) (Sensors). Connect EXACTLY these 3 wires and no others: VCC to 5V (RED); OUT to D2 (ORANGE); GND to GND (BLACK). Show these exact pin labels; do not invent or add any wire."
arduino-nano__ldr.png,"Realistic Fritzing-style hardware wiring diagram, flat vector product-illustration look, soft light-grey studio background, slight top-down angle, one microcontroller board on the LEFT and one module on the RIGHT connected by coloured jumper wires with correctly-spelled pin labels on both sides; wire colours RED=power BLACK=GND BLUE=I2C-SDA YELLOW=I2C-SCL GREEN=analog ORANGE=digital CYAN=UART PURPLE=SPI; 16:9 high resolution. Title ""Arduino Nano (ATmega328P) + LDR (Photoresistor)"". LEFT an Arduino Nano (ATmega328P) (5V logic). RIGHT a LDR (Photoresistor) (Sensors). Connect EXACTLY these 3 wires and no others: VCC to 5V (RED); AO to A0 (GREEN); GND to GND (BLACK). Show these exact pin labels; do not invent or add any wire."
arduino-nano__bh1750.png,"Realistic Fritzing-style hardware wiring diagram, flat vector product-illustration look, soft light-grey studio background, slight top-down angle, one microcontroller board on the LEFT and one module on the RIGHT connected by coloured jumper wires with correctly-spelled pin labels on both sides; wire colours RED=power BLACK=GND BLUE=I2C-SDA YELLOW=I2C-SCL GREEN=analog ORANGE=digital CYAN=UART PURPLE=SPI; 16:9 high resolution. Title ""Arduino Nano (ATmega328P) + BH1750"". LEFT an Arduino Nano (ATmega328P) (5V logic). RIGHT a BH1750 (Sensors). Connect EXACTLY these 5 wires and no others: VCC to 5V (RED); GND to GND (BLACK); SDA to A4 (SDA) (BLUE); SCL to A5 (SCL) (YELLOW); ADDR to D2 (ORANGE). Show these exact pin labels; do not invent or add any wire."
arduino-nano__mq2.png,"Realistic Fritzing-style hardware wiring diagram, flat vector product-illustration look, soft light-grey studio background, slight top-down angle, one microcontroller board on the LEFT and one module on the RIGHT connected by coloured jumper wires with correctly-spelled pin labels on both sides; wire colours RED=power BLACK=GND BLUE=I2C-SDA YELLOW=I2C-SCL GREEN=analog ORANGE=digital CYAN=UART PURPLE=SPI; 16:9 high resolution. Title ""Arduino Nano (ATmega328P) + MQ-2 Gas"". LEFT an Arduino Nano (ATmega328P) (5V logic). RIGHT a MQ-2 Gas (Sensors). Connect EXACTLY these 4 wires and no others: VCC to 5V (RED); AO to A0 (GREEN); DO to D2 (ORANGE); GND to GND (BLACK). Show these exact pin labels; do not invent or add any wire."
arduino-nano__mq135.png,"Realistic Fritzing-style hardware wiring diagram, flat vector product-illustration look, soft light-grey studio background, slight top-down angle, one microcontroller board on the LEFT and one module on the RIGHT connected by coloured jumper wires with correctly-spelled pin labels on both sides; wire colours RED=power BLACK=GND BLUE=I2C-SDA YELLOW=I2C-SCL GREEN=analog ORANGE=digital CYAN=UART PURPLE=SPI; 16:9 high resolution. Title ""Arduino Nano (ATmega328P) + MQ-135 Air Quality"". LEFT an Arduino Nano (ATmega328P) (5V logic). RIGHT a MQ-135 Air Quality (Sensors). Connect EXACTLY these 4 wires and no others: VCC to 5V (RED); AO to A0 (GREEN); DO to D2 (ORANGE); GND to GND (BLACK). Show these exact pin labels; do not invent or add any wire."
arduino-nano__mq7.png,"Realistic Fritzing-style hardware wiring diagram, flat vector product-illustration look, soft light-grey studio background, slight top-down angle, one microcontroller board on the LEFT and one module on the RIGHT connected by coloured jumper wires with correctly-spelled pin labels on both sides; wire colours RED=power BLACK=GND BLUE=I2C-SDA YELLOW=I2C-SCL GREEN=analog ORANGE=digital CYAN=UART PURPLE=SPI; 16:9 high resolution. Title ""Arduino Nano (ATmega328P) + MQ-7 CO"". LEFT an Arduino Nano (ATmega328P) (5V logic). RIGHT a MQ-7 CO (Sensors). Connect EXACTLY these 4 wires and no others: VCC to 5V (RED); AO to A0 (GREEN); DO to D2 (ORANGE); GND to GND (BLACK). Show these exact pin labels; do not invent or add any wire."
arduino-nano__soil-moisture.png,"Realistic Fritzing-style hardware wiring diagram, flat vector product-illustration look, soft light-grey studio background, slight top-down angle, one microcontroller board on the LEFT and one module on the RIGHT connected by coloured jumper wires with correctly-spelled pin labels on both sides; wire colours RED=power BLACK=GND BLUE=I2C-SDA YELLOW=I2C-SCL GREEN=analog ORANGE=digital CYAN=UART PURPLE=SPI; 16:9 high resolution. Title ""Arduino Nano (ATmega328P) + Soil Moisture"". LEFT an Arduino Nano (ATmega328P) (5V logic). RIGHT a Soil Moisture (Sensors). Connect EXACTLY these 4 wires and no others: VCC to 5V (RED); AO to A0 (GREEN); DO to D2 (ORANGE); GND to GND (BLACK). Show these exact pin labels; do not invent or add any wire."
arduino-nano__rain-sensor.png,"Realistic Fritzing-style hardware wiring diagram, flat vector product-illustration look, soft light-grey studio background, slight top-down angle, one microcontroller board on the LEFT and one module on the RIGHT connected by coloured jumper wires with correctly-spelled pin labels on both sides; wire colours RED=power BLACK=GND BLUE=I2C-SDA YELLOW=I2C-SCL GREEN=analog ORANGE=digital CYAN=UART PURPLE=SPI; 16:9 high resolution. Title ""Arduino Nano (ATmega328P) + Rain Sensor"". LEFT an Arduino Nano (ATmega328P) (5V logic). RIGHT a Rain Sensor (Sensors). Connect EXACTLY these 4 wires and no others: VCC to 5V (RED); AO to A0 (GREEN); DO to D2 (ORANGE); GND to GND (BLACK). Show these exact pin labels; do not invent or add any wire."
arduino-nano__water-level.png,"Realistic Fritzing-style hardware wiring diagram, flat vector product-illustration look, soft light-grey studio background, slight top-down angle, one microcontroller board on the LEFT and one module on the RIGHT connected by coloured jumper wires with correctly-spelled pin labels on both sides; wire colours RED=power BLACK=GND BLUE=I2C-SDA YELLOW=I2C-SCL GREEN=analog ORANGE=digital CYAN=UART PURPLE=SPI; 16:9 high resolution. Title ""Arduino Nano (ATmega328P) + Water Level Sensor"". LEFT an Arduino Nano (ATmega328P) (5V logic). RIGHT a Water Level Sensor (Sensors). Connect EXACTLY these 3 wires and no others: + to 5V (RED); S to A0 (GREEN); - to GND (BLACK). Show these exact pin labels; do not invent or add any wire."
arduino-nano__flow-sensor.png,"Realistic Fritzing-style hardware wiring diagram, flat vector product-illustration look, soft light-grey studio background, slight top-down angle, one microcontroller board on the LEFT and one module on the RIGHT connected by coloured jumper wires with correctly-spelled pin labels on both sides; wire colours RED=power BLACK=GND BLUE=I2C-SDA YELLOW=I2C-SCL GREEN=analog ORANGE=digital CYAN=UART PURPLE=SPI; 16:9 high resolution. Title ""Arduino Nano (ATmega328P) + Water Flow (YF-S201)"". LEFT an Arduino Nano (ATmega328P) (5V logic). RIGHT a Water Flow (YF-S201) (Sensors). Connect EXACTLY these 3 wires and no others: VCC to 5V (RED); SIGNAL to D2 (ORANGE); GND to GND (BLACK). Show these exact pin labels; do not invent or add any wire."
arduino-nano__flame-sensor.png,"Realistic Fritzing-style hardware wiring diagram, flat vector product-illustration look, soft light-grey studio background, slight top-down angle, one microcontroller board on the LEFT and one module on the RIGHT connected by coloured jumper wires with correctly-spelled pin labels on both sides; wire colours RED=power BLACK=GND BLUE=I2C-SDA YELLOW=I2C-SCL GREEN=analog ORANGE=digital CYAN=UART PURPLE=SPI; 16:9 high resolution. Title ""Arduino Nano (ATmega328P) + Flame Sensor"". LEFT an Arduino Nano (ATmega328P) (5V logic). RIGHT a Flame Sensor (Sensors). Connect EXACTLY these 4 wires and no others: VCC to 5V (RED); AO to A0 (GREEN); DO to D2 (ORANGE); GND to GND (BLACK). Show these exact pin labels; do not invent or add any wire."
arduino-nano__mpu6050.png,"Realistic Fritzing-style hardware wiring diagram, flat vector product-illustration look, soft light-grey studio background, slight top-down angle, one microcontroller board on the LEFT and one module on the RIGHT connected by coloured jumper wires with correctly-spelled pin labels on both sides; wire colours RED=power BLACK=GND BLUE=I2C-SDA YELLOW=I2C-SCL GREEN=analog ORANGE=digital CYAN=UART PURPLE=SPI; 16:9 high resolution. Title ""Arduino Nano (ATmega328P) + MPU-6050 IMU"". LEFT an Arduino Nano (ATmega328P) (5V logic). RIGHT a MPU-6050 IMU (Sensors). Connect EXACTLY these 5 wires and no others: VCC to 5V (RED); SDA to A4 (SDA) (BLUE); SCL to A5 (SCL) (YELLOW); INT to D2 (ORANGE); GND to GND (BLACK). Show these exact pin labels; do not invent or add any wire."
arduino-nano__hmc5883l.png,"Realistic Fritzing-style hardware wiring diagram, flat vector product-illustration look, soft light-grey studio background, slight top-down angle, one microcontroller board on the LEFT and one module on the RIGHT connected by coloured jumper wires with correctly-spelled pin labels on both sides; wire colours RED=power BLACK=GND BLUE=I2C-SDA YELLOW=I2C-SCL GREEN=analog ORANGE=digital CYAN=UART PURPLE=SPI; 16:9 high resolution. Title ""Arduino Nano (ATmega328P) + HMC5883L"". LEFT an Arduino Nano (ATmega328P) (5V logic). RIGHT a HMC5883L (Sensors). Connect EXACTLY these 5 wires and no others: VCC to 5V (RED); SDA to A4 (SDA) (BLUE); SCL to A5 (SCL) (YELLOW); DRDY to D2 (ORANGE); GND to GND (BLACK). Show these exact pin labels; do not invent or add any wire."
arduino-nano__bmp280.png,"Realistic Fritzing-style hardware wiring diagram, flat vector product-illustration look, soft light-grey studio background, slight top-down angle, one microcontroller board on the LEFT and one module on the RIGHT connected by coloured jumper wires with correctly-spelled pin labels on both sides; wire colours RED=power BLACK=GND BLUE=I2C-SDA YELLOW=I2C-SCL GREEN=analog ORANGE=digital CYAN=UART PURPLE=SPI; 16:9 high resolution. Title ""Arduino Nano (ATmega328P) + BMP280 / BME280"". LEFT an Arduino Nano (ATmega328P) (5V logic). RIGHT a BMP280 / BME280 (Sensors). Connect EXACTLY these 4 wires and no others: VCC to 5V (RED); SDA to A4 (SDA) (BLUE); SCL to A5 (SCL) (YELLOW); GND to GND (BLACK). Show these exact pin labels; do not invent or add any wire."
arduino-nano__load-cell.png,"Realistic Fritzing-style hardware wiring diagram, flat vector product-illustration look, soft light-grey studio background, slight top-down angle, one microcontroller board on the LEFT and one module on the RIGHT connected by coloured jumper wires with correctly-spelled pin labels on both sides; wire colours RED=power BLACK=GND BLUE=I2C-SDA YELLOW=I2C-SCL GREEN=analog ORANGE=digital CYAN=UART PURPLE=SPI; 16:9 high resolution. Title ""Arduino Nano (ATmega328P) + Load Cell + HX711"". LEFT an Arduino Nano (ATmega328P) (5V logic). RIGHT a Load Cell + HX711 (Sensors). Connect EXACTLY these 4 wires and no others: DT to D2 (ORANGE); CLK to D3 (ORANGE); VCC to 5V (RED); GND to GND (BLACK). Show these exact pin labels; do not invent or add any wire."
arduino-nano__ir-sensor.png,"Realistic Fritzing-style hardware wiring diagram, flat vector product-illustration look, soft light-grey studio background, slight top-down angle, one microcontroller board on the LEFT and one module on the RIGHT connected by coloured jumper wires with correctly-spelled pin labels on both sides; wire colours RED=power BLACK=GND BLUE=I2C-SDA YELLOW=I2C-SCL GREEN=analog ORANGE=digital CYAN=UART PURPLE=SPI; 16:9 high resolution. Title ""Arduino Nano (ATmega328P) + IR Obstacle Sensor"". LEFT an Arduino Nano (ATmega328P) (5V logic). RIGHT an IR Obstacle Sensor (Sensors). Connect EXACTLY these 3 wires and no others: VCC to 5V (RED); OUT to D2 (ORANGE); GND to GND (BLACK). Show these exact pin labels; do not invent or add any wire."
arduino-nano__color-sensor.png,"Realistic Fritzing-style hardware wiring diagram, flat vector product-illustration look, soft light-grey studio background, slight top-down angle, one microcontroller board on the LEFT and one module on the RIGHT connected by coloured jumper wires with correctly-spelled pin labels on both sides; wire colours RED=power BLACK=GND BLUE=I2C-SDA YELLOW=I2C-SCL GREEN=analog ORANGE=digital CYAN=UART PURPLE=SPI; 16:9 high resolution. Title ""Arduino Nano (ATmega328P) + TCS3200 Color"". LEFT an Arduino Nano (ATmega328P) (5V logic). RIGHT a TCS3200 Color (Sensors). Connect EXACTLY these 4 wires and no others: VCC to 5V (RED); GND to GND (BLACK); S0–S3 to D2 (ORANGE); OUT to D3 (ORANGE). Show these exact pin labels; do not invent or add any wire."
arduino-nano__heart-rate.png,"Realistic Fritzing-style hardware wiring diagram, flat vector product-illustration look, soft light-grey studio background, slight top-down angle, one microcontroller board on the LEFT and one module on the RIGHT connected by coloured jumper wires with correctly-spelled pin labels on both sides; wire colours RED=power BLACK=GND BLUE=I2C-SDA YELLOW=I2C-SCL GREEN=analog ORANGE=digital CYAN=UART PURPLE=SPI; 16:9 high resolution. Title ""Arduino Nano (ATmega328P) + MAX30100 Pulse"". LEFT an Arduino Nano (ATmega328P) (5V logic). RIGHT a MAX30100 Pulse (Sensors). Connect EXACTLY these 5 wires and no others: VIN to 5V (RED); SDA to A4 (SDA) (BLUE); SCL to A5 (SCL) (YELLOW); INT to D2 (ORANGE); GND to GND (BLACK). Show these exact pin labels; do not invent or add any wire."
arduino-nano__ph-sensor.png,"Realistic Fritzing-style hardware wiring diagram, flat vector product-illustration look, soft light-grey studio background, slight top-down angle, one microcontroller board on the LEFT and one module on the RIGHT connected by coloured jumper wires with correctly-spelled pin labels on both sides; wire colours RED=power BLACK=GND BLUE=I2C-SDA YELLOW=I2C-SCL GREEN=analog ORANGE=digital CYAN=UART PURPLE=SPI; 16:9 high resolution. Title ""Arduino Nano (ATmega328P) + pH Sensor"". LEFT an Arduino Nano (ATmega328P) (5V logic). RIGHT a pH Sensor (Sensors). Connect EXACTLY these 3 wires and no others: VCC to 5V (RED); GND to GND (BLACK); PO to A0 (GREEN). Show these exact pin labels; do not invent or add any wire."
arduino-nano__current-sensor.png,"Realistic Fritzing-style hardware wiring diagram, flat vector product-illustration look, soft light-grey studio background, slight top-down angle, one microcontroller board on the LEFT and one module on the RIGHT connected by coloured jumper wires with correctly-spelled pin labels on both sides; wire colours RED=power BLACK=GND BLUE=I2C-SDA YELLOW=I2C-SCL GREEN=analog ORANGE=digital CYAN=UART PURPLE=SPI; 16:9 high resolution. Title ""Arduino Nano (ATmega328P) + ACS712 Current"". LEFT an Arduino Nano (ATmega328P) (5V logic). RIGHT an ACS712 Current (Sensors). Connect EXACTLY these 5 wires and no others: VCC to 5V (RED); GND to GND (BLACK); OUT to A0 (GREEN); IP+ to D2 (ORANGE); IP- to D3 (ORANGE). Show these exact pin labels; do not invent or add any wire."
arduino-nano__voltage-sensor.png,"Realistic Fritzing-style hardware wiring diagram, flat vector product-illustration look, soft light-grey studio background, slight top-down angle, one microcontroller board on the LEFT and one module on the RIGHT connected by coloured jumper wires with correctly-spelled pin labels on both sides; wire colours RED=power BLACK=GND BLUE=I2C-SDA YELLOW=I2C-SCL GREEN=analog ORANGE=digital CYAN=UART PURPLE=SPI; 16:9 high resolution. Title ""Arduino Nano (ATmega328P) + Voltage Sensor"". LEFT an Arduino Nano (ATmega328P) (5V logic). RIGHT a Voltage Sensor (Sensors). Connect EXACTLY these 2 wires and no others: S to A0 (GREEN); - to GND (BLACK). Show these exact pin labels; do not invent or add any wire."
arduino-nano__ir-flame-array.png,"Realistic Fritzing-style hardware wiring diagram, flat vector product-illustration look, soft light-grey studio background, slight top-down angle, one microcontroller board on the LEFT and one module on the RIGHT connected by coloured jumper wires with correctly-spelled pin labels on both sides; wire colours RED=power BLACK=GND BLUE=I2C-SDA YELLOW=I2C-SCL GREEN=analog ORANGE=digital CYAN=UART PURPLE=SPI; 16:9 high resolution. Title ""Arduino Nano (ATmega328P) + Vibration (SW-420)"". LEFT an Arduino Nano (ATmega328P) (5V logic). RIGHT a Vibration (SW-420) (Sensors). Connect EXACTLY these 3 wires and no others: VCC to 5V (RED); GND to GND (BLACK); DO to D2 (ORANGE). Show these exact pin labels; do not invent or add any wire."
arduino-nano__lidar-sensor.png,"Realistic Fritzing-style hardware wiring diagram, flat vector product-illustration look, soft light-grey studio background, slight top-down angle, one microcontroller board on the LEFT and one module on the RIGHT connected by coloured jumper wires with correctly-spelled pin labels on both sides; wire colours RED=power BLACK=GND BLUE=I2C-SDA YELLOW=I2C-SCL GREEN=analog ORANGE=digital CYAN=UART PURPLE=SPI; 16:9 high resolution. Title ""Arduino Nano (ATmega328P) + LiDAR (TF-Luna)"". LEFT an Arduino Nano (ATmega328P) (5V logic). RIGHT a LiDAR (TF-Luna) (Sensors). Connect EXACTLY these 4 wires and no others: VCC to 5V (RED); RXD to D2 (ORANGE); TXD to D3 (ORANGE); GND to GND (BLACK). Show these exact pin labels; do not invent or add any wire."
arduino-nano__servo.png,"Realistic Fritzing-style hardware wiring diagram, flat vector product-illustration look, soft light-grey studio background, slight top-down angle, one microcontroller board on the LEFT and one module on the RIGHT connected by coloured jumper wires with correctly-spelled pin labels on both sides; wire colours RED=power BLACK=GND BLUE=I2C-SDA YELLOW=I2C-SCL GREEN=analog ORANGE=digital CYAN=UART PURPLE=SPI; 16:9 high resolution. Title ""Arduino Nano (ATmega328P) + Servo (SG90/MG996)"". LEFT an Arduino Nano (ATmega328P) (5V logic). RIGHT a Servo (SG90/MG996) (Actuators & Motors). Connect EXACTLY these 3 wires and no others: Signal to D2 (ORANGE); VCC to 5V (RED); GND to GND (BLACK). Show these exact pin labels; do not invent or add any wire."
arduino-nano__stepper.png,"Realistic Fritzing-style hardware wiring diagram, flat vector product-illustration look, soft light-grey studio background, slight top-down angle, one microcontroller board on the LEFT and one module on the RIGHT connected by coloured jumper wires with correctly-spelled pin labels on both sides; wire colours RED=power BLACK=GND BLUE=I2C-SDA YELLOW=I2C-SCL GREEN=analog ORANGE=digital CYAN=UART PURPLE=SPI; 16:9 high resolution. Title ""Arduino Nano (ATmega328P) + Stepper (28BYJ-48)"". LEFT an Arduino Nano (ATmega328P) (5V logic). RIGHT a Stepper (28BYJ-48) (Actuators & Motors). Connect EXACTLY these 3 wires and no others: IN1–IN4 to D2 (ORANGE); VCC to 5V (RED); GND to GND (BLACK). Show these exact pin labels; do not invent or add any wire."
arduino-nano__l298n.png,"Realistic Fritzing-style hardware wiring diagram, flat vector product-illustration look, soft light-grey studio background, slight top-down angle, one microcontroller board on the LEFT and one module on the RIGHT connected by coloured jumper wires with correctly-spelled pin labels on both sides; wire colours RED=power BLACK=GND BLUE=I2C-SDA YELLOW=I2C-SCL GREEN=analog ORANGE=digital CYAN=UART PURPLE=SPI; 16:9 high resolution. Title ""Arduino Nano (ATmega328P) + L298N Driver"". LEFT an Arduino Nano (ATmega328P) (5V logic). RIGHT a L298N Driver (Actuators & Motors). Connect EXACTLY these 5 wires and no others: IN1–IN4 to D2 (ORANGE); ENA to D3 (ORANGE); ENB to D4 (ORANGE); 5V to 5V (RED); GND to GND (BLACK). Show these exact pin labels; do not invent or add any wire."
arduino-nano__l293d.png,"Realistic Fritzing-style hardware wiring diagram, flat vector product-illustration look, soft light-grey studio background, slight top-down angle, one microcontroller board on the LEFT and one module on the RIGHT connected by coloured jumper wires with correctly-spelled pin labels on both sides; wire colours RED=power BLACK=GND BLUE=I2C-SDA YELLOW=I2C-SCL GREEN=analog ORANGE=digital CYAN=UART PURPLE=SPI; 16:9 high resolution. Title ""Arduino Nano (ATmega328P) + L293D Driver"". LEFT an Arduino Nano (ATmega328P) (5V logic). RIGHT a L293D Driver (Actuators & Motors). Connect EXACTLY these 5 wires and no others: IN1–IN4 to D2 (ORANGE); EN1 to D3 (ORANGE); EN2 to D4 (ORANGE); Vcc1 to 5V (RED); GND to GND (BLACK). Show these exact pin labels; do not invent or add any wire."
arduino-nano__a4988.png,"Realistic Fritzing-style hardware wiring diagram, flat vector product-illustration look, soft light-grey studio background, slight top-down angle, one microcontroller board on the LEFT and one module on the RIGHT connected by coloured jumper wires with correctly-spelled pin labels on both sides; wire colours RED=power BLACK=GND BLUE=I2C-SDA YELLOW=I2C-SCL GREEN=analog ORANGE=digital CYAN=UART PURPLE=SPI; 16:9 high resolution. Title ""Arduino Nano (ATmega328P) + A4988 Driver"". LEFT an Arduino Nano (ATmega328P) (5V logic). RIGHT an A4988 Driver (Actuators & Motors). Connect EXACTLY these 5 wires and no others: STEP to D2 (ORANGE); DIR to D3 (ORANGE); VDD to 5V (RED); GND to GND (BLACK); MS1 to D4 (ORANGE). Show these exact pin labels; do not invent or add any wire."
arduino-nano__relay-module.png,"Realistic Fritzing-style hardware wiring diagram, flat vector product-illustration look, soft light-grey studio background, slight top-down angle, one microcontroller board on the LEFT and one module on the RIGHT connected by coloured jumper wires with correctly-spelled pin labels on both sides; wire colours RED=power BLACK=GND BLUE=I2C-SDA YELLOW=I2C-SCL GREEN=analog ORANGE=digital CYAN=UART PURPLE=SPI; 16:9 high resolution. Title ""Arduino Nano (ATmega328P) + Relay Module"". LEFT an Arduino Nano (ATmega328P) (5V logic). RIGHT a Relay Module (Actuators & Motors). Connect EXACTLY these 6 wires and no others: IN to D2 (ORANGE); VCC to 5V (RED); GND to GND (BLACK); COM to D3 (ORANGE); NO to D4 (ORANGE); NC to D5 (ORANGE). Show these exact pin labels; do not invent or add any wire."
arduino-nano__water-pump.png,"Realistic Fritzing-style hardware wiring diagram, flat vector product-illustration look, soft light-grey studio background, slight top-down angle, one microcontroller board on the LEFT and one module on the RIGHT connected by coloured jumper wires with correctly-spelled pin labels on both sides; wire colours RED=power BLACK=GND BLUE=I2C-SDA YELLOW=I2C-SCL GREEN=analog ORANGE=digital CYAN=UART PURPLE=SPI; 16:9 high resolution. Title ""Arduino Nano (ATmega328P) + Water Pump"". LEFT an Arduino Nano (ATmega328P) (5V logic). RIGHT a Water Pump (Actuators & Motors). Connect EXACTLY these 2 wires and no others: + to 5V (RED); - to GND (BLACK). Show these exact pin labels; do not invent or add any wire."
arduino-nano__servo-continuous.png,"Realistic Fritzing-style hardware wiring diagram, flat vector product-illustration look, soft light-grey studio background, slight top-down angle, one microcontroller board on the LEFT and one module on the RIGHT connected by coloured jumper wires with correctly-spelled pin labels on both sides; wire colours RED=power BLACK=GND BLUE=I2C-SDA YELLOW=I2C-SCL GREEN=analog ORANGE=digital CYAN=UART PURPLE=SPI; 16:9 high resolution. Title ""Arduino Nano (ATmega328P) + Continuous Servo"". LEFT an Arduino Nano (ATmega328P) (5V logic). RIGHT a Continuous Servo (Actuators & Motors). Connect EXACTLY these 3 wires and no others: Signal to D2 (ORANGE); VCC to 5V (RED); GND to GND (BLACK). Show these exact pin labels; do not invent or add any wire."
arduino-nano__buzzer.png,"Realistic Fritzing-style hardware wiring diagram, flat vector product-illustration look, soft light-grey studio background, slight top-down angle, one microcontroller board on the LEFT and one module on the RIGHT connected by coloured jumper wires with correctly-spelled pin labels on both sides; wire colours RED=power BLACK=GND BLUE=I2C-SDA YELLOW=I2C-SCL GREEN=analog ORANGE=digital CYAN=UART PURPLE=SPI; 16:9 high resolution. Title ""Arduino Nano (ATmega328P) + Buzzer"". LEFT an Arduino Nano (ATmega328P) (5V logic). RIGHT a Buzzer (Actuators & Motors). Connect EXACTLY these 2 wires and no others: + to 5V (RED); - to GND (BLACK). Show these exact pin labels; do not invent or add any wire."
arduino-nano__lcd1602.png,"Realistic Fritzing-style hardware wiring diagram, flat vector product-illustration look, soft light-grey studio background, slight top-down angle, one microcontroller board on the LEFT and one module on the RIGHT connected by coloured jumper wires with correctly-spelled pin labels on both sides; wire colours RED=power BLACK=GND BLUE=I2C-SDA YELLOW=I2C-SCL GREEN=analog ORANGE=digital CYAN=UART PURPLE=SPI; 16:9 high resolution. Title ""Arduino Nano (ATmega328P) + LCD 16×2"". LEFT an Arduino Nano (ATmega328P) (5V logic). RIGHT a LCD 16×2 (Displays). Connect EXACTLY these 4 wires and no others: SDA to A4 (SDA) (BLUE); SCL to A5 (SCL) (YELLOW); VCC to 5V (RED); GND to GND (BLACK). Show these exact pin labels; do not invent or add any wire."
arduino-nano__lcd2004.png,"Realistic Fritzing-style hardware wiring diagram, flat vector product-illustration look, soft light-grey studio background, slight top-down angle, one microcontroller board on the LEFT and one module on the RIGHT connected by coloured jumper wires with correctly-spelled pin labels on both sides; wire colours RED=power BLACK=GND BLUE=I2C-SDA YELLOW=I2C-SCL GREEN=analog ORANGE=digital CYAN=UART PURPLE=SPI; 16:9 high resolution. Title ""Arduino Nano (ATmega328P) + LCD 20×4"". LEFT an Arduino Nano (ATmega328P) (5V logic). RIGHT a LCD 20×4 (Displays). Connect EXACTLY these 4 wires and no others: SDA to A4 (SDA) (BLUE); SCL to A5 (SCL) (YELLOW); VCC to 5V (RED); GND to GND (BLACK). Show these exact pin labels; do not invent or add any wire."
arduino-nano__oled.png,"Realistic Fritzing-style hardware wiring diagram, flat vector product-illustration look, soft light-grey studio background, slight top-down angle, one microcontroller board on the LEFT and one module on the RIGHT connected by coloured jumper wires with correctly-spelled pin labels on both sides; wire colours RED=power BLACK=GND BLUE=I2C-SDA YELLOW=I2C-SCL GREEN=analog ORANGE=digital CYAN=UART PURPLE=SPI; 16:9 high resolution. Title ""Arduino Nano (ATmega328P) + OLED 0.96"" (SSD1306)"". LEFT an Arduino Nano (ATmega328P) (5V logic). RIGHT an OLED 0.96"" (SSD1306) (Displays). Connect EXACTLY these 4 wires and no others: SDA to A4 (SDA) (BLUE); SCL to A5 (SCL) (YELLOW); VCC to 5V (RED); GND to GND (BLACK). Show these exact pin labels; do not invent or add any wire."
arduino-nano__tft.png,"Realistic Fritzing-style hardware wiring diagram, flat vector product-illustration look, soft light-grey studio background, slight top-down angle, one microcontroller board on the LEFT and one module on the RIGHT connected by coloured jumper wires with correctly-spelled pin labels on both sides; wire colours RED=power BLACK=GND BLUE=I2C-SDA YELLOW=I2C-SCL GREEN=analog ORANGE=digital CYAN=UART PURPLE=SPI; 16:9 high resolution. Title ""Arduino Nano (ATmega328P) + TFT Touch Display"". LEFT an Arduino Nano (ATmega328P) (5V logic). RIGHT a TFT Touch Display (Displays). Connect EXACTLY these 9 wires and no others: SCK to D13 (SCK) (PURPLE); MOSI to D11 (MOSI) (PURPLE); MISO to D12 (MISO) (PURPLE); CS to D10 (SS) (PURPLE); DC to D2 (ORANGE); T_CS to D3 (ORANGE); T_IRQ to D4 (ORANGE); VCC to 5V (RED); GND to GND (BLACK). Show these exact pin labels; do not invent or add any wire."
arduino-nano__seven-seg.png,"Realistic Fritzing-style hardware wiring diagram, flat vector product-illustration look, soft light-grey studio background, slight top-down angle, one microcontroller board on the LEFT and one module on the RIGHT connected by coloured jumper wires with correctly-spelled pin labels on both sides; wire colours RED=power BLACK=GND BLUE=I2C-SDA YELLOW=I2C-SCL GREEN=analog ORANGE=digital CYAN=UART PURPLE=SPI; 16:9 high resolution. Title ""Arduino Nano (ATmega328P) + 7-Segment Display"". LEFT an Arduino Nano (ATmega328P) (5V logic). RIGHT a 7-Segment Display (Displays). Connect EXACTLY these 3 wires and no others: a–g to D2 (ORANGE); dp to D3 (ORANGE); GND to GND (BLACK). Show these exact pin labels; do not invent or add any wire."
arduino-nano__led-matrix.png,"Realistic Fritzing-style hardware wiring diagram, flat vector product-illustration look, soft light-grey studio background, slight top-down angle, one microcontroller board on the LEFT and one module on the RIGHT connected by coloured jumper wires with correctly-spelled pin labels on both sides; wire colours RED=power BLACK=GND BLUE=I2C-SDA YELLOW=I2C-SCL GREEN=analog ORANGE=digital CYAN=UART PURPLE=SPI; 16:9 high resolution. Title ""Arduino Nano (ATmega328P) + LED Matrix (MAX7219)"". LEFT an Arduino Nano (ATmega328P) (5V logic). RIGHT a LED Matrix (MAX7219) (Displays). Connect EXACTLY these 5 wires and no others: DIN to D11 (MOSI) (PURPLE); CS to D10 (SS) (PURPLE); CLK to D2 (ORANGE); VCC to 5V (RED); GND to GND (BLACK). Show these exact pin labels; do not invent or add any wire."
arduino-nano__neopixel.png,"Realistic Fritzing-style hardware wiring diagram, flat vector product-illustration look, soft light-grey studio background, slight top-down angle, one microcontroller board on the LEFT and one module on the RIGHT connected by coloured jumper wires with correctly-spelled pin labels on both sides; wire colours RED=power BLACK=GND BLUE=I2C-SDA YELLOW=I2C-SCL GREEN=analog ORANGE=digital CYAN=UART PURPLE=SPI; 16:9 high resolution. Title ""Arduino Nano (ATmega328P) + NeoPixel (WS2812)"". LEFT an Arduino Nano (ATmega328P) (5V logic). RIGHT a NeoPixel (WS2812) (Displays). Connect EXACTLY these 3 wires and no others: DIN to D11 (MOSI) (PURPLE); 5V to 5V (RED); GND to GND (BLACK). Show these exact pin labels; do not invent or add any wire."
arduino-nano__epaper.png,"Realistic Fritzing-style hardware wiring diagram, flat vector product-illustration look, soft light-grey studio background, slight top-down angle, one microcontroller board on the LEFT and one module on the RIGHT connected by coloured jumper wires with correctly-spelled pin labels on both sides; wire colours RED=power BLACK=GND BLUE=I2C-SDA YELLOW=I2C-SCL GREEN=analog ORANGE=digital CYAN=UART PURPLE=SPI; 16:9 high resolution. Title ""Arduino Nano (ATmega328P) + E-Paper Display"". LEFT an Arduino Nano (ATmega328P) (5V logic). RIGHT an E-Paper Display (Displays). Connect EXACTLY these 8 wires and no others: SCK to D13 (SCK) (PURPLE); MOSI to D11 (MOSI) (PURPLE); CS to D10 (SS) (PURPLE); DC to D2 (ORANGE); BUSY to D3 (ORANGE); RST to D4 (ORANGE); VCC to 5V (RED); GND to GND (BLACK). Show these exact pin labels; do not invent or add any wire."
arduino-nano__hc05.png,"Realistic Fritzing-style hardware wiring diagram, flat vector product-illustration look, soft light-grey studio background, slight top-down angle, one microcontroller board on the LEFT and one module on the RIGHT connected by coloured jumper wires with correctly-spelled pin labels on both sides; wire colours RED=power BLACK=GND BLUE=I2C-SDA YELLOW=I2C-SCL GREEN=analog ORANGE=digital CYAN=UART PURPLE=SPI; 16:9 high resolution. Title ""Arduino Nano (ATmega328P) + HC-05 Bluetooth"". LEFT an Arduino Nano (ATmega328P) (5V logic). RIGHT a HC-05 Bluetooth (Connectivity). Connect EXACTLY these 6 wires and no others: RXD to D2 (ORANGE); TXD to D3 (ORANGE); VCC to 5V (RED); GND to GND (BLACK); EN to D4 (ORANGE); KEY to D5 (ORANGE). Show these exact pin labels; do not invent or add any wire."
arduino-nano__ble.png,"Realistic Fritzing-style hardware wiring diagram, flat vector product-illustration look, soft light-grey studio background, slight top-down angle, one microcontroller board on the LEFT and one module on the RIGHT connected by coloured jumper wires with correctly-spelled pin labels on both sides; wire colours RED=power BLACK=GND BLUE=I2C-SDA YELLOW=I2C-SCL GREEN=analog ORANGE=digital CYAN=UART PURPLE=SPI; 16:9 high resolution. Title ""Arduino Nano (ATmega328P) + BLE Module"". LEFT an Arduino Nano (ATmega328P) (5V logic). RIGHT a BLE Module (Connectivity). Connect EXACTLY these 4 wires and no others: RXD to D2 (ORANGE); TXD to D3 (ORANGE); VCC to 5V (RED); GND to GND (BLACK). Show these exact pin labels; do not invent or add any wire."
arduino-nano__nrf24.png,"Realistic Fritzing-style hardware wiring diagram, flat vector product-illustration look, soft light-grey studio background, slight top-down angle, one microcontroller board on the LEFT and one module on the RIGHT connected by coloured jumper wires with correctly-spelled pin labels on both sides; wire colours RED=power BLACK=GND BLUE=I2C-SDA YELLOW=I2C-SCL GREEN=analog ORANGE=digital CYAN=UART PURPLE=SPI; 16:9 high resolution. Title ""Arduino Nano (ATmega328P) + nRF24L01"". LEFT an Arduino Nano (ATmega328P) (5V logic). RIGHT a nRF24L01 (Connectivity). Connect EXACTLY these 7 wires and no others: SCK to D13 (SCK) (PURPLE); MOSI to D11 (MOSI) (PURPLE); MISO to D12 (MISO) (PURPLE); CSN to D2 (ORANGE); CE to D10 (SS) (PURPLE); VCC to 5V (RED); GND to GND (BLACK). Show these exact pin labels; do not invent or add any wire."
arduino-nano__lora.png,"Realistic Fritzing-style hardware wiring diagram, flat vector product-illustration look, soft light-grey studio background, slight top-down angle, one microcontroller board on the LEFT and one module on the RIGHT connected by coloured jumper wires with correctly-spelled pin labels on both sides; wire colours RED=power BLACK=GND BLUE=I2C-SDA YELLOW=I2C-SCL GREEN=analog ORANGE=digital CYAN=UART PURPLE=SPI; 16:9 high resolution. Title ""Arduino Nano (ATmega328P) + LoRa Module"". LEFT an Arduino Nano (ATmega328P) (5V logic). RIGHT a LoRa Module (Connectivity). Connect EXACTLY these 8 wires and no others: SCK to D13 (SCK) (PURPLE); MOSI to D11 (MOSI) (PURPLE); MISO to D12 (MISO) (PURPLE); NSS to D10 (SS) (PURPLE); DIO0 to D2 (ORANGE); RST to D3 (ORANGE); VCC to 5V (RED); GND to GND (BLACK). Show these exact pin labels; do not invent or add any wire."
arduino-nano__sim800.png,"Realistic Fritzing-style hardware wiring diagram, flat vector product-illustration look, soft light-grey studio background, slight top-down angle, one microcontroller board on the LEFT and one module on the RIGHT connected by coloured jumper wires with correctly-spelled pin labels on both sides; wire colours RED=power BLACK=GND BLUE=I2C-SDA YELLOW=I2C-SCL GREEN=analog ORANGE=digital CYAN=UART PURPLE=SPI; 16:9 high resolution. Title ""Arduino Nano (ATmega328P) + SIM800L GSM"". LEFT an Arduino Nano (ATmega328P) (5V logic). RIGHT a SIM800L GSM (Connectivity). Connect EXACTLY these 4 wires and no others: RXD to D2 (ORANGE); TXD to D3 (ORANGE); VCC to 5V (RED); GND to GND (BLACK). Show these exact pin labels; do not invent or add any wire."
arduino-nano__sim900.png,"Realistic Fritzing-style hardware wiring diagram, flat vector product-illustration look, soft light-grey studio background, slight top-down angle, one microcontroller board on the LEFT and one module on the RIGHT connected by coloured jumper wires with correctly-spelled pin labels on both sides; wire colours RED=power BLACK=GND BLUE=I2C-SDA YELLOW=I2C-SCL GREEN=analog ORANGE=digital CYAN=UART PURPLE=SPI; 16:9 high resolution. Title ""Arduino Nano (ATmega328P) + SIM900 GSM"". LEFT an Arduino Nano (ATmega328P) (5V logic). RIGHT a SIM900 GSM (Connectivity). Connect EXACTLY these 4 wires and no others: RXD to D2 (ORANGE); TXD to D3 (ORANGE); VCC 5V to 5V (RED); GND to GND (BLACK). Show these exact pin labels; do not invent or add any wire."
arduino-nano__gps-neo6.png,"Realistic Fritzing-style hardware wiring diagram, flat vector product-illustration look, soft light-grey studio background, slight top-down angle, one microcontroller board on the LEFT and one module on the RIGHT connected by coloured jumper wires with correctly-spelled pin labels on both sides; wire colours RED=power BLACK=GND BLUE=I2C-SDA YELLOW=I2C-SCL GREEN=analog ORANGE=digital CYAN=UART PURPLE=SPI; 16:9 high resolution. Title ""Arduino Nano (ATmega328P) + NEO-6M GPS"". LEFT an Arduino Nano (ATmega328P) (5V logic). RIGHT a NEO-6M GPS (Connectivity). Connect EXACTLY these 4 wires and no others: RX to D1 (TX) (CYAN); TX to D0 (RX) (CYAN); VCC to 5V (RED); GND to GND (BLACK). Show these exact pin labels; do not invent or add any wire."
arduino-nano__rfid-rc522.png,"Realistic Fritzing-style hardware wiring diagram, flat vector product-illustration look, soft light-grey studio background, slight top-down angle, one microcontroller board on the LEFT and one module on the RIGHT connected by coloured jumper wires with correctly-spelled pin labels on both sides; wire colours RED=power BLACK=GND BLUE=I2C-SDA YELLOW=I2C-SCL GREEN=analog ORANGE=digital CYAN=UART PURPLE=SPI; 16:9 high resolution. Title ""Arduino Nano (ATmega328P) + RFID RC522"". LEFT an Arduino Nano (ATmega328P) (5V logic). RIGHT a RFID RC522 (Connectivity). Connect EXACTLY these 7 wires and no others: SCK to D13 (SCK) (PURPLE); MOSI to D11 (MOSI) (PURPLE); MISO to D12 (MISO) (PURPLE); SS to D10 (SS) (PURPLE); RST to D2 (ORANGE); VCC to 5V (RED); GND to GND (BLACK). Show these exact pin labels; do not invent or add any wire."
arduino-nano__fingerprint-mod.png,"Realistic Fritzing-style hardware wiring diagram, flat vector product-illustration look, soft light-grey studio background, slight top-down angle, one microcontroller board on the LEFT and one module on the RIGHT connected by coloured jumper wires with correctly-spelled pin labels on both sides; wire colours RED=power BLACK=GND BLUE=I2C-SDA YELLOW=I2C-SCL GREEN=analog ORANGE=digital CYAN=UART PURPLE=SPI; 16:9 high resolution. Title ""Arduino Nano (ATmega328P) + Fingerprint (R307)"". LEFT an Arduino Nano (ATmega328P) (5V logic). RIGHT a Fingerprint (R307) (Connectivity). Connect EXACTLY these 4 wires and no others: TX to D0 (RX) (CYAN); RX to D1 (TX) (CYAN); VCC to 5V (RED); GND to GND (BLACK). Show these exact pin labels; do not invent or add any wire."
arduino-nano__ethernet-mod.png,"Realistic Fritzing-style hardware wiring diagram, flat vector product-illustration look, soft light-grey studio background, slight top-down angle, one microcontroller board on the LEFT and one module on the RIGHT connected by coloured jumper wires with correctly-spelled pin labels on both sides; wire colours RED=power BLACK=GND BLUE=I2C-SDA YELLOW=I2C-SCL GREEN=analog ORANGE=digital CYAN=UART PURPLE=SPI; 16:9 high resolution. Title ""Arduino Nano (ATmega328P) + Ethernet (W5100)"". LEFT an Arduino Nano (ATmega328P) (5V logic). RIGHT an Ethernet (W5100) (Connectivity). Connect EXACTLY these 6 wires and no others: SCK to D13 (SCK) (PURPLE); MOSI to D11 (MOSI) (PURPLE); MISO to D12 (MISO) (PURPLE); CS to D10 (SS) (PURPLE); VCC to 5V (RED); GND to GND (BLACK). Show these exact pin labels; do not invent or add any wire."
arduino-nano__led.png,"Realistic Fritzing-style hardware wiring diagram, flat vector product-illustration look, soft light-grey studio background, slight top-down angle, one microcontroller board on the LEFT and one module on the RIGHT connected by coloured jumper wires with correctly-spelled pin labels on both sides; wire colours RED=power BLACK=GND BLUE=I2C-SDA YELLOW=I2C-SCL GREEN=analog ORANGE=digital CYAN=UART PURPLE=SPI; 16:9 high resolution. Title ""Arduino Nano (ATmega328P) + LED"". LEFT an Arduino Nano (ATmega328P) (5V logic). RIGHT a LED (Passive & Discrete). Connect EXACTLY these 2 wires and no others: Anode to D2 (ORANGE); GND to GND (BLACK). Show these exact pin labels; do not invent or add any wire."
arduino-nano__potentiometer.png,"Realistic Fritzing-style hardware wiring diagram, flat vector product-illustration look, soft light-grey studio background, slight top-down angle, one microcontroller board on the LEFT and one module on the RIGHT connected by coloured jumper wires with correctly-spelled pin labels on both sides; wire colours RED=power BLACK=GND BLUE=I2C-SDA YELLOW=I2C-SCL GREEN=analog ORANGE=digital CYAN=UART PURPLE=SPI; 16:9 high resolution. Title ""Arduino Nano (ATmega328P) + Potentiometer"". LEFT an Arduino Nano (ATmega328P) (5V logic). RIGHT a Potentiometer (Passive & Discrete). Connect EXACTLY these 3 wires and no others: VCC to 5V (RED); GND to GND (BLACK); Wiper to A0 (GREEN). Show these exact pin labels; do not invent or add any wire."
arduino-nano__push-button.png,"Realistic Fritzing-style hardware wiring diagram, flat vector product-illustration look, soft light-grey studio background, slight top-down angle, one microcontroller board on the LEFT and one module on the RIGHT connected by coloured jumper wires with correctly-spelled pin labels on both sides; wire colours RED=power BLACK=GND BLUE=I2C-SDA YELLOW=I2C-SCL GREEN=analog ORANGE=digital CYAN=UART PURPLE=SPI; 16:9 high resolution. Title ""Arduino Nano (ATmega328P) + Push Button"". LEFT an Arduino Nano (ATmega328P) (5V logic). RIGHT a Push Button (Input / Output). Connect EXACTLY these 1 wires and no others: 4 legs to D2 (ORANGE). Show these exact pin labels; do not invent or add any wire."
arduino-nano__keypad.png,"Realistic Fritzing-style hardware wiring diagram, flat vector product-illustration look, soft light-grey studio background, slight top-down angle, one microcontroller board on the LEFT and one module on the RIGHT connected by coloured jumper wires with correctly-spelled pin labels on both sides; wire colours RED=power BLACK=GND BLUE=I2C-SDA YELLOW=I2C-SCL GREEN=analog ORANGE=digital CYAN=UART PURPLE=SPI; 16:9 high resolution. Title ""Arduino Nano (ATmega328P) + Matrix Keypad 4×4"". LEFT an Arduino Nano (ATmega328P) (5V logic). RIGHT a Matrix Keypad 4×4 (Input / Output). Connect EXACTLY these 1 wires and no others: 8 pins to D2 (ORANGE). Show these exact pin labels; do not invent or add any wire."
arduino-nano__joystick.png,"Realistic Fritzing-style hardware wiring diagram, flat vector product-illustration look, soft light-grey studio background, slight top-down angle, one microcontroller board on the LEFT and one module on the RIGHT connected by coloured jumper wires with correctly-spelled pin labels on both sides; wire colours RED=power BLACK=GND BLUE=I2C-SDA YELLOW=I2C-SCL GREEN=analog ORANGE=digital CYAN=UART PURPLE=SPI; 16:9 high resolution. Title ""Arduino Nano (ATmega328P) + Joystick Module"". LEFT an Arduino Nano (ATmega328P) (5V logic). RIGHT a Joystick Module (Input / Output). Connect EXACTLY these 5 wires and no others: VRx to D2 (ORANGE); VRy to D3 (ORANGE); SW to D4 (ORANGE); VCC to 5V (RED); GND to GND (BLACK). Show these exact pin labels; do not invent or add any wire."
arduino-nano__rotary-encoder.png,"Realistic Fritzing-style hardware wiring diagram, flat vector product-illustration look, soft light-grey studio background, slight top-down angle, one microcontroller board on the LEFT and one module on the RIGHT connected by coloured jumper wires with correctly-spelled pin labels on both sides; wire colours RED=power BLACK=GND BLUE=I2C-SDA YELLOW=I2C-SCL GREEN=analog ORANGE=digital CYAN=UART PURPLE=SPI; 16:9 high resolution. Title ""Arduino Nano (ATmega328P) + Rotary Encoder"". LEFT an Arduino Nano (ATmega328P) (5V logic). RIGHT a Rotary Encoder (Input / Output). Connect EXACTLY these 5 wires and no others: CLK to D2 (ORANGE); DT to D3 (ORANGE); SW to D4 (ORANGE); VCC to 5V (RED); GND to GND (BLACK). Show these exact pin labels; do not invent or add any wire."
arduino-nano__sd-module.png,"Realistic Fritzing-style hardware wiring diagram, flat vector product-illustration look, soft light-grey studio background, slight top-down angle, one microcontroller board on the LEFT and one module on the RIGHT connected by coloured jumper wires with correctly-spelled pin labels on both sides; wire colours RED=power BLACK=GND BLUE=I2C-SDA YELLOW=I2C-SCL GREEN=analog ORANGE=digital CYAN=UART PURPLE=SPI; 16:9 high resolution. Title ""Arduino Nano (ATmega328P) + MicroSD Module"". LEFT an Arduino Nano (ATmega328P) (5V logic). RIGHT a MicroSD Module (Input / Output). Connect EXACTLY these 6 wires and no others: SCK to D13 (SCK) (PURPLE); MOSI to D11 (MOSI) (PURPLE); MISO to D12 (MISO) (PURPLE); CS to D10 (SS) (PURPLE); VCC to 5V (RED); GND to GND (BLACK). Show these exact pin labels; do not invent or add any wire."
arduino-nano__rtc.png,"Realistic Fritzing-style hardware wiring diagram, flat vector product-illustration look, soft light-grey studio background, slight top-down angle, one microcontroller board on the LEFT and one module on the RIGHT connected by coloured jumper wires with correctly-spelled pin labels on both sides; wire colours RED=power BLACK=GND BLUE=I2C-SDA YELLOW=I2C-SCL GREEN=analog ORANGE=digital CYAN=UART PURPLE=SPI; 16:9 high resolution. Title ""Arduino Nano (ATmega328P) + RTC (DS3231)"". LEFT an Arduino Nano (ATmega328P) (5V logic). RIGHT a RTC (DS3231) (Input / Output). Connect EXACTLY these 4 wires and no others: SDA to A4 (SDA) (BLUE); SCL to A5 (SCL) (YELLOW); VCC to 5V (RED); GND to GND (BLACK). Show these exact pin labels; do not invent or add any wire."
arduino-nano__speaker.png,"Realistic Fritzing-style hardware wiring diagram, flat vector product-illustration look, soft light-grey studio background, slight top-down angle, one microcontroller board on the LEFT and one module on the RIGHT connected by coloured jumper wires with correctly-spelled pin labels on both sides; wire colours RED=power BLACK=GND BLUE=I2C-SDA YELLOW=I2C-SCL GREEN=analog ORANGE=digital CYAN=UART PURPLE=SPI; 16:9 high resolution. Title ""Arduino Nano (ATmega328P) + Speaker / DFPlayer"". LEFT an Arduino Nano (ATmega328P) (5V logic). RIGHT a Speaker / DFPlayer (Input / Output). Connect EXACTLY these 4 wires and no others: RX to D1 (TX) (CYAN); TX to D0 (RX) (CYAN); VCC to 5V (RED); GND to GND (BLACK). Show these exact pin labels; do not invent or add any wire."
arduino-nano__imu-robot.png,"Realistic Fritzing-style hardware wiring diagram, flat vector product-illustration look, soft light-grey studio background, slight top-down angle, one microcontroller board on the LEFT and one module on the RIGHT connected by coloured jumper wires with correctly-spelled pin labels on both sides; wire colours RED=power BLACK=GND BLUE=I2C-SDA YELLOW=I2C-SCL GREEN=analog ORANGE=digital CYAN=UART PURPLE=SPI; 16:9 high resolution. Title ""Arduino Nano (ATmega328P) + IMU / Balance"". LEFT an Arduino Nano (ATmega328P) (5V logic). RIGHT an IMU / Balance (Robotics). Connect EXACTLY these 5 wires and no others: SDA to A4 (SDA) (BLUE); SCL to A5 (SCL) (YELLOW); INT to D2 (ORANGE); VCC to 5V (RED); GND to GND (BLACK). Show these exact pin labels; do not invent or add any wire."
arduino-nano__lidar-robot.png,"Realistic Fritzing-style hardware wiring diagram, flat vector product-illustration look, soft light-grey studio background, slight top-down angle, one microcontroller board on the LEFT and one module on the RIGHT connected by coloured jumper wires with correctly-spelled pin labels on both sides; wire colours RED=power BLACK=GND BLUE=I2C-SDA YELLOW=I2C-SCL GREEN=analog ORANGE=digital CYAN=UART PURPLE=SPI; 16:9 high resolution. Title ""Arduino Nano (ATmega328P) + LiDAR Scanner"". LEFT an Arduino Nano (ATmega328P) (5V logic). RIGHT a LiDAR Scanner (Robotics). Connect EXACTLY these 4 wires and no others: TX to D0 (RX) (CYAN); RX to D1 (TX) (CYAN); VCC to 5V (RED); GND to GND (BLACK). Show these exact pin labels; do not invent or add any wire."
arduino-mega__dht11.png,"Realistic Fritzing-style hardware wiring diagram, flat vector product-illustration look, soft light-grey studio background, slight top-down angle, one microcontroller board on the LEFT and one module on the RIGHT connected by coloured jumper wires with correctly-spelled pin labels on both sides; wire colours RED=power BLACK=GND BLUE=I2C-SDA YELLOW=I2C-SCL GREEN=analog ORANGE=digital CYAN=UART PURPLE=SPI; 16:9 high resolution. Title ""Arduino Mega 2560 + DHT11 / DHT22"". LEFT an Arduino Mega 2560 (5V logic). RIGHT a DHT11 / DHT22 (Sensors). Connect EXACTLY these 3 wires and no others: VCC to 5V (RED); DATA to D2 (ORANGE); GND to GND (BLACK). Show these exact pin labels; do not invent or add any wire."
arduino-mega__ds18b20.png,"Realistic Fritzing-style hardware wiring diagram, flat vector product-illustration look, soft light-grey studio background, slight top-down angle, one microcontroller board on the LEFT and one module on the RIGHT connected by coloured jumper wires with correctly-spelled pin labels on both sides; wire colours RED=power BLACK=GND BLUE=I2C-SDA YELLOW=I2C-SCL GREEN=analog ORANGE=digital CYAN=UART PURPLE=SPI; 16:9 high resolution. Title ""Arduino Mega 2560 + DS18B20"". LEFT an Arduino Mega 2560 (5V logic). RIGHT a DS18B20 (Sensors). Connect EXACTLY these 3 wires and no others: VDD to 5V (RED); DQ to D2 (ORANGE); GND to GND (BLACK). Show these exact pin labels; do not invent or add any wire."
arduino-mega__lm35.png,"Realistic Fritzing-style hardware wiring diagram, flat vector product-illustration look, soft light-grey studio background, slight top-down angle, one microcontroller board on the LEFT and one module on the RIGHT connected by coloured jumper wires with correctly-spelled pin labels on both sides; wire colours RED=power BLACK=GND BLUE=I2C-SDA YELLOW=I2C-SCL GREEN=analog ORANGE=digital CYAN=UART PURPLE=SPI; 16:9 high resolution. Title ""Arduino Mega 2560 + LM35"". LEFT an Arduino Mega 2560 (5V logic). RIGHT a LM35 (Sensors). Connect EXACTLY these 3 wires and no others: VCC to 5V (RED); OUT to A0 (GREEN); GND to GND (BLACK). Show these exact pin labels; do not invent or add any wire."
arduino-mega__hc-sr04.png,"Realistic Fritzing-style hardware wiring diagram, flat vector product-illustration look, soft light-grey studio background, slight top-down angle, one microcontroller board on the LEFT and one module on the RIGHT connected by coloured jumper wires with correctly-spelled pin labels on both sides; wire colours RED=power BLACK=GND BLUE=I2C-SDA YELLOW=I2C-SCL GREEN=analog ORANGE=digital CYAN=UART PURPLE=SPI; 16:9 high resolution. Title ""Arduino Mega 2560 + HC-SR04"". LEFT an Arduino Mega 2560 (5V logic). RIGHT a HC-SR04 (Sensors). Connect EXACTLY these 4 wires and no others: VCC to 5V (RED); TRIG to D9 (ORANGE); ECHO to D10 (ORANGE); GND to GND (BLACK). Show these exact pin labels; do not invent or add any wire."
arduino-mega__pir.png,"Realistic Fritzing-style hardware wiring diagram, flat vector product-illustration look, soft light-grey studio background, slight top-down angle, one microcontroller board on the LEFT and one module on the RIGHT connected by coloured jumper wires with correctly-spelled pin labels on both sides; wire colours RED=power BLACK=GND BLUE=I2C-SDA YELLOW=I2C-SCL GREEN=analog ORANGE=digital CYAN=UART PURPLE=SPI; 16:9 high resolution. Title ""Arduino Mega 2560 + PIR Motion (HC-SR501)"". LEFT an Arduino Mega 2560 (5V logic). RIGHT a PIR Motion (HC-SR501) (Sensors). Connect EXACTLY these 3 wires and no others: VCC to 5V (RED); OUT to D2 (ORANGE); GND to GND (BLACK). Show these exact pin labels; do not invent or add any wire."
arduino-mega__ldr.png,"Realistic Fritzing-style hardware wiring diagram, flat vector product-illustration look, soft light-grey studio background, slight top-down angle, one microcontroller board on the LEFT and one module on the RIGHT connected by coloured jumper wires with correctly-spelled pin labels on both sides; wire colours RED=power BLACK=GND BLUE=I2C-SDA YELLOW=I2C-SCL GREEN=analog ORANGE=digital CYAN=UART PURPLE=SPI; 16:9 high resolution. Title ""Arduino Mega 2560 + LDR (Photoresistor)"". LEFT an Arduino Mega 2560 (5V logic). RIGHT a LDR (Photoresistor) (Sensors). Connect EXACTLY these 3 wires and no others: VCC to 5V (RED); AO to A0 (GREEN); GND to GND (BLACK). Show these exact pin labels; do not invent or add any wire."
arduino-mega__bh1750.png,"Realistic Fritzing-style hardware wiring diagram, flat vector product-illustration look, soft light-grey studio background, slight top-down angle, one microcontroller board on the LEFT and one module on the RIGHT connected by coloured jumper wires with correctly-spelled pin labels on both sides; wire colours RED=power BLACK=GND BLUE=I2C-SDA YELLOW=I2C-SCL GREEN=analog ORANGE=digital CYAN=UART PURPLE=SPI; 16:9 high resolution. Title ""Arduino Mega 2560 + BH1750"". LEFT an Arduino Mega 2560 (5V logic). RIGHT a BH1750 (Sensors). Connect EXACTLY these 5 wires and no others: VCC to 5V (RED); GND to GND (BLACK); SDA to D20 (SDA) (BLUE); SCL to D21 (SCL) (YELLOW); ADDR to D2 (ORANGE). Show these exact pin labels; do not invent or add any wire."
arduino-mega__mq2.png,"Realistic Fritzing-style hardware wiring diagram, flat vector product-illustration look, soft light-grey studio background, slight top-down angle, one microcontroller board on the LEFT and one module on the RIGHT connected by coloured jumper wires with correctly-spelled pin labels on both sides; wire colours RED=power BLACK=GND BLUE=I2C-SDA YELLOW=I2C-SCL GREEN=analog ORANGE=digital CYAN=UART PURPLE=SPI; 16:9 high resolution. Title ""Arduino Mega 2560 + MQ-2 Gas"". LEFT an Arduino Mega 2560 (5V logic). RIGHT a MQ-2 Gas (Sensors). Connect EXACTLY these 4 wires and no others: VCC to 5V (RED); AO to A0 (GREEN); DO to D2 (ORANGE); GND to GND (BLACK). Show these exact pin labels; do not invent or add any wire."
arduino-mega__mq135.png,"Realistic Fritzing-style hardware wiring diagram, flat vector product-illustration look, soft light-grey studio background, slight top-down angle, one microcontroller board on the LEFT and one module on the RIGHT connected by coloured jumper wires with correctly-spelled pin labels on both sides; wire colours RED=power BLACK=GND BLUE=I2C-SDA YELLOW=I2C-SCL GREEN=analog ORANGE=digital CYAN=UART PURPLE=SPI; 16:9 high resolution. Title ""Arduino Mega 2560 + MQ-135 Air Quality"". LEFT an Arduino Mega 2560 (5V logic). RIGHT a MQ-135 Air Quality (Sensors). Connect EXACTLY these 4 wires and no others: VCC to 5V (RED); AO to A0 (GREEN); DO to D2 (ORANGE); GND to GND (BLACK). Show these exact pin labels; do not invent or add any wire."
arduino-mega__mq7.png,"Realistic Fritzing-style hardware wiring diagram, flat vector product-illustration look, soft light-grey studio background, slight top-down angle, one microcontroller board on the LEFT and one module on the RIGHT connected by coloured jumper wires with correctly-spelled pin labels on both sides; wire colours RED=power BLACK=GND BLUE=I2C-SDA YELLOW=I2C-SCL GREEN=analog ORANGE=digital CYAN=UART PURPLE=SPI; 16:9 high resolution. Title ""Arduino Mega 2560 + MQ-7 CO"". LEFT an Arduino Mega 2560 (5V logic). RIGHT a MQ-7 CO (Sensors). Connect EXACTLY these 4 wires and no others: VCC to 5V (RED); AO to A0 (GREEN); DO to D2 (ORANGE); GND to GND (BLACK). Show these exact pin labels; do not invent or add any wire."
arduino-mega__soil-moisture.png,"Realistic Fritzing-style hardware wiring diagram, flat vector product-illustration look, soft light-grey studio background, slight top-down angle, one microcontroller board on the LEFT and one module on the RIGHT connected by coloured jumper wires with correctly-spelled pin labels on both sides; wire colours RED=power BLACK=GND BLUE=I2C-SDA YELLOW=I2C-SCL GREEN=analog ORANGE=digital CYAN=UART PURPLE=SPI; 16:9 high resolution. Title ""Arduino Mega 2560 + Soil Moisture"". LEFT an Arduino Mega 2560 (5V logic). RIGHT a Soil Moisture (Sensors). Connect EXACTLY these 4 wires and no others: VCC to 5V (RED); AO to A0 (GREEN); DO to D2 (ORANGE); GND to GND (BLACK). Show these exact pin labels; do not invent or add any wire."
arduino-mega__rain-sensor.png,"Realistic Fritzing-style hardware wiring diagram, flat vector product-illustration look, soft light-grey studio background, slight top-down angle, one microcontroller board on the LEFT and one module on the RIGHT connected by coloured jumper wires with correctly-spelled pin labels on both sides; wire colours RED=power BLACK=GND BLUE=I2C-SDA YELLOW=I2C-SCL GREEN=analog ORANGE=digital CYAN=UART PURPLE=SPI; 16:9 high resolution. Title ""Arduino Mega 2560 + Rain Sensor"". LEFT an Arduino Mega 2560 (5V logic). RIGHT a Rain Sensor (Sensors). Connect EXACTLY these 4 wires and no others: VCC to 5V (RED); AO to A0 (GREEN); DO to D2 (ORANGE); GND to GND (BLACK). Show these exact pin labels; do not invent or add any wire."
arduino-mega__water-level.png,"Realistic Fritzing-style hardware wiring diagram, flat vector product-illustration look, soft light-grey studio background, slight top-down angle, one microcontroller board on the LEFT and one module on the RIGHT connected by coloured jumper wires with correctly-spelled pin labels on both sides; wire colours RED=power BLACK=GND BLUE=I2C-SDA YELLOW=I2C-SCL GREEN=analog ORANGE=digital CYAN=UART PURPLE=SPI; 16:9 high resolution. Title ""Arduino Mega 2560 + Water Level Sensor"". LEFT an Arduino Mega 2560 (5V logic). RIGHT a Water Level Sensor (Sensors). Connect EXACTLY these 3 wires and no others: + to 5V (RED); S to A0 (GREEN); - to GND (BLACK). Show these exact pin labels; do not invent or add any wire."
arduino-mega__flow-sensor.png,"Realistic Fritzing-style hardware wiring diagram, flat vector product-illustration look, soft light-grey studio background, slight top-down angle, one microcontroller board on the LEFT and one module on the RIGHT connected by coloured jumper wires with correctly-spelled pin labels on both sides; wire colours RED=power BLACK=GND BLUE=I2C-SDA YELLOW=I2C-SCL GREEN=analog ORANGE=digital CYAN=UART PURPLE=SPI; 16:9 high resolution. Title ""Arduino Mega 2560 + Water Flow (YF-S201)"". LEFT an Arduino Mega 2560 (5V logic). RIGHT a Water Flow (YF-S201) (Sensors). Connect EXACTLY these 3 wires and no others: VCC to 5V (RED); SIGNAL to D2 (ORANGE); GND to GND (BLACK). Show these exact pin labels; do not invent or add any wire."
arduino-mega__flame-sensor.png,"Realistic Fritzing-style hardware wiring diagram, flat vector product-illustration look, soft light-grey studio background, slight top-down angle, one microcontroller board on the LEFT and one module on the RIGHT connected by coloured jumper wires with correctly-spelled pin labels on both sides; wire colours RED=power BLACK=GND BLUE=I2C-SDA YELLOW=I2C-SCL GREEN=analog ORANGE=digital CYAN=UART PURPLE=SPI; 16:9 high resolution. Title ""Arduino Mega 2560 + Flame Sensor"". LEFT an Arduino Mega 2560 (5V logic). RIGHT a Flame Sensor (Sensors). Connect EXACTLY these 4 wires and no others: VCC to 5V (RED); AO to A0 (GREEN); DO to D2 (ORANGE); GND to GND (BLACK). Show these exact pin labels; do not invent or add any wire."
arduino-mega__mpu6050.png,"Realistic Fritzing-style hardware wiring diagram, flat vector product-illustration look, soft light-grey studio background, slight top-down angle, one microcontroller board on the LEFT and one module on the RIGHT connected by coloured jumper wires with correctly-spelled pin labels on both sides; wire colours RED=power BLACK=GND BLUE=I2C-SDA YELLOW=I2C-SCL GREEN=analog ORANGE=digital CYAN=UART PURPLE=SPI; 16:9 high resolution. Title ""Arduino Mega 2560 + MPU-6050 IMU"". LEFT an Arduino Mega 2560 (5V logic). RIGHT a MPU-6050 IMU (Sensors). Connect EXACTLY these 5 wires and no others: VCC to 5V (RED); SDA to D20 (SDA) (BLUE); SCL to D21 (SCL) (YELLOW); INT to D2 (ORANGE); GND to GND (BLACK). Show these exact pin labels; do not invent or add any wire."
arduino-mega__hmc5883l.png,"Realistic Fritzing-style hardware wiring diagram, flat vector product-illustration look, soft light-grey studio background, slight top-down angle, one microcontroller board on the LEFT and one module on the RIGHT connected by coloured jumper wires with correctly-spelled pin labels on both sides; wire colours RED=power BLACK=GND BLUE=I2C-SDA YELLOW=I2C-SCL GREEN=analog ORANGE=digital CYAN=UART PURPLE=SPI; 16:9 high resolution. Title ""Arduino Mega 2560 + HMC5883L"". LEFT an Arduino Mega 2560 (5V logic). RIGHT a HMC5883L (Sensors). Connect EXACTLY these 5 wires and no others: VCC to 5V (RED); SDA to D20 (SDA) (BLUE); SCL to D21 (SCL) (YELLOW); DRDY to D2 (ORANGE); GND to GND (BLACK). Show these exact pin labels; do not invent or add any wire."
arduino-mega__bmp280.png,"Realistic Fritzing-style hardware wiring diagram, flat vector product-illustration look, soft light-grey studio background, slight top-down angle, one microcontroller board on the LEFT and one module on the RIGHT connected by coloured jumper wires with correctly-spelled pin labels on both sides; wire colours RED=power BLACK=GND BLUE=I2C-SDA YELLOW=I2C-SCL GREEN=analog ORANGE=digital CYAN=UART PURPLE=SPI; 16:9 high resolution. Title ""Arduino Mega 2560 + BMP280 / BME280"". LEFT an Arduino Mega 2560 (5V logic). RIGHT a BMP280 / BME280 (Sensors). Connect EXACTLY these 4 wires and no others: VCC to 5V (RED); SDA to D20 (SDA) (BLUE); SCL to D21 (SCL) (YELLOW); GND to GND (BLACK). Show these exact pin labels; do not invent or add any wire."
arduino-mega__load-cell.png,"Realistic Fritzing-style hardware wiring diagram, flat vector product-illustration look, soft light-grey studio background, slight top-down angle, one microcontroller board on the LEFT and one module on the RIGHT connected by coloured jumper wires with correctly-spelled pin labels on both sides; wire colours RED=power BLACK=GND BLUE=I2C-SDA YELLOW=I2C-SCL GREEN=analog ORANGE=digital CYAN=UART PURPLE=SPI; 16:9 high resolution. Title ""Arduino Mega 2560 + Load Cell + HX711"". LEFT an Arduino Mega 2560 (5V logic). RIGHT a Load Cell + HX711 (Sensors). Connect EXACTLY these 4 wires and no others: DT to D2 (ORANGE); CLK to D3 (ORANGE); VCC to 5V (RED); GND to GND (BLACK). Show these exact pin labels; do not invent or add any wire."
arduino-mega__ir-sensor.png,"Realistic Fritzing-style hardware wiring diagram, flat vector product-illustration look, soft light-grey studio background, slight top-down angle, one microcontroller board on the LEFT and one module on the RIGHT connected by coloured jumper wires with correctly-spelled pin labels on both sides; wire colours RED=power BLACK=GND BLUE=I2C-SDA YELLOW=I2C-SCL GREEN=analog ORANGE=digital CYAN=UART PURPLE=SPI; 16:9 high resolution. Title ""Arduino Mega 2560 + IR Obstacle Sensor"". LEFT an Arduino Mega 2560 (5V logic). RIGHT an IR Obstacle Sensor (Sensors). Connect EXACTLY these 3 wires and no others: VCC to 5V (RED); OUT to D2 (ORANGE); GND to GND (BLACK). Show these exact pin labels; do not invent or add any wire."
arduino-mega__color-sensor.png,"Realistic Fritzing-style hardware wiring diagram, flat vector product-illustration look, soft light-grey studio background, slight top-down angle, one microcontroller board on the LEFT and one module on the RIGHT connected by coloured jumper wires with correctly-spelled pin labels on both sides; wire colours RED=power BLACK=GND BLUE=I2C-SDA YELLOW=I2C-SCL GREEN=analog ORANGE=digital CYAN=UART PURPLE=SPI; 16:9 high resolution. Title ""Arduino Mega 2560 + TCS3200 Color"". LEFT an Arduino Mega 2560 (5V logic). RIGHT a TCS3200 Color (Sensors). Connect EXACTLY these 4 wires and no others: VCC to 5V (RED); GND to GND (BLACK); S0–S3 to D2 (ORANGE); OUT to D3 (ORANGE). Show these exact pin labels; do not invent or add any wire."
arduino-mega__heart-rate.png,"Realistic Fritzing-style hardware wiring diagram, flat vector product-illustration look, soft light-grey studio background, slight top-down angle, one microcontroller board on the LEFT and one module on the RIGHT connected by coloured jumper wires with correctly-spelled pin labels on both sides; wire colours RED=power BLACK=GND BLUE=I2C-SDA YELLOW=I2C-SCL GREEN=analog ORANGE=digital CYAN=UART PURPLE=SPI; 16:9 high resolution. Title ""Arduino Mega 2560 + MAX30100 Pulse"". LEFT an Arduino Mega 2560 (5V logic). RIGHT a MAX30100 Pulse (Sensors). Connect EXACTLY these 5 wires and no others: VIN to 5V (RED); SDA to D20 (SDA) (BLUE); SCL to D21 (SCL) (YELLOW); INT to D2 (ORANGE); GND to GND (BLACK). Show these exact pin labels; do not invent or add any wire."
arduino-mega__ph-sensor.png,"Realistic Fritzing-style hardware wiring diagram, flat vector product-illustration look, soft light-grey studio background, slight top-down angle, one microcontroller board on the LEFT and one module on the RIGHT connected by coloured jumper wires with correctly-spelled pin labels on both sides; wire colours RED=power BLACK=GND BLUE=I2C-SDA YELLOW=I2C-SCL GREEN=analog ORANGE=digital CYAN=UART PURPLE=SPI; 16:9 high resolution. Title ""Arduino Mega 2560 + pH Sensor"". LEFT an Arduino Mega 2560 (5V logic). RIGHT a pH Sensor (Sensors). Connect EXACTLY these 3 wires and no others: VCC to 5V (RED); GND to GND (BLACK); PO to A0 (GREEN). Show these exact pin labels; do not invent or add any wire."
arduino-mega__current-sensor.png,"Realistic Fritzing-style hardware wiring diagram, flat vector product-illustration look, soft light-grey studio background, slight top-down angle, one microcontroller board on the LEFT and one module on the RIGHT connected by coloured jumper wires with correctly-spelled pin labels on both sides; wire colours RED=power BLACK=GND BLUE=I2C-SDA YELLOW=I2C-SCL GREEN=analog ORANGE=digital CYAN=UART PURPLE=SPI; 16:9 high resolution. Title ""Arduino Mega 2560 + ACS712 Current"". LEFT an Arduino Mega 2560 (5V logic). RIGHT an ACS712 Current (Sensors). Connect EXACTLY these 5 wires and no others: VCC to 5V (RED); GND to GND (BLACK); OUT to A0 (GREEN); IP+ to D2 (ORANGE); IP- to D3 (ORANGE). Show these exact pin labels; do not invent or add any wire."
arduino-mega__voltage-sensor.png,"Realistic Fritzing-style hardware wiring diagram, flat vector product-illustration look, soft light-grey studio background, slight top-down angle, one microcontroller board on the LEFT and one module on the RIGHT connected by coloured jumper wires with correctly-spelled pin labels on both sides; wire colours RED=power BLACK=GND BLUE=I2C-SDA YELLOW=I2C-SCL GREEN=analog ORANGE=digital CYAN=UART PURPLE=SPI; 16:9 high resolution. Title ""Arduino Mega 2560 + Voltage Sensor"". LEFT an Arduino Mega 2560 (5V logic). RIGHT a Voltage Sensor (Sensors). Connect EXACTLY these 2 wires and no others: S to A0 (GREEN); - to GND (BLACK). Show these exact pin labels; do not invent or add any wire."
arduino-mega__ir-flame-array.png,"Realistic Fritzing-style hardware wiring diagram, flat vector product-illustration look, soft light-grey studio background, slight top-down angle, one microcontroller board on the LEFT and one module on the RIGHT connected by coloured jumper wires with correctly-spelled pin labels on both sides; wire colours RED=power BLACK=GND BLUE=I2C-SDA YELLOW=I2C-SCL GREEN=analog ORANGE=digital CYAN=UART PURPLE=SPI; 16:9 high resolution. Title ""Arduino Mega 2560 + Vibration (SW-420)"". LEFT an Arduino Mega 2560 (5V logic). RIGHT a Vibration (SW-420) (Sensors). Connect EXACTLY these 3 wires and no others: VCC to 5V (RED); GND to GND (BLACK); DO to D2 (ORANGE). Show these exact pin labels; do not invent or add any wire."
arduino-mega__lidar-sensor.png,"Realistic Fritzing-style hardware wiring diagram, flat vector product-illustration look, soft light-grey studio background, slight top-down angle, one microcontroller board on the LEFT and one module on the RIGHT connected by coloured jumper wires with correctly-spelled pin labels on both sides; wire colours RED=power BLACK=GND BLUE=I2C-SDA YELLOW=I2C-SCL GREEN=analog ORANGE=digital CYAN=UART PURPLE=SPI; 16:9 high resolution. Title ""Arduino Mega 2560 + LiDAR (TF-Luna)"". LEFT an Arduino Mega 2560 (5V logic). RIGHT a LiDAR (TF-Luna) (Sensors). Connect EXACTLY these 4 wires and no others: VCC to 5V (RED); RXD to D2 (ORANGE); TXD to D3 (ORANGE); GND to GND (BLACK). Show these exact pin labels; do not invent or add any wire."
arduino-mega__servo.png,"Realistic Fritzing-style hardware wiring diagram, flat vector product-illustration look, soft light-grey studio background, slight top-down angle, one microcontroller board on the LEFT and one module on the RIGHT connected by coloured jumper wires with correctly-spelled pin labels on both sides; wire colours RED=power BLACK=GND BLUE=I2C-SDA YELLOW=I2C-SCL GREEN=analog ORANGE=digital CYAN=UART PURPLE=SPI; 16:9 high resolution. Title ""Arduino Mega 2560 + Servo (SG90/MG996)"". LEFT an Arduino Mega 2560 (5V logic). RIGHT a Servo (SG90/MG996) (Actuators & Motors). Connect EXACTLY these 3 wires and no others: Signal to D2 (ORANGE); VCC to 5V (RED); GND to GND (BLACK). Show these exact pin labels; do not invent or add any wire."
arduino-mega__stepper.png,"Realistic Fritzing-style hardware wiring diagram, flat vector product-illustration look, soft light-grey studio background, slight top-down angle, one microcontroller board on the LEFT and one module on the RIGHT connected by coloured jumper wires with correctly-spelled pin labels on both sides; wire colours RED=power BLACK=GND BLUE=I2C-SDA YELLOW=I2C-SCL GREEN=analog ORANGE=digital CYAN=UART PURPLE=SPI; 16:9 high resolution. Title ""Arduino Mega 2560 + Stepper (28BYJ-48)"". LEFT an Arduino Mega 2560 (5V logic). RIGHT a Stepper (28BYJ-48) (Actuators & Motors). Connect EXACTLY these 3 wires and no others: IN1–IN4 to D2 (ORANGE); VCC to 5V (RED); GND to GND (BLACK). Show these exact pin labels; do not invent or add any wire."
arduino-mega__l298n.png,"Realistic Fritzing-style hardware wiring diagram, flat vector product-illustration look, soft light-grey studio background, slight top-down angle, one microcontroller board on the LEFT and one module on the RIGHT connected by coloured jumper wires with correctly-spelled pin labels on both sides; wire colours RED=power BLACK=GND BLUE=I2C-SDA YELLOW=I2C-SCL GREEN=analog ORANGE=digital CYAN=UART PURPLE=SPI; 16:9 high resolution. Title ""Arduino Mega 2560 + L298N Driver"". LEFT an Arduino Mega 2560 (5V logic). RIGHT a L298N Driver (Actuators & Motors). Connect EXACTLY these 5 wires and no others: IN1–IN4 to D2 (ORANGE); ENA to D3 (ORANGE); ENB to D4 (ORANGE); 5V to 5V (RED); GND to GND (BLACK). Show these exact pin labels; do not invent or add any wire."
arduino-mega__l293d.png,"Realistic Fritzing-style hardware wiring diagram, flat vector product-illustration look, soft light-grey studio background, slight top-down angle, one microcontroller board on the LEFT and one module on the RIGHT connected by coloured jumper wires with correctly-spelled pin labels on both sides; wire colours RED=power BLACK=GND BLUE=I2C-SDA YELLOW=I2C-SCL GREEN=analog ORANGE=digital CYAN=UART PURPLE=SPI; 16:9 high resolution. Title ""Arduino Mega 2560 + L293D Driver"". LEFT an Arduino Mega 2560 (5V logic). RIGHT a L293D Driver (Actuators & Motors). Connect EXACTLY these 5 wires and no others: IN1–IN4 to D2 (ORANGE); EN1 to D3 (ORANGE); EN2 to D4 (ORANGE); Vcc1 to 5V (RED); GND to GND (BLACK). Show these exact pin labels; do not invent or add any wire."
arduino-mega__a4988.png,"Realistic Fritzing-style hardware wiring diagram, flat vector product-illustration look, soft light-grey studio background, slight top-down angle, one microcontroller board on the LEFT and one module on the RIGHT connected by coloured jumper wires with correctly-spelled pin labels on both sides; wire colours RED=power BLACK=GND BLUE=I2C-SDA YELLOW=I2C-SCL GREEN=analog ORANGE=digital CYAN=UART PURPLE=SPI; 16:9 high resolution. Title ""Arduino Mega 2560 + A4988 Driver"". LEFT an Arduino Mega 2560 (5V logic). RIGHT an A4988 Driver (Actuators & Motors). Connect EXACTLY these 5 wires and no others: STEP to D2 (ORANGE); DIR to D3 (ORANGE); VDD to 5V (RED); GND to GND (BLACK); MS1 to D4 (ORANGE). Show these exact pin labels; do not invent or add any wire."
arduino-mega__relay-module.png,"Realistic Fritzing-style hardware wiring diagram, flat vector product-illustration look, soft light-grey studio background, slight top-down angle, one microcontroller board on the LEFT and one module on the RIGHT connected by coloured jumper wires with correctly-spelled pin labels on both sides; wire colours RED=power BLACK=GND BLUE=I2C-SDA YELLOW=I2C-SCL GREEN=analog ORANGE=digital CYAN=UART PURPLE=SPI; 16:9 high resolution. Title ""Arduino Mega 2560 + Relay Module"". LEFT an Arduino Mega 2560 (5V logic). RIGHT a Relay Module (Actuators & Motors). Connect EXACTLY these 6 wires and no others: IN to D2 (ORANGE); VCC to 5V (RED); GND to GND (BLACK); COM to D3 (ORANGE); NO to D4 (ORANGE); NC to D5 (ORANGE). Show these exact pin labels; do not invent or add any wire."
arduino-mega__water-pump.png,"Realistic Fritzing-style hardware wiring diagram, flat vector product-illustration look, soft light-grey studio background, slight top-down angle, one microcontroller board on the LEFT and one module on the RIGHT connected by coloured jumper wires with correctly-spelled pin labels on both sides; wire colours RED=power BLACK=GND BLUE=I2C-SDA YELLOW=I2C-SCL GREEN=analog ORANGE=digital CYAN=UART PURPLE=SPI; 16:9 high resolution. Title ""Arduino Mega 2560 + Water Pump"". LEFT an Arduino Mega 2560 (5V logic). RIGHT a Water Pump (Actuators & Motors). Connect EXACTLY these 2 wires and no others: + to 5V (RED); - to GND (BLACK). Show these exact pin labels; do not invent or add any wire."
arduino-mega__servo-continuous.png,"Realistic Fritzing-style hardware wiring diagram, flat vector product-illustration look, soft light-grey studio background, slight top-down angle, one microcontroller board on the LEFT and one module on the RIGHT connected by coloured jumper wires with correctly-spelled pin labels on both sides; wire colours RED=power BLACK=GND BLUE=I2C-SDA YELLOW=I2C-SCL GREEN=analog ORANGE=digital CYAN=UART PURPLE=SPI; 16:9 high resolution. Title ""Arduino Mega 2560 + Continuous Servo"". LEFT an Arduino Mega 2560 (5V logic). RIGHT a Continuous Servo (Actuators & Motors). Connect EXACTLY these 3 wires and no others: Signal to D2 (ORANGE); VCC to 5V (RED); GND to GND (BLACK). Show these exact pin labels; do not invent or add any wire."
arduino-mega__buzzer.png,"Realistic Fritzing-style hardware wiring diagram, flat vector product-illustration look, soft light-grey studio background, slight top-down angle, one microcontroller board on the LEFT and one module on the RIGHT connected by coloured jumper wires with correctly-spelled pin labels on both sides; wire colours RED=power BLACK=GND BLUE=I2C-SDA YELLOW=I2C-SCL GREEN=analog ORANGE=digital CYAN=UART PURPLE=SPI; 16:9 high resolution. Title ""Arduino Mega 2560 + Buzzer"". LEFT an Arduino Mega 2560 (5V logic). RIGHT a Buzzer (Actuators & Motors). Connect EXACTLY these 2 wires and no others: + to 5V (RED); - to GND (BLACK). Show these exact pin labels; do not invent or add any wire."
arduino-mega__lcd1602.png,"Realistic Fritzing-style hardware wiring diagram, flat vector product-illustration look, soft light-grey studio background, slight top-down angle, one microcontroller board on the LEFT and one module on the RIGHT connected by coloured jumper wires with correctly-spelled pin labels on both sides; wire colours RED=power BLACK=GND BLUE=I2C-SDA YELLOW=I2C-SCL GREEN=analog ORANGE=digital CYAN=UART PURPLE=SPI; 16:9 high resolution. Title ""Arduino Mega 2560 + LCD 16×2"". LEFT an Arduino Mega 2560 (5V logic). RIGHT a LCD 16×2 (Displays). Connect EXACTLY these 4 wires and no others: SDA to D20 (SDA) (BLUE); SCL to D21 (SCL) (YELLOW); VCC to 5V (RED); GND to GND (BLACK). Show these exact pin labels; do not invent or add any wire."
arduino-mega__lcd2004.png,"Realistic Fritzing-style hardware wiring diagram, flat vector product-illustration look, soft light-grey studio background, slight top-down angle, one microcontroller board on the LEFT and one module on the RIGHT connected by coloured jumper wires with correctly-spelled pin labels on both sides; wire colours RED=power BLACK=GND BLUE=I2C-SDA YELLOW=I2C-SCL GREEN=analog ORANGE=digital CYAN=UART PURPLE=SPI; 16:9 high resolution. Title ""Arduino Mega 2560 + LCD 20×4"". LEFT an Arduino Mega 2560 (5V logic). RIGHT a LCD 20×4 (Displays). Connect EXACTLY these 4 wires and no others: SDA to D20 (SDA) (BLUE); SCL to D21 (SCL) (YELLOW); VCC to 5V (RED); GND to GND (BLACK). Show these exact pin labels; do not invent or add any wire."
arduino-mega__oled.png,"Realistic Fritzing-style hardware wiring diagram, flat vector product-illustration look, soft light-grey studio background, slight top-down angle, one microcontroller board on the LEFT and one module on the RIGHT connected by coloured jumper wires with correctly-spelled pin labels on both sides; wire colours RED=power BLACK=GND BLUE=I2C-SDA YELLOW=I2C-SCL GREEN=analog ORANGE=digital CYAN=UART PURPLE=SPI; 16:9 high resolution. Title ""Arduino Mega 2560 + OLED 0.96"" (SSD1306)"". LEFT an Arduino Mega 2560 (5V logic). RIGHT an OLED 0.96"" (SSD1306) (Displays). Connect EXACTLY these 4 wires and no others: SDA to D20 (SDA) (BLUE); SCL to D21 (SCL) (YELLOW); VCC to 5V (RED); GND to GND (BLACK). Show these exact pin labels; do not invent or add any wire."
arduino-mega__tft.png,"Realistic Fritzing-style hardware wiring diagram, flat vector product-illustration look, soft light-grey studio background, slight top-down angle, one microcontroller board on the LEFT and one module on the RIGHT connected by coloured jumper wires with correctly-spelled pin labels on both sides; wire colours RED=power BLACK=GND BLUE=I2C-SDA YELLOW=I2C-SCL GREEN=analog ORANGE=digital CYAN=UART PURPLE=SPI; 16:9 high resolution. Title ""Arduino Mega 2560 + TFT Touch Display"". LEFT an Arduino Mega 2560 (5V logic). RIGHT a TFT Touch Display (Displays). Connect EXACTLY these 9 wires and no others: SCK to D52 (SCK) (PURPLE); MOSI to D51 (MOSI) (PURPLE); MISO to D50 (MISO) (PURPLE); CS to D53 (SS) (PURPLE); DC to D2 (ORANGE); T_CS to D3 (ORANGE); T_IRQ to D4 (ORANGE); VCC to 5V (RED); GND to GND (BLACK). Show these exact pin labels; do not invent or add any wire."
arduino-mega__seven-seg.png,"Realistic Fritzing-style hardware wiring diagram, flat vector product-illustration look, soft light-grey studio background, slight top-down angle, one microcontroller board on the LEFT and one module on the RIGHT connected by coloured jumper wires with correctly-spelled pin labels on both sides; wire colours RED=power BLACK=GND BLUE=I2C-SDA YELLOW=I2C-SCL GREEN=analog ORANGE=digital CYAN=UART PURPLE=SPI; 16:9 high resolution. Title ""Arduino Mega 2560 + 7-Segment Display"". LEFT an Arduino Mega 2560 (5V logic). RIGHT a 7-Segment Display (Displays). Connect EXACTLY these 3 wires and no others: a–g to D2 (ORANGE); dp to D3 (ORANGE); GND to GND (BLACK). Show these exact pin labels; do not invent or add any wire."
arduino-mega__led-matrix.png,"Realistic Fritzing-style hardware wiring diagram, flat vector product-illustration look, soft light-grey studio background, slight top-down angle, one microcontroller board on the LEFT and one module on the RIGHT connected by coloured jumper wires with correctly-spelled pin labels on both sides; wire colours RED=power BLACK=GND BLUE=I2C-SDA YELLOW=I2C-SCL GREEN=analog ORANGE=digital CYAN=UART PURPLE=SPI; 16:9 high resolution. Title ""Arduino Mega 2560 + LED Matrix (MAX7219)"". LEFT an Arduino Mega 2560 (5V logic). RIGHT a LED Matrix (MAX7219) (Displays). Connect EXACTLY these 5 wires and no others: DIN to D51 (MOSI) (PURPLE); CS to D53 (SS) (PURPLE); CLK to D2 (ORANGE); VCC to 5V (RED); GND to GND (BLACK). Show these exact pin labels; do not invent or add any wire."
arduino-mega__neopixel.png,"Realistic Fritzing-style hardware wiring diagram, flat vector product-illustration look, soft light-grey studio background, slight top-down angle, one microcontroller board on the LEFT and one module on the RIGHT connected by coloured jumper wires with correctly-spelled pin labels on both sides; wire colours RED=power BLACK=GND BLUE=I2C-SDA YELLOW=I2C-SCL GREEN=analog ORANGE=digital CYAN=UART PURPLE=SPI; 16:9 high resolution. Title ""Arduino Mega 2560 + NeoPixel (WS2812)"". LEFT an Arduino Mega 2560 (5V logic). RIGHT a NeoPixel (WS2812) (Displays). Connect EXACTLY these 3 wires and no others: DIN to D51 (MOSI) (PURPLE); 5V to 5V (RED); GND to GND (BLACK). Show these exact pin labels; do not invent or add any wire."
arduino-mega__epaper.png,"Realistic Fritzing-style hardware wiring diagram, flat vector product-illustration look, soft light-grey studio background, slight top-down angle, one microcontroller board on the LEFT and one module on the RIGHT connected by coloured jumper wires with correctly-spelled pin labels on both sides; wire colours RED=power BLACK=GND BLUE=I2C-SDA YELLOW=I2C-SCL GREEN=analog ORANGE=digital CYAN=UART PURPLE=SPI; 16:9 high resolution. Title ""Arduino Mega 2560 + E-Paper Display"". LEFT an Arduino Mega 2560 (5V logic). RIGHT an E-Paper Display (Displays). Connect EXACTLY these 8 wires and no others: SCK to D52 (SCK) (PURPLE); MOSI to D51 (MOSI) (PURPLE); CS to D53 (SS) (PURPLE); DC to D2 (ORANGE); BUSY to D3 (ORANGE); RST to D4 (ORANGE); VCC to 5V (RED); GND to GND (BLACK). Show these exact pin labels; do not invent or add any wire."
arduino-mega__hc05.png,"Realistic Fritzing-style hardware wiring diagram, flat vector product-illustration look, soft light-grey studio background, slight top-down angle, one microcontroller board on the LEFT and one module on the RIGHT connected by coloured jumper wires with correctly-spelled pin labels on both sides; wire colours RED=power BLACK=GND BLUE=I2C-SDA YELLOW=I2C-SCL GREEN=analog ORANGE=digital CYAN=UART PURPLE=SPI; 16:9 high resolution. Title ""Arduino Mega 2560 + HC-05 Bluetooth"". LEFT an Arduino Mega 2560 (5V logic). RIGHT a HC-05 Bluetooth (Connectivity). Connect EXACTLY these 6 wires and no others: RXD to D2 (ORANGE); TXD to D3 (ORANGE); VCC to 5V (RED); GND to GND (BLACK); EN to D4 (ORANGE); KEY to D5 (ORANGE). Show these exact pin labels; do not invent or add any wire."
arduino-mega__ble.png,"Realistic Fritzing-style hardware wiring diagram, flat vector product-illustration look, soft light-grey studio background, slight top-down angle, one microcontroller board on the LEFT and one module on the RIGHT connected by coloured jumper wires with correctly-spelled pin labels on both sides; wire colours RED=power BLACK=GND BLUE=I2C-SDA YELLOW=I2C-SCL GREEN=analog ORANGE=digital CYAN=UART PURPLE=SPI; 16:9 high resolution. Title ""Arduino Mega 2560 + BLE Module"". LEFT an Arduino Mega 2560 (5V logic). RIGHT a BLE Module (Connectivity). Connect EXACTLY these 4 wires and no others: RXD to D2 (ORANGE); TXD to D3 (ORANGE); VCC to 5V (RED); GND to GND (BLACK). Show these exact pin labels; do not invent or add any wire."
arduino-mega__nrf24.png,"Realistic Fritzing-style hardware wiring diagram, flat vector product-illustration look, soft light-grey studio background, slight top-down angle, one microcontroller board on the LEFT and one module on the RIGHT connected by coloured jumper wires with correctly-spelled pin labels on both sides; wire colours RED=power BLACK=GND BLUE=I2C-SDA YELLOW=I2C-SCL GREEN=analog ORANGE=digital CYAN=UART PURPLE=SPI; 16:9 high resolution. Title ""Arduino Mega 2560 + nRF24L01"". LEFT an Arduino Mega 2560 (5V logic). RIGHT a nRF24L01 (Connectivity). Connect EXACTLY these 7 wires and no others: SCK to D52 (SCK) (PURPLE); MOSI to D51 (MOSI) (PURPLE); MISO to D50 (MISO) (PURPLE); CSN to D2 (ORANGE); CE to D53 (SS) (PURPLE); VCC to 5V (RED); GND to GND (BLACK). Show these exact pin labels; do not invent or add any wire."
arduino-mega__lora.png,"Realistic Fritzing-style hardware wiring diagram, flat vector product-illustration look, soft light-grey studio background, slight top-down angle, one microcontroller board on the LEFT and one module on the RIGHT connected by coloured jumper wires with correctly-spelled pin labels on both sides; wire colours RED=power BLACK=GND BLUE=I2C-SDA YELLOW=I2C-SCL GREEN=analog ORANGE=digital CYAN=UART PURPLE=SPI; 16:9 high resolution. Title ""Arduino Mega 2560 + LoRa Module"". LEFT an Arduino Mega 2560 (5V logic). RIGHT a LoRa Module (Connectivity). Connect EXACTLY these 8 wires and no others: SCK to D52 (SCK) (PURPLE); MOSI to D51 (MOSI) (PURPLE); MISO to D50 (MISO) (PURPLE); NSS to D53 (SS) (PURPLE); DIO0 to D2 (ORANGE); RST to D3 (ORANGE); VCC to 5V (RED); GND to GND (BLACK). Show these exact pin labels; do not invent or add any wire."
arduino-mega__sim800.png,"Realistic Fritzing-style hardware wiring diagram, flat vector product-illustration look, soft light-grey studio background, slight top-down angle, one microcontroller board on the LEFT and one module on the RIGHT connected by coloured jumper wires with correctly-spelled pin labels on both sides; wire colours RED=power BLACK=GND BLUE=I2C-SDA YELLOW=I2C-SCL GREEN=analog ORANGE=digital CYAN=UART PURPLE=SPI; 16:9 high resolution. Title ""Arduino Mega 2560 + SIM800L GSM"". LEFT an Arduino Mega 2560 (5V logic). RIGHT a SIM800L GSM (Connectivity). Connect EXACTLY these 4 wires and no others: RXD to D2 (ORANGE); TXD to D3 (ORANGE); VCC to 5V (RED); GND to GND (BLACK). Show these exact pin labels; do not invent or add any wire."
arduino-mega__sim900.png,"Realistic Fritzing-style hardware wiring diagram, flat vector product-illustration look, soft light-grey studio background, slight top-down angle, one microcontroller board on the LEFT and one module on the RIGHT connected by coloured jumper wires with correctly-spelled pin labels on both sides; wire colours RED=power BLACK=GND BLUE=I2C-SDA YELLOW=I2C-SCL GREEN=analog ORANGE=digital CYAN=UART PURPLE=SPI; 16:9 high resolution. Title ""Arduino Mega 2560 + SIM900 GSM"". LEFT an Arduino Mega 2560 (5V logic). RIGHT a SIM900 GSM (Connectivity). Connect EXACTLY these 4 wires and no others: RXD to D2 (ORANGE); TXD to D3 (ORANGE); VCC 5V to 5V (RED); GND to GND (BLACK). Show these exact pin labels; do not invent or add any wire."
arduino-mega__gps-neo6.png,"Realistic Fritzing-style hardware wiring diagram, flat vector product-illustration look, soft light-grey studio background, slight top-down angle, one microcontroller board on the LEFT and one module on the RIGHT connected by coloured jumper wires with correctly-spelled pin labels on both sides; wire colours RED=power BLACK=GND BLUE=I2C-SDA YELLOW=I2C-SCL GREEN=analog ORANGE=digital CYAN=UART PURPLE=SPI; 16:9 high resolution. Title ""Arduino Mega 2560 + NEO-6M GPS"". LEFT an Arduino Mega 2560 (5V logic). RIGHT a NEO-6M GPS (Connectivity). Connect EXACTLY these 4 wires and no others: RX to D1 (TX0) (CYAN); TX to D0 (RX0) (CYAN); VCC to 5V (RED); GND to GND (BLACK). Show these exact pin labels; do not invent or add any wire."
arduino-mega__rfid-rc522.png,"Realistic Fritzing-style hardware wiring diagram, flat vector product-illustration look, soft light-grey studio background, slight top-down angle, one microcontroller board on the LEFT and one module on the RIGHT connected by coloured jumper wires with correctly-spelled pin labels on both sides; wire colours RED=power BLACK=GND BLUE=I2C-SDA YELLOW=I2C-SCL GREEN=analog ORANGE=digital CYAN=UART PURPLE=SPI; 16:9 high resolution. Title ""Arduino Mega 2560 + RFID RC522"". LEFT an Arduino Mega 2560 (5V logic). RIGHT a RFID RC522 (Connectivity). Connect EXACTLY these 7 wires and no others: SCK to D52 (SCK) (PURPLE); MOSI to D51 (MOSI) (PURPLE); MISO to D50 (MISO) (PURPLE); SS to D53 (SS) (PURPLE); RST to D2 (ORANGE); VCC to 5V (RED); GND to GND (BLACK). Show these exact pin labels; do not invent or add any wire."
arduino-mega__fingerprint-mod.png,"Realistic Fritzing-style hardware wiring diagram, flat vector product-illustration look, soft light-grey studio background, slight top-down angle, one microcontroller board on the LEFT and one module on the RIGHT connected by coloured jumper wires with correctly-spelled pin labels on both sides; wire colours RED=power BLACK=GND BLUE=I2C-SDA YELLOW=I2C-SCL GREEN=analog ORANGE=digital CYAN=UART PURPLE=SPI; 16:9 high resolution. Title ""Arduino Mega 2560 + Fingerprint (R307)"". LEFT an Arduino Mega 2560 (5V logic). RIGHT a Fingerprint (R307) (Connectivity). Connect EXACTLY these 4 wires and no others: TX to D0 (RX0) (CYAN); RX to D1 (TX0) (CYAN); VCC to 5V (RED); GND to GND (BLACK). Show these exact pin labels; do not invent or add any wire."
arduino-mega__ethernet-mod.png,"Realistic Fritzing-style hardware wiring diagram, flat vector product-illustration look, soft light-grey studio background, slight top-down angle, one microcontroller board on the LEFT and one module on the RIGHT connected by coloured jumper wires with correctly-spelled pin labels on both sides; wire colours RED=power BLACK=GND BLUE=I2C-SDA YELLOW=I2C-SCL GREEN=analog ORANGE=digital CYAN=UART PURPLE=SPI; 16:9 high resolution. Title ""Arduino Mega 2560 + Ethernet (W5100)"". LEFT an Arduino Mega 2560 (5V logic). RIGHT an Ethernet (W5100) (Connectivity). Connect EXACTLY these 6 wires and no others: SCK to D52 (SCK) (PURPLE); MOSI to D51 (MOSI) (PURPLE); MISO to D50 (MISO) (PURPLE); CS to D53 (SS) (PURPLE); VCC to 5V (RED); GND to GND (BLACK). Show these exact pin labels; do not invent or add any wire."
arduino-mega__led.png,"Realistic Fritzing-style hardware wiring diagram, flat vector product-illustration look, soft light-grey studio background, slight top-down angle, one microcontroller board on the LEFT and one module on the RIGHT connected by coloured jumper wires with correctly-spelled pin labels on both sides; wire colours RED=power BLACK=GND BLUE=I2C-SDA YELLOW=I2C-SCL GREEN=analog ORANGE=digital CYAN=UART PURPLE=SPI; 16:9 high resolution. Title ""Arduino Mega 2560 + LED"". LEFT an Arduino Mega 2560 (5V logic). RIGHT a LED (Passive & Discrete). Connect EXACTLY these 2 wires and no others: Anode to D2 (ORANGE); GND to GND (BLACK). Show these exact pin labels; do not invent or add any wire."
arduino-mega__potentiometer.png,"Realistic Fritzing-style hardware wiring diagram, flat vector product-illustration look, soft light-grey studio background, slight top-down angle, one microcontroller board on the LEFT and one module on the RIGHT connected by coloured jumper wires with correctly-spelled pin labels on both sides; wire colours RED=power BLACK=GND BLUE=I2C-SDA YELLOW=I2C-SCL GREEN=analog ORANGE=digital CYAN=UART PURPLE=SPI; 16:9 high resolution. Title ""Arduino Mega 2560 + Potentiometer"". LEFT an Arduino Mega 2560 (5V logic). RIGHT a Potentiometer (Passive & Discrete). Connect EXACTLY these 3 wires and no others: VCC to 5V (RED); GND to GND (BLACK); Wiper to A0 (GREEN). Show these exact pin labels; do not invent or add any wire."
arduino-mega__push-button.png,"Realistic Fritzing-style hardware wiring diagram, flat vector product-illustration look, soft light-grey studio background, slight top-down angle, one microcontroller board on the LEFT and one module on the RIGHT connected by coloured jumper wires with correctly-spelled pin labels on both sides; wire colours RED=power BLACK=GND BLUE=I2C-SDA YELLOW=I2C-SCL GREEN=analog ORANGE=digital CYAN=UART PURPLE=SPI; 16:9 high resolution. Title ""Arduino Mega 2560 + Push Button"". LEFT an Arduino Mega 2560 (5V logic). RIGHT a Push Button (Input / Output). Connect EXACTLY these 1 wires and no others: 4 legs to D2 (ORANGE). Show these exact pin labels; do not invent or add any wire."
arduino-mega__keypad.png,"Realistic Fritzing-style hardware wiring diagram, flat vector product-illustration look, soft light-grey studio background, slight top-down angle, one microcontroller board on the LEFT and one module on the RIGHT connected by coloured jumper wires with correctly-spelled pin labels on both sides; wire colours RED=power BLACK=GND BLUE=I2C-SDA YELLOW=I2C-SCL GREEN=analog ORANGE=digital CYAN=UART PURPLE=SPI; 16:9 high resolution. Title ""Arduino Mega 2560 + Matrix Keypad 4×4"". LEFT an Arduino Mega 2560 (5V logic). RIGHT a Matrix Keypad 4×4 (Input / Output). Connect EXACTLY these 1 wires and no others: 8 pins to D2 (ORANGE). Show these exact pin labels; do not invent or add any wire."
arduino-mega__joystick.png,"Realistic Fritzing-style hardware wiring diagram, flat vector product-illustration look, soft light-grey studio background, slight top-down angle, one microcontroller board on the LEFT and one module on the RIGHT connected by coloured jumper wires with correctly-spelled pin labels on both sides; wire colours RED=power BLACK=GND BLUE=I2C-SDA YELLOW=I2C-SCL GREEN=analog ORANGE=digital CYAN=UART PURPLE=SPI; 16:9 high resolution. Title ""Arduino Mega 2560 + Joystick Module"". LEFT an Arduino Mega 2560 (5V logic). RIGHT a Joystick Module (Input / Output). Connect EXACTLY these 5 wires and no others: VRx to D2 (ORANGE); VRy to D3 (ORANGE); SW to D4 (ORANGE); VCC to 5V (RED); GND to GND (BLACK). Show these exact pin labels; do not invent or add any wire."
arduino-mega__rotary-encoder.png,"Realistic Fritzing-style hardware wiring diagram, flat vector product-illustration look, soft light-grey studio background, slight top-down angle, one microcontroller board on the LEFT and one module on the RIGHT connected by coloured jumper wires with correctly-spelled pin labels on both sides; wire colours RED=power BLACK=GND BLUE=I2C-SDA YELLOW=I2C-SCL GREEN=analog ORANGE=digital CYAN=UART PURPLE=SPI; 16:9 high resolution. Title ""Arduino Mega 2560 + Rotary Encoder"". LEFT an Arduino Mega 2560 (5V logic). RIGHT a Rotary Encoder (Input / Output). Connect EXACTLY these 5 wires and no others: CLK to D2 (ORANGE); DT to D3 (ORANGE); SW to D4 (ORANGE); VCC to 5V (RED); GND to GND (BLACK). Show these exact pin labels; do not invent or add any wire."
arduino-mega__sd-module.png,"Realistic Fritzing-style hardware wiring diagram, flat vector product-illustration look, soft light-grey studio background, slight top-down angle, one microcontroller board on the LEFT and one module on the RIGHT connected by coloured jumper wires with correctly-spelled pin labels on both sides; wire colours RED=power BLACK=GND BLUE=I2C-SDA YELLOW=I2C-SCL GREEN=analog ORANGE=digital CYAN=UART PURPLE=SPI; 16:9 high resolution. Title ""Arduino Mega 2560 + MicroSD Module"". LEFT an Arduino Mega 2560 (5V logic). RIGHT a MicroSD Module (Input / Output). Connect EXACTLY these 6 wires and no others: SCK to D52 (SCK) (PURPLE); MOSI to D51 (MOSI) (PURPLE); MISO to D50 (MISO) (PURPLE); CS to D53 (SS) (PURPLE); VCC to 5V (RED); GND to GND (BLACK). Show these exact pin labels; do not invent or add any wire."
arduino-mega__rtc.png,"Realistic Fritzing-style hardware wiring diagram, flat vector product-illustration look, soft light-grey studio background, slight top-down angle, one microcontroller board on the LEFT and one module on the RIGHT connected by coloured jumper wires with correctly-spelled pin labels on both sides; wire colours RED=power BLACK=GND BLUE=I2C-SDA YELLOW=I2C-SCL GREEN=analog ORANGE=digital CYAN=UART PURPLE=SPI; 16:9 high resolution. Title ""Arduino Mega 2560 + RTC (DS3231)"". LEFT an Arduino Mega 2560 (5V logic). RIGHT a RTC (DS3231) (Input / Output). Connect EXACTLY these 4 wires and no others: SDA to D20 (SDA) (BLUE); SCL to D21 (SCL) (YELLOW); VCC to 5V (RED); GND to GND (BLACK). Show these exact pin labels; do not invent or add any wire."
arduino-mega__speaker.png,"Realistic Fritzing-style hardware wiring diagram, flat vector product-illustration look, soft light-grey studio background, slight top-down angle, one microcontroller board on the LEFT and one module on the RIGHT connected by coloured jumper wires with correctly-spelled pin labels on both sides; wire colours RED=power BLACK=GND BLUE=I2C-SDA YELLOW=I2C-SCL GREEN=analog ORANGE=digital CYAN=UART PURPLE=SPI; 16:9 high resolution. Title ""Arduino Mega 2560 + Speaker / DFPlayer"". LEFT an Arduino Mega 2560 (5V logic). RIGHT a Speaker / DFPlayer (Input / Output). Connect EXACTLY these 4 wires and no others: RX to D1 (TX0) (CYAN); TX to D0 (RX0) (CYAN); VCC to 5V (RED); GND to GND (BLACK). Show these exact pin labels; do not invent or add any wire."
arduino-mega__imu-robot.png,"Realistic Fritzing-style hardware wiring diagram, flat vector product-illustration look, soft light-grey studio background, slight top-down angle, one microcontroller board on the LEFT and one module on the RIGHT connected by coloured jumper wires with correctly-spelled pin labels on both sides; wire colours RED=power BLACK=GND BLUE=I2C-SDA YELLOW=I2C-SCL GREEN=analog ORANGE=digital CYAN=UART PURPLE=SPI; 16:9 high resolution. Title ""Arduino Mega 2560 + IMU / Balance"". LEFT an Arduino Mega 2560 (5V logic). RIGHT an IMU / Balance (Robotics). Connect EXACTLY these 5 wires and no others: SDA to D20 (SDA) (BLUE); SCL to D21 (SCL) (YELLOW); INT to D2 (ORANGE); VCC to 5V (RED); GND to GND (BLACK). Show these exact pin labels; do not invent or add any wire."
arduino-mega__lidar-robot.png,"Realistic Fritzing-style hardware wiring diagram, flat vector product-illustration look, soft light-grey studio background, slight top-down angle, one microcontroller board on the LEFT and one module on the RIGHT connected by coloured jumper wires with correctly-spelled pin labels on both sides; wire colours RED=power BLACK=GND BLUE=I2C-SDA YELLOW=I2C-SCL GREEN=analog ORANGE=digital CYAN=UART PURPLE=SPI; 16:9 high resolution. Title ""Arduino Mega 2560 + LiDAR Scanner"". LEFT an Arduino Mega 2560 (5V logic). RIGHT a LiDAR Scanner (Robotics). Connect EXACTLY these 4 wires and no others: TX to D0 (RX0) (CYAN); RX to D1 (TX0) (CYAN); VCC to 5V (RED); GND to GND (BLACK). Show these exact pin labels; do not invent or add any wire."
arduino-pro-mini__dht11.png,"Realistic Fritzing-style hardware wiring diagram, flat vector product-illustration look, soft light-grey studio background, slight top-down angle, one microcontroller board on the LEFT and one module on the RIGHT connected by coloured jumper wires with correctly-spelled pin labels on both sides; wire colours RED=power BLACK=GND BLUE=I2C-SDA YELLOW=I2C-SCL GREEN=analog ORANGE=digital CYAN=UART PURPLE=SPI; 16:9 high resolution. Title ""Arduino Pro Mini + DHT11 / DHT22"". LEFT an Arduino Pro Mini (5V logic). RIGHT a DHT11 / DHT22 (Sensors). Connect EXACTLY these 3 wires and no others: VCC to VCC (RED); DATA to D2 (ORANGE); GND to GND (BLACK). Show these exact pin labels; do not invent or add any wire."
arduino-pro-mini__ds18b20.png,"Realistic Fritzing-style hardware wiring diagram, flat vector product-illustration look, soft light-grey studio background, slight top-down angle, one microcontroller board on the LEFT and one module on the RIGHT connected by coloured jumper wires with correctly-spelled pin labels on both sides; wire colours RED=power BLACK=GND BLUE=I2C-SDA YELLOW=I2C-SCL GREEN=analog ORANGE=digital CYAN=UART PURPLE=SPI; 16:9 high resolution. Title ""Arduino Pro Mini + DS18B20"". LEFT an Arduino Pro Mini (5V logic). RIGHT a DS18B20 (Sensors). Connect EXACTLY these 3 wires and no others: VDD to VCC (RED); DQ to D2 (ORANGE); GND to GND (BLACK). Show these exact pin labels; do not invent or add any wire."
arduino-pro-mini__lm35.png,"Realistic Fritzing-style hardware wiring diagram, flat vector product-illustration look, soft light-grey studio background, slight top-down angle, one microcontroller board on the LEFT and one module on the RIGHT connected by coloured jumper wires with correctly-spelled pin labels on both sides; wire colours RED=power BLACK=GND BLUE=I2C-SDA YELLOW=I2C-SCL GREEN=analog ORANGE=digital CYAN=UART PURPLE=SPI; 16:9 high resolution. Title ""Arduino Pro Mini + LM35"". LEFT an Arduino Pro Mini (5V logic). RIGHT a LM35 (Sensors). Connect EXACTLY these 3 wires and no others: VCC to VCC (RED); OUT to A0 (GREEN); GND to GND (BLACK). Show these exact pin labels; do not invent or add any wire."
arduino-pro-mini__hc-sr04.png,"Realistic Fritzing-style hardware wiring diagram, flat vector product-illustration look, soft light-grey studio background, slight top-down angle, one microcontroller board on the LEFT and one module on the RIGHT connected by coloured jumper wires with correctly-spelled pin labels on both sides; wire colours RED=power BLACK=GND BLUE=I2C-SDA YELLOW=I2C-SCL GREEN=analog ORANGE=digital CYAN=UART PURPLE=SPI; 16:9 high resolution. Title ""Arduino Pro Mini + HC-SR04"". LEFT an Arduino Pro Mini (5V logic). RIGHT a HC-SR04 (Sensors). Connect EXACTLY these 4 wires and no others: VCC to VCC (RED); TRIG to D9 (ORANGE); ECHO to D10 (ORANGE); GND to GND (BLACK). Show these exact pin labels; do not invent or add any wire."
arduino-pro-mini__pir.png,"Realistic Fritzing-style hardware wiring diagram, flat vector product-illustration look, soft light-grey studio background, slight top-down angle, one microcontroller board on the LEFT and one module on the RIGHT connected by coloured jumper wires with correctly-spelled pin labels on both sides; wire colours RED=power BLACK=GND BLUE=I2C-SDA YELLOW=I2C-SCL GREEN=analog ORANGE=digital CYAN=UART PURPLE=SPI; 16:9 high resolution. Title ""Arduino Pro Mini + PIR Motion (HC-SR501)"". LEFT an Arduino Pro Mini (5V logic). RIGHT a PIR Motion (HC-SR501) (Sensors). Connect EXACTLY these 3 wires and no others: VCC to VCC (RED); OUT to D2 (ORANGE); GND to GND (BLACK). Show these exact pin labels; do not invent or add any wire."
arduino-pro-mini__ldr.png,"Realistic Fritzing-style hardware wiring diagram, flat vector product-illustration look, soft light-grey studio background, slight top-down angle, one microcontroller board on the LEFT and one module on the RIGHT connected by coloured jumper wires with correctly-spelled pin labels on both sides; wire colours RED=power BLACK=GND BLUE=I2C-SDA YELLOW=I2C-SCL GREEN=analog ORANGE=digital CYAN=UART PURPLE=SPI; 16:9 high resolution. Title ""Arduino Pro Mini + LDR (Photoresistor)"". LEFT an Arduino Pro Mini (5V logic). RIGHT a LDR (Photoresistor) (Sensors). Connect EXACTLY these 3 wires and no others: VCC to VCC (RED); AO to A0 (GREEN); GND to GND (BLACK). Show these exact pin labels; do not invent or add any wire."
arduino-pro-mini__bh1750.png,"Realistic Fritzing-style hardware wiring diagram, flat vector product-illustration look, soft light-grey studio background, slight top-down angle, one microcontroller board on the LEFT and one module on the RIGHT connected by coloured jumper wires with correctly-spelled pin labels on both sides; wire colours RED=power BLACK=GND BLUE=I2C-SDA YELLOW=I2C-SCL GREEN=analog ORANGE=digital CYAN=UART PURPLE=SPI; 16:9 high resolution. Title ""Arduino Pro Mini + BH1750"". LEFT an Arduino Pro Mini (5V logic). RIGHT a BH1750 (Sensors). Connect EXACTLY these 5 wires and no others: VCC to VCC (RED); GND to GND (BLACK); SDA to A4 (SDA) (BLUE); SCL to A5 (SCL) (YELLOW); ADDR to D2 (ORANGE). Show these exact pin labels; do not invent or add any wire."
arduino-pro-mini__mq2.png,"Realistic Fritzing-style hardware wiring diagram, flat vector product-illustration look, soft light-grey studio background, slight top-down angle, one microcontroller board on the LEFT and one module on the RIGHT connected by coloured jumper wires with correctly-spelled pin labels on both sides; wire colours RED=power BLACK=GND BLUE=I2C-SDA YELLOW=I2C-SCL GREEN=analog ORANGE=digital CYAN=UART PURPLE=SPI; 16:9 high resolution. Title ""Arduino Pro Mini + MQ-2 Gas"". LEFT an Arduino Pro Mini (5V logic). RIGHT a MQ-2 Gas (Sensors). Connect EXACTLY these 4 wires and no others: VCC to VCC (RED); AO to A0 (GREEN); DO to D2 (ORANGE); GND to GND (BLACK). Show these exact pin labels; do not invent or add any wire."
arduino-pro-mini__mq135.png,"Realistic Fritzing-style hardware wiring diagram, flat vector product-illustration look, soft light-grey studio background, slight top-down angle, one microcontroller board on the LEFT and one module on the RIGHT connected by coloured jumper wires with correctly-spelled pin labels on both sides; wire colours RED=power BLACK=GND BLUE=I2C-SDA YELLOW=I2C-SCL GREEN=analog ORANGE=digital CYAN=UART PURPLE=SPI; 16:9 high resolution. Title ""Arduino Pro Mini + MQ-135 Air Quality"". LEFT an Arduino Pro Mini (5V logic). RIGHT a MQ-135 Air Quality (Sensors). Connect EXACTLY these 4 wires and no others: VCC to VCC (RED); AO to A0 (GREEN); DO to D2 (ORANGE); GND to GND (BLACK). Show these exact pin labels; do not invent or add any wire."
arduino-pro-mini__mq7.png,"Realistic Fritzing-style hardware wiring diagram, flat vector product-illustration look, soft light-grey studio background, slight top-down angle, one microcontroller board on the LEFT and one module on the RIGHT connected by coloured jumper wires with correctly-spelled pin labels on both sides; wire colours RED=power BLACK=GND BLUE=I2C-SDA YELLOW=I2C-SCL GREEN=analog ORANGE=digital CYAN=UART PURPLE=SPI; 16:9 high resolution. Title ""Arduino Pro Mini + MQ-7 CO"". LEFT an Arduino Pro Mini (5V logic). RIGHT a MQ-7 CO (Sensors). Connect EXACTLY these 4 wires and no others: VCC to VCC (RED); AO to A0 (GREEN); DO to D2 (ORANGE); GND to GND (BLACK). Show these exact pin labels; do not invent or add any wire."
arduino-pro-mini__soil-moisture.png,"Realistic Fritzing-style hardware wiring diagram, flat vector product-illustration look, soft light-grey studio background, slight top-down angle, one microcontroller board on the LEFT and one module on the RIGHT connected by coloured jumper wires with correctly-spelled pin labels on both sides; wire colours RED=power BLACK=GND BLUE=I2C-SDA YELLOW=I2C-SCL GREEN=analog ORANGE=digital CYAN=UART PURPLE=SPI; 16:9 high resolution. Title ""Arduino Pro Mini + Soil Moisture"". LEFT an Arduino Pro Mini (5V logic). RIGHT a Soil Moisture (Sensors). Connect EXACTLY these 4 wires and no others: VCC to VCC (RED); AO to A0 (GREEN); DO to D2 (ORANGE); GND to GND (BLACK). Show these exact pin labels; do not invent or add any wire."
arduino-pro-mini__rain-sensor.png,"Realistic Fritzing-style hardware wiring diagram, flat vector product-illustration look, soft light-grey studio background, slight top-down angle, one microcontroller board on the LEFT and one module on the RIGHT connected by coloured jumper wires with correctly-spelled pin labels on both sides; wire colours RED=power BLACK=GND BLUE=I2C-SDA YELLOW=I2C-SCL GREEN=analog ORANGE=digital CYAN=UART PURPLE=SPI; 16:9 high resolution. Title ""Arduino Pro Mini + Rain Sensor"". LEFT an Arduino Pro Mini (5V logic). RIGHT a Rain Sensor (Sensors). Connect EXACTLY these 4 wires and no others: VCC to VCC (RED); AO to A0 (GREEN); DO to D2 (ORANGE); GND to GND (BLACK). Show these exact pin labels; do not invent or add any wire."
arduino-pro-mini__water-level.png,"Realistic Fritzing-style hardware wiring diagram, flat vector product-illustration look, soft light-grey studio background, slight top-down angle, one microcontroller board on the LEFT and one module on the RIGHT connected by coloured jumper wires with correctly-spelled pin labels on both sides; wire colours RED=power BLACK=GND BLUE=I2C-SDA YELLOW=I2C-SCL GREEN=analog ORANGE=digital CYAN=UART PURPLE=SPI; 16:9 high resolution. Title ""Arduino Pro Mini + Water Level Sensor"". LEFT an Arduino Pro Mini (5V logic). RIGHT a Water Level Sensor (Sensors). Connect EXACTLY these 3 wires and no others: + to VCC (RED); S to A0 (GREEN); - to GND (BLACK). Show these exact pin labels; do not invent or add any wire."
arduino-pro-mini__flow-sensor.png,"Realistic Fritzing-style hardware wiring diagram, flat vector product-illustration look, soft light-grey studio background, slight top-down angle, one microcontroller board on the LEFT and one module on the RIGHT connected by coloured jumper wires with correctly-spelled pin labels on both sides; wire colours RED=power BLACK=GND BLUE=I2C-SDA YELLOW=I2C-SCL GREEN=analog ORANGE=digital CYAN=UART PURPLE=SPI; 16:9 high resolution. Title ""Arduino Pro Mini + Water Flow (YF-S201)"". LEFT an Arduino Pro Mini (5V logic). RIGHT a Water Flow (YF-S201) (Sensors). Connect EXACTLY these 3 wires and no others: VCC to VCC (RED); SIGNAL to D2 (ORANGE); GND to GND (BLACK). Show these exact pin labels; do not invent or add any wire."
arduino-pro-mini__flame-sensor.png,"Realistic Fritzing-style hardware wiring diagram, flat vector product-illustration look, soft light-grey studio background, slight top-down angle, one microcontroller board on the LEFT and one module on the RIGHT connected by coloured jumper wires with correctly-spelled pin labels on both sides; wire colours RED=power BLACK=GND BLUE=I2C-SDA YELLOW=I2C-SCL GREEN=analog ORANGE=digital CYAN=UART PURPLE=SPI; 16:9 high resolution. Title ""Arduino Pro Mini + Flame Sensor"". LEFT an Arduino Pro Mini (5V logic). RIGHT a Flame Sensor (Sensors). Connect EXACTLY these 4 wires and no others: VCC to VCC (RED); AO to A0 (GREEN); DO to D2 (ORANGE); GND to GND (BLACK). Show these exact pin labels; do not invent or add any wire."
arduino-pro-mini__mpu6050.png,"Realistic Fritzing-style hardware wiring diagram, flat vector product-illustration look, soft light-grey studio background, slight top-down angle, one microcontroller board on the LEFT and one module on the RIGHT connected by coloured jumper wires with correctly-spelled pin labels on both sides; wire colours RED=power BLACK=GND BLUE=I2C-SDA YELLOW=I2C-SCL GREEN=analog ORANGE=digital CYAN=UART PURPLE=SPI; 16:9 high resolution. Title ""Arduino Pro Mini + MPU-6050 IMU"". LEFT an Arduino Pro Mini (5V logic). RIGHT a MPU-6050 IMU (Sensors). Connect EXACTLY these 5 wires and no others: VCC to VCC (RED); SDA to A4 (SDA) (BLUE); SCL to A5 (SCL) (YELLOW); INT to D2 (ORANGE); GND to GND (BLACK). Show these exact pin labels; do not invent or add any wire."
arduino-pro-mini__hmc5883l.png,"Realistic Fritzing-style hardware wiring diagram, flat vector product-illustration look, soft light-grey studio background, slight top-down angle, one microcontroller board on the LEFT and one module on the RIGHT connected by coloured jumper wires with correctly-spelled pin labels on both sides; wire colours RED=power BLACK=GND BLUE=I2C-SDA YELLOW=I2C-SCL GREEN=analog ORANGE=digital CYAN=UART PURPLE=SPI; 16:9 high resolution. Title ""Arduino Pro Mini + HMC5883L"". LEFT an Arduino Pro Mini (5V logic). RIGHT a HMC5883L (Sensors). Connect EXACTLY these 5 wires and no others: VCC to VCC (RED); SDA to A4 (SDA) (BLUE); SCL to A5 (SCL) (YELLOW); DRDY to D2 (ORANGE); GND to GND (BLACK). Show these exact pin labels; do not invent or add any wire."
arduino-pro-mini__bmp280.png,"Realistic Fritzing-style hardware wiring diagram, flat vector product-illustration look, soft light-grey studio background, slight top-down angle, one microcontroller board on the LEFT and one module on the RIGHT connected by coloured jumper wires with correctly-spelled pin labels on both sides; wire colours RED=power BLACK=GND BLUE=I2C-SDA YELLOW=I2C-SCL GREEN=analog ORANGE=digital CYAN=UART PURPLE=SPI; 16:9 high resolution. Title ""Arduino Pro Mini + BMP280 / BME280"". LEFT an Arduino Pro Mini (5V logic). RIGHT a BMP280 / BME280 (Sensors). Connect EXACTLY these 4 wires and no others: VCC to VCC (RED); SDA to A4 (SDA) (BLUE); SCL to A5 (SCL) (YELLOW); GND to GND (BLACK). Show these exact pin labels; do not invent or add any wire."
arduino-pro-mini__load-cell.png,"Realistic Fritzing-style hardware wiring diagram, flat vector product-illustration look, soft light-grey studio background, slight top-down angle, one microcontroller board on the LEFT and one module on the RIGHT connected by coloured jumper wires with correctly-spelled pin labels on both sides; wire colours RED=power BLACK=GND BLUE=I2C-SDA YELLOW=I2C-SCL GREEN=analog ORANGE=digital CYAN=UART PURPLE=SPI; 16:9 high resolution. Title ""Arduino Pro Mini + Load Cell + HX711"". LEFT an Arduino Pro Mini (5V logic). RIGHT a Load Cell + HX711 (Sensors). Connect EXACTLY these 4 wires and no others: DT to D2 (ORANGE); CLK to D3 (ORANGE); VCC to VCC (RED); GND to GND (BLACK). Show these exact pin labels; do not invent or add any wire."
arduino-pro-mini__ir-sensor.png,"Realistic Fritzing-style hardware wiring diagram, flat vector product-illustration look, soft light-grey studio background, slight top-down angle, one microcontroller board on the LEFT and one module on the RIGHT connected by coloured jumper wires with correctly-spelled pin labels on both sides; wire colours RED=power BLACK=GND BLUE=I2C-SDA YELLOW=I2C-SCL GREEN=analog ORANGE=digital CYAN=UART PURPLE=SPI; 16:9 high resolution. Title ""Arduino Pro Mini + IR Obstacle Sensor"". LEFT an Arduino Pro Mini (5V logic). RIGHT an IR Obstacle Sensor (Sensors). Connect EXACTLY these 3 wires and no others: VCC to VCC (RED); OUT to D2 (ORANGE); GND to GND (BLACK). Show these exact pin labels; do not invent or add any wire."
arduino-pro-mini__color-sensor.png,"Realistic Fritzing-style hardware wiring diagram, flat vector product-illustration look, soft light-grey studio background, slight top-down angle, one microcontroller board on the LEFT and one module on the RIGHT connected by coloured jumper wires with correctly-spelled pin labels on both sides; wire colours RED=power BLACK=GND BLUE=I2C-SDA YELLOW=I2C-SCL GREEN=analog ORANGE=digital CYAN=UART PURPLE=SPI; 16:9 high resolution. Title ""Arduino Pro Mini + TCS3200 Color"". LEFT an Arduino Pro Mini (5V logic). RIGHT a TCS3200 Color (Sensors). Connect EXACTLY these 4 wires and no others: VCC to VCC (RED); GND to GND (BLACK); S0–S3 to D2 (ORANGE); OUT to D3 (ORANGE). Show these exact pin labels; do not invent or add any wire."
arduino-pro-mini__heart-rate.png,"Realistic Fritzing-style hardware wiring diagram, flat vector product-illustration look, soft light-grey studio background, slight top-down angle, one microcontroller board on the LEFT and one module on the RIGHT connected by coloured jumper wires with correctly-spelled pin labels on both sides; wire colours RED=power BLACK=GND BLUE=I2C-SDA YELLOW=I2C-SCL GREEN=analog ORANGE=digital CYAN=UART PURPLE=SPI; 16:9 high resolution. Title ""Arduino Pro Mini + MAX30100 Pulse"". LEFT an Arduino Pro Mini (5V logic). RIGHT a MAX30100 Pulse (Sensors). Connect EXACTLY these 5 wires and no others: VIN to VCC (RED); SDA to A4 (SDA) (BLUE); SCL to A5 (SCL) (YELLOW); INT to D2 (ORANGE); GND to GND (BLACK). Show these exact pin labels; do not invent or add any wire."
arduino-pro-mini__ph-sensor.png,"Realistic Fritzing-style hardware wiring diagram, flat vector product-illustration look, soft light-grey studio background, slight top-down angle, one microcontroller board on the LEFT and one module on the RIGHT connected by coloured jumper wires with correctly-spelled pin labels on both sides; wire colours RED=power BLACK=GND BLUE=I2C-SDA YELLOW=I2C-SCL GREEN=analog ORANGE=digital CYAN=UART PURPLE=SPI; 16:9 high resolution. Title ""Arduino Pro Mini + pH Sensor"". LEFT an Arduino Pro Mini (5V logic). RIGHT a pH Sensor (Sensors). Connect EXACTLY these 3 wires and no others: VCC to VCC (RED); GND to GND (BLACK); PO to A0 (GREEN). Show these exact pin labels; do not invent or add any wire."
arduino-pro-mini__current-sensor.png,"Realistic Fritzing-style hardware wiring diagram, flat vector product-illustration look, soft light-grey studio background, slight top-down angle, one microcontroller board on the LEFT and one module on the RIGHT connected by coloured jumper wires with correctly-spelled pin labels on both sides; wire colours RED=power BLACK=GND BLUE=I2C-SDA YELLOW=I2C-SCL GREEN=analog ORANGE=digital CYAN=UART PURPLE=SPI; 16:9 high resolution. Title ""Arduino Pro Mini + ACS712 Current"". LEFT an Arduino Pro Mini (5V logic). RIGHT an ACS712 Current (Sensors). Connect EXACTLY these 5 wires and no others: VCC to VCC (RED); GND to GND (BLACK); OUT to A0 (GREEN); IP+ to D2 (ORANGE); IP- to D3 (ORANGE). Show these exact pin labels; do not invent or add any wire."
arduino-pro-mini__voltage-sensor.png,"Realistic Fritzing-style hardware wiring diagram, flat vector product-illustration look, soft light-grey studio background, slight top-down angle, one microcontroller board on the LEFT and one module on the RIGHT connected by coloured jumper wires with correctly-spelled pin labels on both sides; wire colours RED=power BLACK=GND BLUE=I2C-SDA YELLOW=I2C-SCL GREEN=analog ORANGE=digital CYAN=UART PURPLE=SPI; 16:9 high resolution. Title ""Arduino Pro Mini + Voltage Sensor"". LEFT an Arduino Pro Mini (5V logic). RIGHT a Voltage Sensor (Sensors). Connect EXACTLY these 2 wires and no others: S to A0 (GREEN); - to GND (BLACK). Show these exact pin labels; do not invent or add any wire."
arduino-pro-mini__ir-flame-array.png,"Realistic Fritzing-style hardware wiring diagram, flat vector product-illustration look, soft light-grey studio background, slight top-down angle, one microcontroller board on the LEFT and one module on the RIGHT connected by coloured jumper wires with correctly-spelled pin labels on both sides; wire colours RED=power BLACK=GND BLUE=I2C-SDA YELLOW=I2C-SCL GREEN=analog ORANGE=digital CYAN=UART PURPLE=SPI; 16:9 high resolution. Title ""Arduino Pro Mini + Vibration (SW-420)"". LEFT an Arduino Pro Mini (5V logic). RIGHT a Vibration (SW-420) (Sensors). Connect EXACTLY these 3 wires and no others: VCC to VCC (RED); GND to GND (BLACK); DO to D2 (ORANGE). Show these exact pin labels; do not invent or add any wire."
arduino-pro-mini__lidar-sensor.png,"Realistic Fritzing-style hardware wiring diagram, flat vector product-illustration look, soft light-grey studio background, slight top-down angle, one microcontroller board on the LEFT and one module on the RIGHT connected by coloured jumper wires with correctly-spelled pin labels on both sides; wire colours RED=power BLACK=GND BLUE=I2C-SDA YELLOW=I2C-SCL GREEN=analog ORANGE=digital CYAN=UART PURPLE=SPI; 16:9 high resolution. Title ""Arduino Pro Mini + LiDAR (TF-Luna)"". LEFT an Arduino Pro Mini (5V logic). RIGHT a LiDAR (TF-Luna) (Sensors). Connect EXACTLY these 4 wires and no others: VCC to VCC (RED); RXD to D2 (ORANGE); TXD to D3 (ORANGE); GND to GND (BLACK). Show these exact pin labels; do not invent or add any wire."
arduino-pro-mini__servo.png,"Realistic Fritzing-style hardware wiring diagram, flat vector product-illustration look, soft light-grey studio background, slight top-down angle, one microcontroller board on the LEFT and one module on the RIGHT connected by coloured jumper wires with correctly-spelled pin labels on both sides; wire colours RED=power BLACK=GND BLUE=I2C-SDA YELLOW=I2C-SCL GREEN=analog ORANGE=digital CYAN=UART PURPLE=SPI; 16:9 high resolution. Title ""Arduino Pro Mini + Servo (SG90/MG996)"". LEFT an Arduino Pro Mini (5V logic). RIGHT a Servo (SG90/MG996) (Actuators & Motors). Connect EXACTLY these 3 wires and no others: Signal to D2 (ORANGE); VCC to VCC (RED); GND to GND (BLACK). Show these exact pin labels; do not invent or add any wire."
arduino-pro-mini__stepper.png,"Realistic Fritzing-style hardware wiring diagram, flat vector product-illustration look, soft light-grey studio background, slight top-down angle, one microcontroller board on the LEFT and one module on the RIGHT connected by coloured jumper wires with correctly-spelled pin labels on both sides; wire colours RED=power BLACK=GND BLUE=I2C-SDA YELLOW=I2C-SCL GREEN=analog ORANGE=digital CYAN=UART PURPLE=SPI; 16:9 high resolution. Title ""Arduino Pro Mini + Stepper (28BYJ-48)"". LEFT an Arduino Pro Mini (5V logic). RIGHT a Stepper (28BYJ-48) (Actuators & Motors). Connect EXACTLY these 3 wires and no others: IN1–IN4 to D2 (ORANGE); VCC to VCC (RED); GND to GND (BLACK). Show these exact pin labels; do not invent or add any wire."
arduino-pro-mini__l298n.png,"Realistic Fritzing-style hardware wiring diagram, flat vector product-illustration look, soft light-grey studio background, slight top-down angle, one microcontroller board on the LEFT and one module on the RIGHT connected by coloured jumper wires with correctly-spelled pin labels on both sides; wire colours RED=power BLACK=GND BLUE=I2C-SDA YELLOW=I2C-SCL GREEN=analog ORANGE=digital CYAN=UART PURPLE=SPI; 16:9 high resolution. Title ""Arduino Pro Mini + L298N Driver"". LEFT an Arduino Pro Mini (5V logic). RIGHT a L298N Driver (Actuators & Motors). Connect EXACTLY these 5 wires and no others: IN1–IN4 to D2 (ORANGE); ENA to D3 (ORANGE); ENB to D4 (ORANGE); 5V to VCC (RED); GND to GND (BLACK). Show these exact pin labels; do not invent or add any wire."
arduino-pro-mini__l293d.png,"Realistic Fritzing-style hardware wiring diagram, flat vector product-illustration look, soft light-grey studio background, slight top-down angle, one microcontroller board on the LEFT and one module on the RIGHT connected by coloured jumper wires with correctly-spelled pin labels on both sides; wire colours RED=power BLACK=GND BLUE=I2C-SDA YELLOW=I2C-SCL GREEN=analog ORANGE=digital CYAN=UART PURPLE=SPI; 16:9 high resolution. Title ""Arduino Pro Mini + L293D Driver"". LEFT an Arduino Pro Mini (5V logic). RIGHT a L293D Driver (Actuators & Motors). Connect EXACTLY these 5 wires and no others: IN1–IN4 to D2 (ORANGE); EN1 to D3 (ORANGE); EN2 to D4 (ORANGE); Vcc1 to VCC (RED); GND to GND (BLACK). Show these exact pin labels; do not invent or add any wire."
arduino-pro-mini__a4988.png,"Realistic Fritzing-style hardware wiring diagram, flat vector product-illustration look, soft light-grey studio background, slight top-down angle, one microcontroller board on the LEFT and one module on the RIGHT connected by coloured jumper wires with correctly-spelled pin labels on both sides; wire colours RED=power BLACK=GND BLUE=I2C-SDA YELLOW=I2C-SCL GREEN=analog ORANGE=digital CYAN=UART PURPLE=SPI; 16:9 high resolution. Title ""Arduino Pro Mini + A4988 Driver"". LEFT an Arduino Pro Mini (5V logic). RIGHT an A4988 Driver (Actuators & Motors). Connect EXACTLY these 5 wires and no others: STEP to D2 (ORANGE); DIR to D3 (ORANGE); VDD to VCC (RED); GND to GND (BLACK); MS1 to D4 (ORANGE). Show these exact pin labels; do not invent or add any wire."
arduino-pro-mini__relay-module.png,"Realistic Fritzing-style hardware wiring diagram, flat vector product-illustration look, soft light-grey studio background, slight top-down angle, one microcontroller board on the LEFT and one module on the RIGHT connected by coloured jumper wires with correctly-spelled pin labels on both sides; wire colours RED=power BLACK=GND BLUE=I2C-SDA YELLOW=I2C-SCL GREEN=analog ORANGE=digital CYAN=UART PURPLE=SPI; 16:9 high resolution. Title ""Arduino Pro Mini + Relay Module"". LEFT an Arduino Pro Mini (5V logic). RIGHT a Relay Module (Actuators & Motors). Connect EXACTLY these 6 wires and no others: IN to D2 (ORANGE); VCC to VCC (RED); GND to GND (BLACK); COM to D3 (ORANGE); NO to D4 (ORANGE); NC to D5 (ORANGE). Show these exact pin labels; do not invent or add any wire."
arduino-pro-mini__water-pump.png,"Realistic Fritzing-style hardware wiring diagram, flat vector product-illustration look, soft light-grey studio background, slight top-down angle, one microcontroller board on the LEFT and one module on the RIGHT connected by coloured jumper wires with correctly-spelled pin labels on both sides; wire colours RED=power BLACK=GND BLUE=I2C-SDA YELLOW=I2C-SCL GREEN=analog ORANGE=digital CYAN=UART PURPLE=SPI; 16:9 high resolution. Title ""Arduino Pro Mini + Water Pump"". LEFT an Arduino Pro Mini (5V logic). RIGHT a Water Pump (Actuators & Motors). Connect EXACTLY these 2 wires and no others: + to VCC (RED); - to GND (BLACK). Show these exact pin labels; do not invent or add any wire."
arduino-pro-mini__servo-continuous.png,"Realistic Fritzing-style hardware wiring diagram, flat vector product-illustration look, soft light-grey studio background, slight top-down angle, one microcontroller board on the LEFT and one module on the RIGHT connected by coloured jumper wires with correctly-spelled pin labels on both sides; wire colours RED=power BLACK=GND BLUE=I2C-SDA YELLOW=I2C-SCL GREEN=analog ORANGE=digital CYAN=UART PURPLE=SPI; 16:9 high resolution. Title ""Arduino Pro Mini + Continuous Servo"". LEFT an Arduino Pro Mini (5V logic). RIGHT a Continuous Servo (Actuators & Motors). Connect EXACTLY these 3 wires and no others: Signal to D2 (ORANGE); VCC to VCC (RED); GND to GND (BLACK). Show these exact pin labels; do not invent or add any wire."
arduino-pro-mini__buzzer.png,"Realistic Fritzing-style hardware wiring diagram, flat vector product-illustration look, soft light-grey studio background, slight top-down angle, one microcontroller board on the LEFT and one module on the RIGHT connected by coloured jumper wires with correctly-spelled pin labels on both sides; wire colours RED=power BLACK=GND BLUE=I2C-SDA YELLOW=I2C-SCL GREEN=analog ORANGE=digital CYAN=UART PURPLE=SPI; 16:9 high resolution. Title ""Arduino Pro Mini + Buzzer"". LEFT an Arduino Pro Mini (5V logic). RIGHT a Buzzer (Actuators & Motors). Connect EXACTLY these 2 wires and no others: + to VCC (RED); - to GND (BLACK). Show these exact pin labels; do not invent or add any wire."
arduino-pro-mini__lcd1602.png,"Realistic Fritzing-style hardware wiring diagram, flat vector product-illustration look, soft light-grey studio background, slight top-down angle, one microcontroller board on the LEFT and one module on the RIGHT connected by coloured jumper wires with correctly-spelled pin labels on both sides; wire colours RED=power BLACK=GND BLUE=I2C-SDA YELLOW=I2C-SCL GREEN=analog ORANGE=digital CYAN=UART PURPLE=SPI; 16:9 high resolution. Title ""Arduino Pro Mini + LCD 16×2"". LEFT an Arduino Pro Mini (5V logic). RIGHT a LCD 16×2 (Displays). Connect EXACTLY these 4 wires and no others: SDA to A4 (SDA) (BLUE); SCL to A5 (SCL) (YELLOW); VCC to VCC (RED); GND to GND (BLACK). Show these exact pin labels; do not invent or add any wire."
arduino-pro-mini__lcd2004.png,"Realistic Fritzing-style hardware wiring diagram, flat vector product-illustration look, soft light-grey studio background, slight top-down angle, one microcontroller board on the LEFT and one module on the RIGHT connected by coloured jumper wires with correctly-spelled pin labels on both sides; wire colours RED=power BLACK=GND BLUE=I2C-SDA YELLOW=I2C-SCL GREEN=analog ORANGE=digital CYAN=UART PURPLE=SPI; 16:9 high resolution. Title ""Arduino Pro Mini + LCD 20×4"". LEFT an Arduino Pro Mini (5V logic). RIGHT a LCD 20×4 (Displays). Connect EXACTLY these 4 wires and no others: SDA to A4 (SDA) (BLUE); SCL to A5 (SCL) (YELLOW); VCC to VCC (RED); GND to GND (BLACK). Show these exact pin labels; do not invent or add any wire."
arduino-pro-mini__oled.png,"Realistic Fritzing-style hardware wiring diagram, flat vector product-illustration look, soft light-grey studio background, slight top-down angle, one microcontroller board on the LEFT and one module on the RIGHT connected by coloured jumper wires with correctly-spelled pin labels on both sides; wire colours RED=power BLACK=GND BLUE=I2C-SDA YELLOW=I2C-SCL GREEN=analog ORANGE=digital CYAN=UART PURPLE=SPI; 16:9 high resolution. Title ""Arduino Pro Mini + OLED 0.96"" (SSD1306)"". LEFT an Arduino Pro Mini (5V logic). RIGHT an OLED 0.96"" (SSD1306) (Displays). Connect EXACTLY these 4 wires and no others: SDA to A4 (SDA) (BLUE); SCL to A5 (SCL) (YELLOW); VCC to VCC (RED); GND to GND (BLACK). Show these exact pin labels; do not invent or add any wire."
arduino-pro-mini__tft.png,"Realistic Fritzing-style hardware wiring diagram, flat vector product-illustration look, soft light-grey studio background, slight top-down angle, one microcontroller board on the LEFT and one module on the RIGHT connected by coloured jumper wires with correctly-spelled pin labels on both sides; wire colours RED=power BLACK=GND BLUE=I2C-SDA YELLOW=I2C-SCL GREEN=analog ORANGE=digital CYAN=UART PURPLE=SPI; 16:9 high resolution. Title ""Arduino Pro Mini + TFT Touch Display"". LEFT an Arduino Pro Mini (5V logic). RIGHT a TFT Touch Display (Displays). Connect EXACTLY these 9 wires and no others: SCK to D13 (SCK) (PURPLE); MOSI to D11 (MOSI) (PURPLE); MISO to D12 (MISO) (PURPLE); CS to D10 (SS) (PURPLE); DC to D2 (ORANGE); T_CS to D3 (ORANGE); T_IRQ to D4 (ORANGE); VCC to VCC (RED); GND to GND (BLACK). Show these exact pin labels; do not invent or add any wire."
arduino-pro-mini__seven-seg.png,"Realistic Fritzing-style hardware wiring diagram, flat vector product-illustration look, soft light-grey studio background, slight top-down angle, one microcontroller board on the LEFT and one module on the RIGHT connected by coloured jumper wires with correctly-spelled pin labels on both sides; wire colours RED=power BLACK=GND BLUE=I2C-SDA YELLOW=I2C-SCL GREEN=analog ORANGE=digital CYAN=UART PURPLE=SPI; 16:9 high resolution. Title ""Arduino Pro Mini + 7-Segment Display"". LEFT an Arduino Pro Mini (5V logic). RIGHT a 7-Segment Display (Displays). Connect EXACTLY these 3 wires and no others: a–g to D2 (ORANGE); dp to D3 (ORANGE); GND to GND (BLACK). Show these exact pin labels; do not invent or add any wire."
arduino-pro-mini__led-matrix.png,"Realistic Fritzing-style hardware wiring diagram, flat vector product-illustration look, soft light-grey studio background, slight top-down angle, one microcontroller board on the LEFT and one module on the RIGHT connected by coloured jumper wires with correctly-spelled pin labels on both sides; wire colours RED=power BLACK=GND BLUE=I2C-SDA YELLOW=I2C-SCL GREEN=analog ORANGE=digital CYAN=UART PURPLE=SPI; 16:9 high resolution. Title ""Arduino Pro Mini + LED Matrix (MAX7219)"". LEFT an Arduino Pro Mini (5V logic). RIGHT a LED Matrix (MAX7219) (Displays). Connect EXACTLY these 5 wires and no others: DIN to D11 (MOSI) (PURPLE); CS to D10 (SS) (PURPLE); CLK to D2 (ORANGE); VCC to VCC (RED); GND to GND (BLACK). Show these exact pin labels; do not invent or add any wire."
arduino-pro-mini__neopixel.png,"Realistic Fritzing-style hardware wiring diagram, flat vector product-illustration look, soft light-grey studio background, slight top-down angle, one microcontroller board on the LEFT and one module on the RIGHT connected by coloured jumper wires with correctly-spelled pin labels on both sides; wire colours RED=power BLACK=GND BLUE=I2C-SDA YELLOW=I2C-SCL GREEN=analog ORANGE=digital CYAN=UART PURPLE=SPI; 16:9 high resolution. Title ""Arduino Pro Mini + NeoPixel (WS2812)"". LEFT an Arduino Pro Mini (5V logic). RIGHT a NeoPixel (WS2812) (Displays). Connect EXACTLY these 3 wires and no others: DIN to D11 (MOSI) (PURPLE); 5V to VCC (RED); GND to GND (BLACK). Show these exact pin labels; do not invent or add any wire."
arduino-pro-mini__epaper.png,"Realistic Fritzing-style hardware wiring diagram, flat vector product-illustration look, soft light-grey studio background, slight top-down angle, one microcontroller board on the LEFT and one module on the RIGHT connected by coloured jumper wires with correctly-spelled pin labels on both sides; wire colours RED=power BLACK=GND BLUE=I2C-SDA YELLOW=I2C-SCL GREEN=analog ORANGE=digital CYAN=UART PURPLE=SPI; 16:9 high resolution. Title ""Arduino Pro Mini + E-Paper Display"". LEFT an Arduino Pro Mini (5V logic). RIGHT an E-Paper Display (Displays). Connect EXACTLY these 8 wires and no others: SCK to D13 (SCK) (PURPLE); MOSI to D11 (MOSI) (PURPLE); CS to D10 (SS) (PURPLE); DC to D2 (ORANGE); BUSY to D3 (ORANGE); RST to D4 (ORANGE); VCC to VCC (RED); GND to GND (BLACK). Show these exact pin labels; do not invent or add any wire."
arduino-pro-mini__hc05.png,"Realistic Fritzing-style hardware wiring diagram, flat vector product-illustration look, soft light-grey studio background, slight top-down angle, one microcontroller board on the LEFT and one module on the RIGHT connected by coloured jumper wires with correctly-spelled pin labels on both sides; wire colours RED=power BLACK=GND BLUE=I2C-SDA YELLOW=I2C-SCL GREEN=analog ORANGE=digital CYAN=UART PURPLE=SPI; 16:9 high resolution. Title ""Arduino Pro Mini + HC-05 Bluetooth"". LEFT an Arduino Pro Mini (5V logic). RIGHT a HC-05 Bluetooth (Connectivity). Connect EXACTLY these 6 wires and no others: RXD to D2 (ORANGE); TXD to D3 (ORANGE); VCC to VCC (RED); GND to GND (BLACK); EN to D4 (ORANGE); KEY to D5 (ORANGE). Show these exact pin labels; do not invent or add any wire."
arduino-pro-mini__ble.png,"Realistic Fritzing-style hardware wiring diagram, flat vector product-illustration look, soft light-grey studio background, slight top-down angle, one microcontroller board on the LEFT and one module on the RIGHT connected by coloured jumper wires with correctly-spelled pin labels on both sides; wire colours RED=power BLACK=GND BLUE=I2C-SDA YELLOW=I2C-SCL GREEN=analog ORANGE=digital CYAN=UART PURPLE=SPI; 16:9 high resolution. Title ""Arduino Pro Mini + BLE Module"". LEFT an Arduino Pro Mini (5V logic). RIGHT a BLE Module (Connectivity). Connect EXACTLY these 4 wires and no others: RXD to D2 (ORANGE); TXD to D3 (ORANGE); VCC to VCC (RED); GND to GND (BLACK). Show these exact pin labels; do not invent or add any wire."
arduino-pro-mini__nrf24.png,"Realistic Fritzing-style hardware wiring diagram, flat vector product-illustration look, soft light-grey studio background, slight top-down angle, one microcontroller board on the LEFT and one module on the RIGHT connected by coloured jumper wires with correctly-spelled pin labels on both sides; wire colours RED=power BLACK=GND BLUE=I2C-SDA YELLOW=I2C-SCL GREEN=analog ORANGE=digital CYAN=UART PURPLE=SPI; 16:9 high resolution. Title ""Arduino Pro Mini + nRF24L01"". LEFT an Arduino Pro Mini (5V logic). RIGHT a nRF24L01 (Connectivity). Connect EXACTLY these 7 wires and no others: SCK to D13 (SCK) (PURPLE); MOSI to D11 (MOSI) (PURPLE); MISO to D12 (MISO) (PURPLE); CSN to D2 (ORANGE); CE to D10 (SS) (PURPLE); VCC to VCC (RED); GND to GND (BLACK). Show these exact pin labels; do not invent or add any wire."
arduino-pro-mini__lora.png,"Realistic Fritzing-style hardware wiring diagram, flat vector product-illustration look, soft light-grey studio background, slight top-down angle, one microcontroller board on the LEFT and one module on the RIGHT connected by coloured jumper wires with correctly-spelled pin labels on both sides; wire colours RED=power BLACK=GND BLUE=I2C-SDA YELLOW=I2C-SCL GREEN=analog ORANGE=digital CYAN=UART PURPLE=SPI; 16:9 high resolution. Title ""Arduino Pro Mini + LoRa Module"". LEFT an Arduino Pro Mini (5V logic). RIGHT a LoRa Module (Connectivity). Connect EXACTLY these 8 wires and no others: SCK to D13 (SCK) (PURPLE); MOSI to D11 (MOSI) (PURPLE); MISO to D12 (MISO) (PURPLE); NSS to D10 (SS) (PURPLE); DIO0 to D2 (ORANGE); RST to D3 (ORANGE); VCC to VCC (RED); GND to GND (BLACK). Show these exact pin labels; do not invent or add any wire."
arduino-pro-mini__sim800.png,"Realistic Fritzing-style hardware wiring diagram, flat vector product-illustration look, soft light-grey studio background, slight top-down angle, one microcontroller board on the LEFT and one module on the RIGHT connected by coloured jumper wires with correctly-spelled pin labels on both sides; wire colours RED=power BLACK=GND BLUE=I2C-SDA YELLOW=I2C-SCL GREEN=analog ORANGE=digital CYAN=UART PURPLE=SPI; 16:9 high resolution. Title ""Arduino Pro Mini + SIM800L GSM"". LEFT an Arduino Pro Mini (5V logic). RIGHT a SIM800L GSM (Connectivity). Connect EXACTLY these 4 wires and no others: RXD to D2 (ORANGE); TXD to D3 (ORANGE); VCC to VCC (RED); GND to GND (BLACK). Show these exact pin labels; do not invent or add any wire."
arduino-pro-mini__sim900.png,"Realistic Fritzing-style hardware wiring diagram, flat vector product-illustration look, soft light-grey studio background, slight top-down angle, one microcontroller board on the LEFT and one module on the RIGHT connected by coloured jumper wires with correctly-spelled pin labels on both sides; wire colours RED=power BLACK=GND BLUE=I2C-SDA YELLOW=I2C-SCL GREEN=analog ORANGE=digital CYAN=UART PURPLE=SPI; 16:9 high resolution. Title ""Arduino Pro Mini + SIM900 GSM"". LEFT an Arduino Pro Mini (5V logic). RIGHT a SIM900 GSM (Connectivity). Connect EXACTLY these 4 wires and no others: RXD to D2 (ORANGE); TXD to D3 (ORANGE); VCC 5V to VCC (RED); GND to GND (BLACK). Show these exact pin labels; do not invent or add any wire."
arduino-pro-mini__gps-neo6.png,"Realistic Fritzing-style hardware wiring diagram, flat vector product-illustration look, soft light-grey studio background, slight top-down angle, one microcontroller board on the LEFT and one module on the RIGHT connected by coloured jumper wires with correctly-spelled pin labels on both sides; wire colours RED=power BLACK=GND BLUE=I2C-SDA YELLOW=I2C-SCL GREEN=analog ORANGE=digital CYAN=UART PURPLE=SPI; 16:9 high resolution. Title ""Arduino Pro Mini + NEO-6M GPS"". LEFT an Arduino Pro Mini (5V logic). RIGHT a NEO-6M GPS (Connectivity). Connect EXACTLY these 4 wires and no others: RX to TXO (D1) (CYAN); TX to RXI (D0) (CYAN); VCC to VCC (RED); GND to GND (BLACK). Show these exact pin labels; do not invent or add any wire."
arduino-pro-mini__rfid-rc522.png,"Realistic Fritzing-style hardware wiring diagram, flat vector product-illustration look, soft light-grey studio background, slight top-down angle, one microcontroller board on the LEFT and one module on the RIGHT connected by coloured jumper wires with correctly-spelled pin labels on both sides; wire colours RED=power BLACK=GND BLUE=I2C-SDA YELLOW=I2C-SCL GREEN=analog ORANGE=digital CYAN=UART PURPLE=SPI; 16:9 high resolution. Title ""Arduino Pro Mini + RFID RC522"". LEFT an Arduino Pro Mini (5V logic). RIGHT a RFID RC522 (Connectivity). Connect EXACTLY these 7 wires and no others: SCK to D13 (SCK) (PURPLE); MOSI to D11 (MOSI) (PURPLE); MISO to D12 (MISO) (PURPLE); SS to D10 (SS) (PURPLE); RST to D2 (ORANGE); VCC to VCC (RED); GND to GND (BLACK). Show these exact pin labels; do not invent or add any wire."
arduino-pro-mini__fingerprint-mod.png,"Realistic Fritzing-style hardware wiring diagram, flat vector product-illustration look, soft light-grey studio background, slight top-down angle, one microcontroller board on the LEFT and one module on the RIGHT connected by coloured jumper wires with correctly-spelled pin labels on both sides; wire colours RED=power BLACK=GND BLUE=I2C-SDA YELLOW=I2C-SCL GREEN=analog ORANGE=digital CYAN=UART PURPLE=SPI; 16:9 high resolution. Title ""Arduino Pro Mini + Fingerprint (R307)"". LEFT an Arduino Pro Mini (5V logic). RIGHT a Fingerprint (R307) (Connectivity). Connect EXACTLY these 4 wires and no others: TX to RXI (D0) (CYAN); RX to TXO (D1) (CYAN); VCC to VCC (RED); GND to GND (BLACK). Show these exact pin labels; do not invent or add any wire."
arduino-pro-mini__ethernet-mod.png,"Realistic Fritzing-style hardware wiring diagram, flat vector product-illustration look, soft light-grey studio background, slight top-down angle, one microcontroller board on the LEFT and one module on the RIGHT connected by coloured jumper wires with correctly-spelled pin labels on both sides; wire colours RED=power BLACK=GND BLUE=I2C-SDA YELLOW=I2C-SCL GREEN=analog ORANGE=digital CYAN=UART PURPLE=SPI; 16:9 high resolution. Title ""Arduino Pro Mini + Ethernet (W5100)"". LEFT an Arduino Pro Mini (5V logic). RIGHT an Ethernet (W5100) (Connectivity). Connect EXACTLY these 6 wires and no others: SCK to D13 (SCK) (PURPLE); MOSI to D11 (MOSI) (PURPLE); MISO to D12 (MISO) (PURPLE); CS to D10 (SS) (PURPLE); VCC to VCC (RED); GND to GND (BLACK). Show these exact pin labels; do not invent or add any wire."
arduino-pro-mini__led.png,"Realistic Fritzing-style hardware wiring diagram, flat vector product-illustration look, soft light-grey studio background, slight top-down angle, one microcontroller board on the LEFT and one module on the RIGHT connected by coloured jumper wires with correctly-spelled pin labels on both sides; wire colours RED=power BLACK=GND BLUE=I2C-SDA YELLOW=I2C-SCL GREEN=analog ORANGE=digital CYAN=UART PURPLE=SPI; 16:9 high resolution. Title ""Arduino Pro Mini + LED"". LEFT an Arduino Pro Mini (5V logic). RIGHT a LED (Passive & Discrete). Connect EXACTLY these 2 wires and no others: Anode to D2 (ORANGE); GND to GND (BLACK). Show these exact pin labels; do not invent or add any wire."
arduino-pro-mini__potentiometer.png,"Realistic Fritzing-style hardware wiring diagram, flat vector product-illustration look, soft light-grey studio background, slight top-down angle, one microcontroller board on the LEFT and one module on the RIGHT connected by coloured jumper wires with correctly-spelled pin labels on both sides; wire colours RED=power BLACK=GND BLUE=I2C-SDA YELLOW=I2C-SCL GREEN=analog ORANGE=digital CYAN=UART PURPLE=SPI; 16:9 high resolution. Title ""Arduino Pro Mini + Potentiometer"". LEFT an Arduino Pro Mini (5V logic). RIGHT a Potentiometer (Passive & Discrete). Connect EXACTLY these 3 wires and no others: VCC to VCC (RED); GND to GND (BLACK); Wiper to A0 (GREEN). Show these exact pin labels; do not invent or add any wire."
arduino-pro-mini__push-button.png,"Realistic Fritzing-style hardware wiring diagram, flat vector product-illustration look, soft light-grey studio background, slight top-down angle, one microcontroller board on the LEFT and one module on the RIGHT connected by coloured jumper wires with correctly-spelled pin labels on both sides; wire colours RED=power BLACK=GND BLUE=I2C-SDA YELLOW=I2C-SCL GREEN=analog ORANGE=digital CYAN=UART PURPLE=SPI; 16:9 high resolution. Title ""Arduino Pro Mini + Push Button"". LEFT an Arduino Pro Mini (5V logic). RIGHT a Push Button (Input / Output). Connect EXACTLY these 1 wires and no others: 4 legs to D2 (ORANGE). Show these exact pin labels; do not invent or add any wire."
arduino-pro-mini__keypad.png,"Realistic Fritzing-style hardware wiring diagram, flat vector product-illustration look, soft light-grey studio background, slight top-down angle, one microcontroller board on the LEFT and one module on the RIGHT connected by coloured jumper wires with correctly-spelled pin labels on both sides; wire colours RED=power BLACK=GND BLUE=I2C-SDA YELLOW=I2C-SCL GREEN=analog ORANGE=digital CYAN=UART PURPLE=SPI; 16:9 high resolution. Title ""Arduino Pro Mini + Matrix Keypad 4×4"". LEFT an Arduino Pro Mini (5V logic). RIGHT a Matrix Keypad 4×4 (Input / Output). Connect EXACTLY these 1 wires and no others: 8 pins to D2 (ORANGE). Show these exact pin labels; do not invent or add any wire."
arduino-pro-mini__joystick.png,"Realistic Fritzing-style hardware wiring diagram, flat vector product-illustration look, soft light-grey studio background, slight top-down angle, one microcontroller board on the LEFT and one module on the RIGHT connected by coloured jumper wires with correctly-spelled pin labels on both sides; wire colours RED=power BLACK=GND BLUE=I2C-SDA YELLOW=I2C-SCL GREEN=analog ORANGE=digital CYAN=UART PURPLE=SPI; 16:9 high resolution. Title ""Arduino Pro Mini + Joystick Module"". LEFT an Arduino Pro Mini (5V logic). RIGHT a Joystick Module (Input / Output). Connect EXACTLY these 5 wires and no others: VRx to D2 (ORANGE); VRy to D3 (ORANGE); SW to D4 (ORANGE); VCC to VCC (RED); GND to GND (BLACK). Show these exact pin labels; do not invent or add any wire."
arduino-pro-mini__rotary-encoder.png,"Realistic Fritzing-style hardware wiring diagram, flat vector product-illustration look, soft light-grey studio background, slight top-down angle, one microcontroller board on the LEFT and one module on the RIGHT connected by coloured jumper wires with correctly-spelled pin labels on both sides; wire colours RED=power BLACK=GND BLUE=I2C-SDA YELLOW=I2C-SCL GREEN=analog ORANGE=digital CYAN=UART PURPLE=SPI; 16:9 high resolution. Title ""Arduino Pro Mini + Rotary Encoder"". LEFT an Arduino Pro Mini (5V logic). RIGHT a Rotary Encoder (Input / Output). Connect EXACTLY these 5 wires and no others: CLK to D2 (ORANGE); DT to D3 (ORANGE); SW to D4 (ORANGE); VCC to VCC (RED); GND to GND (BLACK). Show these exact pin labels; do not invent or add any wire."
arduino-pro-mini__sd-module.png,"Realistic Fritzing-style hardware wiring diagram, flat vector product-illustration look, soft light-grey studio background, slight top-down angle, one microcontroller board on the LEFT and one module on the RIGHT connected by coloured jumper wires with correctly-spelled pin labels on both sides; wire colours RED=power BLACK=GND BLUE=I2C-SDA YELLOW=I2C-SCL GREEN=analog ORANGE=digital CYAN=UART PURPLE=SPI; 16:9 high resolution. Title ""Arduino Pro Mini + MicroSD Module"". LEFT an Arduino Pro Mini (5V logic). RIGHT a MicroSD Module (Input / Output). Connect EXACTLY these 6 wires and no others: SCK to D13 (SCK) (PURPLE); MOSI to D11 (MOSI) (PURPLE); MISO to D12 (MISO) (PURPLE); CS to D10 (SS) (PURPLE); VCC to VCC (RED); GND to GND (BLACK). Show these exact pin labels; do not invent or add any wire."
arduino-pro-mini__rtc.png,"Realistic Fritzing-style hardware wiring diagram, flat vector product-illustration look, soft light-grey studio background, slight top-down angle, one microcontroller board on the LEFT and one module on the RIGHT connected by coloured jumper wires with correctly-spelled pin labels on both sides; wire colours RED=power BLACK=GND BLUE=I2C-SDA YELLOW=I2C-SCL GREEN=analog ORANGE=digital CYAN=UART PURPLE=SPI; 16:9 high resolution. Title ""Arduino Pro Mini + RTC (DS3231)"". LEFT an Arduino Pro Mini (5V logic). RIGHT a RTC (DS3231) (Input / Output). Connect EXACTLY these 4 wires and no others: SDA to A4 (SDA) (BLUE); SCL to A5 (SCL) (YELLOW); VCC to VCC (RED); GND to GND (BLACK). Show these exact pin labels; do not invent or add any wire."
arduino-pro-mini__speaker.png,"Realistic Fritzing-style hardware wiring diagram, flat vector product-illustration look, soft light-grey studio background, slight top-down angle, one microcontroller board on the LEFT and one module on the RIGHT connected by coloured jumper wires with correctly-spelled pin labels on both sides; wire colours RED=power BLACK=GND BLUE=I2C-SDA YELLOW=I2C-SCL GREEN=analog ORANGE=digital CYAN=UART PURPLE=SPI; 16:9 high resolution. Title ""Arduino Pro Mini + Speaker / DFPlayer"". LEFT an Arduino Pro Mini (5V logic). RIGHT a Speaker / DFPlayer (Input / Output). Connect EXACTLY these 4 wires and no others: RX to TXO (D1) (CYAN); TX to RXI (D0) (CYAN); VCC to VCC (RED); GND to GND (BLACK). Show these exact pin labels; do not invent or add any wire."
arduino-pro-mini__imu-robot.png,"Realistic Fritzing-style hardware wiring diagram, flat vector product-illustration look, soft light-grey studio background, slight top-down angle, one microcontroller board on the LEFT and one module on the RIGHT connected by coloured jumper wires with correctly-spelled pin labels on both sides; wire colours RED=power BLACK=GND BLUE=I2C-SDA YELLOW=I2C-SCL GREEN=analog ORANGE=digital CYAN=UART PURPLE=SPI; 16:9 high resolution. Title ""Arduino Pro Mini + IMU / Balance"". LEFT an Arduino Pro Mini (5V logic). RIGHT an IMU / Balance (Robotics). Connect EXACTLY these 5 wires and no others: SDA to A4 (SDA) (BLUE); SCL to A5 (SCL) (YELLOW); INT to D2 (ORANGE); VCC to VCC (RED); GND to GND (BLACK). Show these exact pin labels; do not invent or add any wire."
arduino-pro-mini__lidar-robot.png,"Realistic Fritzing-style hardware wiring diagram, flat vector product-illustration look, soft light-grey studio background, slight top-down angle, one microcontroller board on the LEFT and one module on the RIGHT connected by coloured jumper wires with correctly-spelled pin labels on both sides; wire colours RED=power BLACK=GND BLUE=I2C-SDA YELLOW=I2C-SCL GREEN=analog ORANGE=digital CYAN=UART PURPLE=SPI; 16:9 high resolution. Title ""Arduino Pro Mini + LiDAR Scanner"". LEFT an Arduino Pro Mini (5V logic). RIGHT a LiDAR Scanner (Robotics). Connect EXACTLY these 4 wires and no others: TX to RXI (D0) (CYAN); RX to TXO (D1) (CYAN); VCC to VCC (RED); GND to GND (BLACK). Show these exact pin labels; do not invent or add any wire."
esp32__dht11.png,"Realistic Fritzing-style hardware wiring diagram, flat vector product-illustration look, soft light-grey studio background, slight top-down angle, one microcontroller board on the LEFT and one module on the RIGHT connected by coloured jumper wires with correctly-spelled pin labels on both sides; wire colours RED=power BLACK=GND BLUE=I2C-SDA YELLOW=I2C-SCL GREEN=analog ORANGE=digital CYAN=UART PURPLE=SPI; 16:9 high resolution. Title ""ESP32 DevKit V1 (38-pin) + DHT11 / DHT22"". LEFT an ESP32 DevKit V1 (38-pin) (3.3V logic). RIGHT a DHT11 / DHT22 (Sensors). Connect EXACTLY these 3 wires and no others: VCC to 3V3 (RED); DATA to GPIO4 (ORANGE); GND to GND (BLACK). Show these exact pin labels; do not invent or add any wire."
esp32__ds18b20.png,"Realistic Fritzing-style hardware wiring diagram, flat vector product-illustration look, soft light-grey studio background, slight top-down angle, one microcontroller board on the LEFT and one module on the RIGHT connected by coloured jumper wires with correctly-spelled pin labels on both sides; wire colours RED=power BLACK=GND BLUE=I2C-SDA YELLOW=I2C-SCL GREEN=analog ORANGE=digital CYAN=UART PURPLE=SPI; 16:9 high resolution. Title ""ESP32 DevKit V1 (38-pin) + DS18B20"". LEFT an ESP32 DevKit V1 (38-pin) (3.3V logic). RIGHT a DS18B20 (Sensors). Connect EXACTLY these 3 wires and no others: VDD to 3V3 (RED); DQ to GPIO4 (ORANGE); GND to GND (BLACK). Show these exact pin labels; do not invent or add any wire."
esp32__lm35.png,"Realistic Fritzing-style hardware wiring diagram, flat vector product-illustration look, soft light-grey studio background, slight top-down angle, one microcontroller board on the LEFT and one module on the RIGHT connected by coloured jumper wires with correctly-spelled pin labels on both sides; wire colours RED=power BLACK=GND BLUE=I2C-SDA YELLOW=I2C-SCL GREEN=analog ORANGE=digital CYAN=UART PURPLE=SPI; 16:9 high resolution. Title ""ESP32 DevKit V1 (38-pin) + LM35"". LEFT an ESP32 DevKit V1 (38-pin) (3.3V logic). RIGHT a LM35 (Sensors). Connect EXACTLY these 3 wires and no others: VCC to 3V3 (RED); OUT to GPIO34 (GREEN); GND to GND (BLACK). Show these exact pin labels; do not invent or add any wire."
esp32__hc-sr04.png,"Realistic Fritzing-style hardware wiring diagram, flat vector product-illustration look, soft light-grey studio background, slight top-down angle, one microcontroller board on the LEFT and one module on the RIGHT connected by coloured jumper wires with correctly-spelled pin labels on both sides; wire colours RED=power BLACK=GND BLUE=I2C-SDA YELLOW=I2C-SCL GREEN=analog ORANGE=digital CYAN=UART PURPLE=SPI; 16:9 high resolution. Title ""ESP32 DevKit V1 (38-pin) + HC-SR04"". LEFT an ESP32 DevKit V1 (38-pin) (3.3V logic). RIGHT a HC-SR04 (Sensors). Connect EXACTLY these 4 wires and no others: VCC to 3V3 (RED); TRIG to GPIO4 (ORANGE); ECHO to GPIO13 (ORANGE); GND to GND (BLACK). Show these exact pin labels; do not invent or add any wire."
esp32__pir.png,"Realistic Fritzing-style hardware wiring diagram, flat vector product-illustration look, soft light-grey studio background, slight top-down angle, one microcontroller board on the LEFT and one module on the RIGHT connected by coloured jumper wires with correctly-spelled pin labels on both sides; wire colours RED=power BLACK=GND BLUE=I2C-SDA YELLOW=I2C-SCL GREEN=analog ORANGE=digital CYAN=UART PURPLE=SPI; 16:9 high resolution. Title ""ESP32 DevKit V1 (38-pin) + PIR Motion (HC-SR501)"". LEFT an ESP32 DevKit V1 (38-pin) (3.3V logic). RIGHT a PIR Motion (HC-SR501) (Sensors). Connect EXACTLY these 3 wires and no others: VCC to 3V3 (RED); OUT to GPIO4 (ORANGE); GND to GND (BLACK). Show these exact pin labels; do not invent or add any wire."
esp32__ldr.png,"Realistic Fritzing-style hardware wiring diagram, flat vector product-illustration look, soft light-grey studio background, slight top-down angle, one microcontroller board on the LEFT and one module on the RIGHT connected by coloured jumper wires with correctly-spelled pin labels on both sides; wire colours RED=power BLACK=GND BLUE=I2C-SDA YELLOW=I2C-SCL GREEN=analog ORANGE=digital CYAN=UART PURPLE=SPI; 16:9 high resolution. Title ""ESP32 DevKit V1 (38-pin) + LDR (Photoresistor)"". LEFT an ESP32 DevKit V1 (38-pin) (3.3V logic). RIGHT a LDR (Photoresistor) (Sensors). Connect EXACTLY these 3 wires and no others: VCC to 3V3 (RED); AO to GPIO34 (GREEN); GND to GND (BLACK). Show these exact pin labels; do not invent or add any wire."
esp32__bh1750.png,"Realistic Fritzing-style hardware wiring diagram, flat vector product-illustration look, soft light-grey studio background, slight top-down angle, one microcontroller board on the LEFT and one module on the RIGHT connected by coloured jumper wires with correctly-spelled pin labels on both sides; wire colours RED=power BLACK=GND BLUE=I2C-SDA YELLOW=I2C-SCL GREEN=analog ORANGE=digital CYAN=UART PURPLE=SPI; 16:9 high resolution. Title ""ESP32 DevKit V1 (38-pin) + BH1750"". LEFT an ESP32 DevKit V1 (38-pin) (3.3V logic). RIGHT a BH1750 (Sensors). Connect EXACTLY these 5 wires and no others: VCC to 3V3 (RED); GND to GND (BLACK); SDA to GPIO21 (SDA) (BLUE); SCL to GPIO22 (SCL) (YELLOW); ADDR to GPIO4 (ORANGE). Show these exact pin labels; do not invent or add any wire."
esp32__mq2.png,"Realistic Fritzing-style hardware wiring diagram, flat vector product-illustration look, soft light-grey studio background, slight top-down angle, one microcontroller board on the LEFT and one module on the RIGHT connected by coloured jumper wires with correctly-spelled pin labels on both sides; wire colours RED=power BLACK=GND BLUE=I2C-SDA YELLOW=I2C-SCL GREEN=analog ORANGE=digital CYAN=UART PURPLE=SPI; 16:9 high resolution. Title ""ESP32 DevKit V1 (38-pin) + MQ-2 Gas"". LEFT an ESP32 DevKit V1 (38-pin) (3.3V logic). RIGHT a MQ-2 Gas (Sensors). Connect EXACTLY these 4 wires and no others: VCC to 3V3 (RED); AO to GPIO34 (GREEN); DO to GPIO4 (ORANGE); GND to GND (BLACK). Show these exact pin labels; do not invent or add any wire."
esp32__mq135.png,"Realistic Fritzing-style hardware wiring diagram, flat vector product-illustration look, soft light-grey studio background, slight top-down angle, one microcontroller board on the LEFT and one module on the RIGHT connected by coloured jumper wires with correctly-spelled pin labels on both sides; wire colours RED=power BLACK=GND BLUE=I2C-SDA YELLOW=I2C-SCL GREEN=analog ORANGE=digital CYAN=UART PURPLE=SPI; 16:9 high resolution. Title ""ESP32 DevKit V1 (38-pin) + MQ-135 Air Quality"". LEFT an ESP32 DevKit V1 (38-pin) (3.3V logic). RIGHT a MQ-135 Air Quality (Sensors). Connect EXACTLY these 4 wires and no others: VCC to 3V3 (RED); AO to GPIO34 (GREEN); DO to GPIO4 (ORANGE); GND to GND (BLACK). Show these exact pin labels; do not invent or add any wire."
esp32__mq7.png,"Realistic Fritzing-style hardware wiring diagram, flat vector product-illustration look, soft light-grey studio background, slight top-down angle, one microcontroller board on the LEFT and one module on the RIGHT connected by coloured jumper wires with correctly-spelled pin labels on both sides; wire colours RED=power BLACK=GND BLUE=I2C-SDA YELLOW=I2C-SCL GREEN=analog ORANGE=digital CYAN=UART PURPLE=SPI; 16:9 high resolution. Title ""ESP32 DevKit V1 (38-pin) + MQ-7 CO"". LEFT an ESP32 DevKit V1 (38-pin) (3.3V logic). RIGHT a MQ-7 CO (Sensors). Connect EXACTLY these 4 wires and no others: VCC to 3V3 (RED); AO to GPIO34 (GREEN); DO to GPIO4 (ORANGE); GND to GND (BLACK). Show these exact pin labels; do not invent or add any wire."
esp32__soil-moisture.png,"Realistic Fritzing-style hardware wiring diagram, flat vector product-illustration look, soft light-grey studio background, slight top-down angle, one microcontroller board on the LEFT and one module on the RIGHT connected by coloured jumper wires with correctly-spelled pin labels on both sides; wire colours RED=power BLACK=GND BLUE=I2C-SDA YELLOW=I2C-SCL GREEN=analog ORANGE=digital CYAN=UART PURPLE=SPI; 16:9 high resolution. Title ""ESP32 DevKit V1 (38-pin) + Soil Moisture"". LEFT an ESP32 DevKit V1 (38-pin) (3.3V logic). RIGHT a Soil Moisture (Sensors). Connect EXACTLY these 4 wires and no others: VCC to 3V3 (RED); AO to GPIO34 (GREEN); DO to GPIO4 (ORANGE); GND to GND (BLACK). Show these exact pin labels; do not invent or add any wire."
esp32__rain-sensor.png,"Realistic Fritzing-style hardware wiring diagram, flat vector product-illustration look, soft light-grey studio background, slight top-down angle, one microcontroller board on the LEFT and one module on the RIGHT connected by coloured jumper wires with correctly-spelled pin labels on both sides; wire colours RED=power BLACK=GND BLUE=I2C-SDA YELLOW=I2C-SCL GREEN=analog ORANGE=digital CYAN=UART PURPLE=SPI; 16:9 high resolution. Title ""ESP32 DevKit V1 (38-pin) + Rain Sensor"". LEFT an ESP32 DevKit V1 (38-pin) (3.3V logic). RIGHT a Rain Sensor (Sensors). Connect EXACTLY these 4 wires and no others: VCC to 3V3 (RED); AO to GPIO34 (GREEN); DO to GPIO4 (ORANGE); GND to GND (BLACK). Show these exact pin labels; do not invent or add any wire."
esp32__water-level.png,"Realistic Fritzing-style hardware wiring diagram, flat vector product-illustration look, soft light-grey studio background, slight top-down angle, one microcontroller board on the LEFT and one module on the RIGHT connected by coloured jumper wires with correctly-spelled pin labels on both sides; wire colours RED=power BLACK=GND BLUE=I2C-SDA YELLOW=I2C-SCL GREEN=analog ORANGE=digital CYAN=UART PURPLE=SPI; 16:9 high resolution. Title ""ESP32 DevKit V1 (38-pin) + Water Level Sensor"". LEFT an ESP32 DevKit V1 (38-pin) (3.3V logic). RIGHT a Water Level Sensor (Sensors). Connect EXACTLY these 3 wires and no others: + to 3V3 (RED); S to GPIO34 (GREEN); - to GND (BLACK). Show these exact pin labels; do not invent or add any wire."
esp32__flow-sensor.png,"Realistic Fritzing-style hardware wiring diagram, flat vector product-illustration look, soft light-grey studio background, slight top-down angle, one microcontroller board on the LEFT and one module on the RIGHT connected by coloured jumper wires with correctly-spelled pin labels on both sides; wire colours RED=power BLACK=GND BLUE=I2C-SDA YELLOW=I2C-SCL GREEN=analog ORANGE=digital CYAN=UART PURPLE=SPI; 16:9 high resolution. Title ""ESP32 DevKit V1 (38-pin) + Water Flow (YF-S201)"". LEFT an ESP32 DevKit V1 (38-pin) (3.3V logic). RIGHT a Water Flow (YF-S201) (Sensors). Connect EXACTLY these 3 wires and no others: VCC to 3V3 (RED); SIGNAL to GPIO4 (ORANGE); GND to GND (BLACK). Show these exact pin labels; do not invent or add any wire."
esp32__flame-sensor.png,"Realistic Fritzing-style hardware wiring diagram, flat vector product-illustration look, soft light-grey studio background, slight top-down angle, one microcontroller board on the LEFT and one module on the RIGHT connected by coloured jumper wires with correctly-spelled pin labels on both sides; wire colours RED=power BLACK=GND BLUE=I2C-SDA YELLOW=I2C-SCL GREEN=analog ORANGE=digital CYAN=UART PURPLE=SPI; 16:9 high resolution. Title ""ESP32 DevKit V1 (38-pin) + Flame Sensor"". LEFT an ESP32 DevKit V1 (38-pin) (3.3V logic). RIGHT a Flame Sensor (Sensors). Connect EXACTLY these 4 wires and no others: VCC to 3V3 (RED); AO to GPIO34 (GREEN); DO to GPIO4 (ORANGE); GND to GND (BLACK). Show these exact pin labels; do not invent or add any wire."
esp32__mpu6050.png,"Realistic Fritzing-style hardware wiring diagram, flat vector product-illustration look, soft light-grey studio background, slight top-down angle, one microcontroller board on the LEFT and one module on the RIGHT connected by coloured jumper wires with correctly-spelled pin labels on both sides; wire colours RED=power BLACK=GND BLUE=I2C-SDA YELLOW=I2C-SCL GREEN=analog ORANGE=digital CYAN=UART PURPLE=SPI; 16:9 high resolution. Title ""ESP32 DevKit V1 (38-pin) + MPU-6050 IMU"". LEFT an ESP32 DevKit V1 (38-pin) (3.3V logic). RIGHT a MPU-6050 IMU (Sensors). Connect EXACTLY these 5 wires and no others: VCC to 3V3 (RED); SDA to GPIO21 (SDA) (BLUE); SCL to GPIO22 (SCL) (YELLOW); INT to GPIO4 (ORANGE); GND to GND (BLACK). Show these exact pin labels; do not invent or add any wire."
esp32__hmc5883l.png,"Realistic Fritzing-style hardware wiring diagram, flat vector product-illustration look, soft light-grey studio background, slight top-down angle, one microcontroller board on the LEFT and one module on the RIGHT connected by coloured jumper wires with correctly-spelled pin labels on both sides; wire colours RED=power BLACK=GND BLUE=I2C-SDA YELLOW=I2C-SCL GREEN=analog ORANGE=digital CYAN=UART PURPLE=SPI; 16:9 high resolution. Title ""ESP32 DevKit V1 (38-pin) + HMC5883L"". LEFT an ESP32 DevKit V1 (38-pin) (3.3V logic). RIGHT a HMC5883L (Sensors). Connect EXACTLY these 5 wires and no others: VCC to 3V3 (RED); SDA to GPIO21 (SDA) (BLUE); SCL to GPIO22 (SCL) (YELLOW); DRDY to GPIO4 (ORANGE); GND to GND (BLACK). Show these exact pin labels; do not invent or add any wire."
esp32__bmp280.png,"Realistic Fritzing-style hardware wiring diagram, flat vector product-illustration look, soft light-grey studio background, slight top-down angle, one microcontroller board on the LEFT and one module on the RIGHT connected by coloured jumper wires with correctly-spelled pin labels on both sides; wire colours RED=power BLACK=GND BLUE=I2C-SDA YELLOW=I2C-SCL GREEN=analog ORANGE=digital CYAN=UART PURPLE=SPI; 16:9 high resolution. Title ""ESP32 DevKit V1 (38-pin) + BMP280 / BME280"". LEFT an ESP32 DevKit V1 (38-pin) (3.3V logic). RIGHT a BMP280 / BME280 (Sensors). Connect EXACTLY these 4 wires and no others: VCC to 3V3 (RED); SDA to GPIO21 (SDA) (BLUE); SCL to GPIO22 (SCL) (YELLOW); GND to GND (BLACK). Show these exact pin labels; do not invent or add any wire."
esp32__load-cell.png,"Realistic Fritzing-style hardware wiring diagram, flat vector product-illustration look, soft light-grey studio background, slight top-down angle, one microcontroller board on the LEFT and one module on the RIGHT connected by coloured jumper wires with correctly-spelled pin labels on both sides; wire colours RED=power BLACK=GND BLUE=I2C-SDA YELLOW=I2C-SCL GREEN=analog ORANGE=digital CYAN=UART PURPLE=SPI; 16:9 high resolution. Title ""ESP32 DevKit V1 (38-pin) + Load Cell + HX711"". LEFT an ESP32 DevKit V1 (38-pin) (3.3V logic). RIGHT a Load Cell + HX711 (Sensors). Connect EXACTLY these 4 wires and no others: DT to GPIO4 (ORANGE); CLK to GPIO13 (ORANGE); VCC to 3V3 (RED); GND to GND (BLACK). Show these exact pin labels; do not invent or add any wire."
esp32__ir-sensor.png,"Realistic Fritzing-style hardware wiring diagram, flat vector product-illustration look, soft light-grey studio background, slight top-down angle, one microcontroller board on the LEFT and one module on the RIGHT connected by coloured jumper wires with correctly-spelled pin labels on both sides; wire colours RED=power BLACK=GND BLUE=I2C-SDA YELLOW=I2C-SCL GREEN=analog ORANGE=digital CYAN=UART PURPLE=SPI; 16:9 high resolution. Title ""ESP32 DevKit V1 (38-pin) + IR Obstacle Sensor"". LEFT an ESP32 DevKit V1 (38-pin) (3.3V logic). RIGHT an IR Obstacle Sensor (Sensors). Connect EXACTLY these 3 wires and no others: VCC to 3V3 (RED); OUT to GPIO4 (ORANGE); GND to GND (BLACK). Show these exact pin labels; do not invent or add any wire."
esp32__color-sensor.png,"Realistic Fritzing-style hardware wiring diagram, flat vector product-illustration look, soft light-grey studio background, slight top-down angle, one microcontroller board on the LEFT and one module on the RIGHT connected by coloured jumper wires with correctly-spelled pin labels on both sides; wire colours RED=power BLACK=GND BLUE=I2C-SDA YELLOW=I2C-SCL GREEN=analog ORANGE=digital CYAN=UART PURPLE=SPI; 16:9 high resolution. Title ""ESP32 DevKit V1 (38-pin) + TCS3200 Color"". LEFT an ESP32 DevKit V1 (38-pin) (3.3V logic). RIGHT a TCS3200 Color (Sensors). Connect EXACTLY these 4 wires and no others: VCC to 3V3 (RED); GND to GND (BLACK); S0–S3 to GPIO4 (ORANGE); OUT to GPIO13 (ORANGE). Show these exact pin labels; do not invent or add any wire."
esp32__heart-rate.png,"Realistic Fritzing-style hardware wiring diagram, flat vector product-illustration look, soft light-grey studio background, slight top-down angle, one microcontroller board on the LEFT and one module on the RIGHT connected by coloured jumper wires with correctly-spelled pin labels on both sides; wire colours RED=power BLACK=GND BLUE=I2C-SDA YELLOW=I2C-SCL GREEN=analog ORANGE=digital CYAN=UART PURPLE=SPI; 16:9 high resolution. Title ""ESP32 DevKit V1 (38-pin) + MAX30100 Pulse"". LEFT an ESP32 DevKit V1 (38-pin) (3.3V logic). RIGHT a MAX30100 Pulse (Sensors). Connect EXACTLY these 5 wires and no others: VIN to 3V3 (RED); SDA to GPIO21 (SDA) (BLUE); SCL to GPIO22 (SCL) (YELLOW); INT to GPIO4 (ORANGE); GND to GND (BLACK). Show these exact pin labels; do not invent or add any wire."
esp32__ph-sensor.png,"Realistic Fritzing-style hardware wiring diagram, flat vector product-illustration look, soft light-grey studio background, slight top-down angle, one microcontroller board on the LEFT and one module on the RIGHT connected by coloured jumper wires with correctly-spelled pin labels on both sides; wire colours RED=power BLACK=GND BLUE=I2C-SDA YELLOW=I2C-SCL GREEN=analog ORANGE=digital CYAN=UART PURPLE=SPI; 16:9 high resolution. Title ""ESP32 DevKit V1 (38-pin) + pH Sensor"". LEFT an ESP32 DevKit V1 (38-pin) (3.3V logic). RIGHT a pH Sensor (Sensors). Connect EXACTLY these 3 wires and no others: VCC to 3V3 (RED); GND to GND (BLACK); PO to GPIO34 (GREEN). Show these exact pin labels; do not invent or add any wire."
esp32__current-sensor.png,"Realistic Fritzing-style hardware wiring diagram, flat vector product-illustration look, soft light-grey studio background, slight top-down angle, one microcontroller board on the LEFT and one module on the RIGHT connected by coloured jumper wires with correctly-spelled pin labels on both sides; wire colours RED=power BLACK=GND BLUE=I2C-SDA YELLOW=I2C-SCL GREEN=analog ORANGE=digital CYAN=UART PURPLE=SPI; 16:9 high resolution. Title ""ESP32 DevKit V1 (38-pin) + ACS712 Current"". LEFT an ESP32 DevKit V1 (38-pin) (3.3V logic). RIGHT an ACS712 Current (Sensors). Connect EXACTLY these 5 wires and no others: VCC to 3V3 (RED); GND to GND (BLACK); OUT to GPIO34 (GREEN); IP+ to GPIO4 (ORANGE); IP- to GPIO13 (ORANGE). Show these exact pin labels; do not invent or add any wire."
esp32__voltage-sensor.png,"Realistic Fritzing-style hardware wiring diagram, flat vector product-illustration look, soft light-grey studio background, slight top-down angle, one microcontroller board on the LEFT and one module on the RIGHT connected by coloured jumper wires with correctly-spelled pin labels on both sides; wire colours RED=power BLACK=GND BLUE=I2C-SDA YELLOW=I2C-SCL GREEN=analog ORANGE=digital CYAN=UART PURPLE=SPI; 16:9 high resolution. Title ""ESP32 DevKit V1 (38-pin) + Voltage Sensor"". LEFT an ESP32 DevKit V1 (38-pin) (3.3V logic). RIGHT a Voltage Sensor (Sensors). Connect EXACTLY these 2 wires and no others: S to GPIO34 (GREEN); - to GND (BLACK). Show these exact pin labels; do not invent or add any wire."
esp32__ir-flame-array.png,"Realistic Fritzing-style hardware wiring diagram, flat vector product-illustration look, soft light-grey studio background, slight top-down angle, one microcontroller board on the LEFT and one module on the RIGHT connected by coloured jumper wires with correctly-spelled pin labels on both sides; wire colours RED=power BLACK=GND BLUE=I2C-SDA YELLOW=I2C-SCL GREEN=analog ORANGE=digital CYAN=UART PURPLE=SPI; 16:9 high resolution. Title ""ESP32 DevKit V1 (38-pin) + Vibration (SW-420)"". LEFT an ESP32 DevKit V1 (38-pin) (3.3V logic). RIGHT a Vibration (SW-420) (Sensors). Connect EXACTLY these 3 wires and no others: VCC to 3V3 (RED); GND to GND (BLACK); DO to GPIO4 (ORANGE). Show these exact pin labels; do not invent or add any wire."
esp32__lidar-sensor.png,"Realistic Fritzing-style hardware wiring diagram, flat vector product-illustration look, soft light-grey studio background, slight top-down angle, one microcontroller board on the LEFT and one module on the RIGHT connected by coloured jumper wires with correctly-spelled pin labels on both sides; wire colours RED=power BLACK=GND BLUE=I2C-SDA YELLOW=I2C-SCL GREEN=analog ORANGE=digital CYAN=UART PURPLE=SPI; 16:9 high resolution. Title ""ESP32 DevKit V1 (38-pin) + LiDAR (TF-Luna)"". LEFT an ESP32 DevKit V1 (38-pin) (3.3V logic). RIGHT a LiDAR (TF-Luna) (Sensors). Connect EXACTLY these 4 wires and no others: VCC to 3V3 (RED); RXD to GPIO4 (ORANGE); TXD to GPIO13 (ORANGE); GND to GND (BLACK). Show these exact pin labels; do not invent or add any wire."
esp32__servo.png,"Realistic Fritzing-style hardware wiring diagram, flat vector product-illustration look, soft light-grey studio background, slight top-down angle, one microcontroller board on the LEFT and one module on the RIGHT connected by coloured jumper wires with correctly-spelled pin labels on both sides; wire colours RED=power BLACK=GND BLUE=I2C-SDA YELLOW=I2C-SCL GREEN=analog ORANGE=digital CYAN=UART PURPLE=SPI; 16:9 high resolution. Title ""ESP32 DevKit V1 (38-pin) + Servo (SG90/MG996)"". LEFT an ESP32 DevKit V1 (38-pin) (3.3V logic). RIGHT a Servo (SG90/MG996) (Actuators & Motors). Connect EXACTLY these 3 wires and no others: Signal to GPIO4 (ORANGE); VCC to 3V3 (RED); GND to GND (BLACK). Show these exact pin labels; do not invent or add any wire."
esp32__stepper.png,"Realistic Fritzing-style hardware wiring diagram, flat vector product-illustration look, soft light-grey studio background, slight top-down angle, one microcontroller board on the LEFT and one module on the RIGHT connected by coloured jumper wires with correctly-spelled pin labels on both sides; wire colours RED=power BLACK=GND BLUE=I2C-SDA YELLOW=I2C-SCL GREEN=analog ORANGE=digital CYAN=UART PURPLE=SPI; 16:9 high resolution. Title ""ESP32 DevKit V1 (38-pin) + Stepper (28BYJ-48)"". LEFT an ESP32 DevKit V1 (38-pin) (3.3V logic). RIGHT a Stepper (28BYJ-48) (Actuators & Motors). Connect EXACTLY these 3 wires and no others: IN1–IN4 to GPIO4 (ORANGE); VCC to 3V3 (RED); GND to GND (BLACK). Show these exact pin labels; do not invent or add any wire."
esp32__l298n.png,"Realistic Fritzing-style hardware wiring diagram, flat vector product-illustration look, soft light-grey studio background, slight top-down angle, one microcontroller board on the LEFT and one module on the RIGHT connected by coloured jumper wires with correctly-spelled pin labels on both sides; wire colours RED=power BLACK=GND BLUE=I2C-SDA YELLOW=I2C-SCL GREEN=analog ORANGE=digital CYAN=UART PURPLE=SPI; 16:9 high resolution. Title ""ESP32 DevKit V1 (38-pin) + L298N Driver"". LEFT an ESP32 DevKit V1 (38-pin) (3.3V logic). RIGHT a L298N Driver (Actuators & Motors). Connect EXACTLY these 5 wires and no others: IN1–IN4 to GPIO4 (ORANGE); ENA to GPIO13 (ORANGE); ENB to GPIO14 (ORANGE); 5V to 3V3 (RED); GND to GND (BLACK). Show these exact pin labels; do not invent or add any wire."
esp32__l293d.png,"Realistic Fritzing-style hardware wiring diagram, flat vector product-illustration look, soft light-grey studio background, slight top-down angle, one microcontroller board on the LEFT and one module on the RIGHT connected by coloured jumper wires with correctly-spelled pin labels on both sides; wire colours RED=power BLACK=GND BLUE=I2C-SDA YELLOW=I2C-SCL GREEN=analog ORANGE=digital CYAN=UART PURPLE=SPI; 16:9 high resolution. Title ""ESP32 DevKit V1 (38-pin) + L293D Driver"". LEFT an ESP32 DevKit V1 (38-pin) (3.3V logic). RIGHT a L293D Driver (Actuators & Motors). Connect EXACTLY these 5 wires and no others: IN1–IN4 to GPIO4 (ORANGE); EN1 to GPIO13 (ORANGE); EN2 to GPIO14 (ORANGE); Vcc1 to 3V3 (RED); GND to GND (BLACK). Show these exact pin labels; do not invent or add any wire."
esp32__a4988.png,"Realistic Fritzing-style hardware wiring diagram, flat vector product-illustration look, soft light-grey studio background, slight top-down angle, one microcontroller board on the LEFT and one module on the RIGHT connected by coloured jumper wires with correctly-spelled pin labels on both sides; wire colours RED=power BLACK=GND BLUE=I2C-SDA YELLOW=I2C-SCL GREEN=analog ORANGE=digital CYAN=UART PURPLE=SPI; 16:9 high resolution. Title ""ESP32 DevKit V1 (38-pin) + A4988 Driver"". LEFT an ESP32 DevKit V1 (38-pin) (3.3V logic). RIGHT an A4988 Driver (Actuators & Motors). Connect EXACTLY these 5 wires and no others: STEP to GPIO4 (ORANGE); DIR to GPIO13 (ORANGE); VDD to 3V3 (RED); GND to GND (BLACK); MS1 to GPIO14 (ORANGE). Show these exact pin labels; do not invent or add any wire."
esp32__relay-module.png,"Realistic Fritzing-style hardware wiring diagram, flat vector product-illustration look, soft light-grey studio background, slight top-down angle, one microcontroller board on the LEFT and one module on the RIGHT connected by coloured jumper wires with correctly-spelled pin labels on both sides; wire colours RED=power BLACK=GND BLUE=I2C-SDA YELLOW=I2C-SCL GREEN=analog ORANGE=digital CYAN=UART PURPLE=SPI; 16:9 high resolution. Title ""ESP32 DevKit V1 (38-pin) + Relay Module"". LEFT an ESP32 DevKit V1 (38-pin) (3.3V logic). RIGHT a Relay Module (Actuators & Motors). Connect EXACTLY these 6 wires and no others: IN to GPIO4 (ORANGE); VCC to 3V3 (RED); GND to GND (BLACK); COM to GPIO13 (ORANGE); NO to GPIO14 (ORANGE); NC to GPIO25 (ORANGE). Show these exact pin labels; do not invent or add any wire."
esp32__water-pump.png,"Realistic Fritzing-style hardware wiring diagram, flat vector product-illustration look, soft light-grey studio background, slight top-down angle, one microcontroller board on the LEFT and one module on the RIGHT connected by coloured jumper wires with correctly-spelled pin labels on both sides; wire colours RED=power BLACK=GND BLUE=I2C-SDA YELLOW=I2C-SCL GREEN=analog ORANGE=digital CYAN=UART PURPLE=SPI; 16:9 high resolution. Title ""ESP32 DevKit V1 (38-pin) + Water Pump"". LEFT an ESP32 DevKit V1 (38-pin) (3.3V logic). RIGHT a Water Pump (Actuators & Motors). Connect EXACTLY these 2 wires and no others: + to 3V3 (RED); - to GND (BLACK). Show these exact pin labels; do not invent or add any wire."
esp32__servo-continuous.png,"Realistic Fritzing-style hardware wiring diagram, flat vector product-illustration look, soft light-grey studio background, slight top-down angle, one microcontroller board on the LEFT and one module on the RIGHT connected by coloured jumper wires with correctly-spelled pin labels on both sides; wire colours RED=power BLACK=GND BLUE=I2C-SDA YELLOW=I2C-SCL GREEN=analog ORANGE=digital CYAN=UART PURPLE=SPI; 16:9 high resolution. Title ""ESP32 DevKit V1 (38-pin) + Continuous Servo"". LEFT an ESP32 DevKit V1 (38-pin) (3.3V logic). RIGHT a Continuous Servo (Actuators & Motors). Connect EXACTLY these 3 wires and no others: Signal to GPIO4 (ORANGE); VCC to 3V3 (RED); GND to GND (BLACK). Show these exact pin labels; do not invent or add any wire."
esp32__buzzer.png,"Realistic Fritzing-style hardware wiring diagram, flat vector product-illustration look, soft light-grey studio background, slight top-down angle, one microcontroller board on the LEFT and one module on the RIGHT connected by coloured jumper wires with correctly-spelled pin labels on both sides; wire colours RED=power BLACK=GND BLUE=I2C-SDA YELLOW=I2C-SCL GREEN=analog ORANGE=digital CYAN=UART PURPLE=SPI; 16:9 high resolution. Title ""ESP32 DevKit V1 (38-pin) + Buzzer"". LEFT an ESP32 DevKit V1 (38-pin) (3.3V logic). RIGHT a Buzzer (Actuators & Motors). Connect EXACTLY these 2 wires and no others: + to 3V3 (RED); - to GND (BLACK). Show these exact pin labels; do not invent or add any wire."
esp32__lcd1602.png,"Realistic Fritzing-style hardware wiring diagram, flat vector product-illustration look, soft light-grey studio background, slight top-down angle, one microcontroller board on the LEFT and one module on the RIGHT connected by coloured jumper wires with correctly-spelled pin labels on both sides; wire colours RED=power BLACK=GND BLUE=I2C-SDA YELLOW=I2C-SCL GREEN=analog ORANGE=digital CYAN=UART PURPLE=SPI; 16:9 high resolution. Title ""ESP32 DevKit V1 (38-pin) + LCD 16×2"". LEFT an ESP32 DevKit V1 (38-pin) (3.3V logic). RIGHT a LCD 16×2 (Displays). Connect EXACTLY these 4 wires and no others: SDA to GPIO21 (SDA) (BLUE); SCL to GPIO22 (SCL) (YELLOW); VCC to 3V3 (RED); GND to GND (BLACK). Show these exact pin labels; do not invent or add any wire."
esp32__lcd2004.png,"Realistic Fritzing-style hardware wiring diagram, flat vector product-illustration look, soft light-grey studio background, slight top-down angle, one microcontroller board on the LEFT and one module on the RIGHT connected by coloured jumper wires with correctly-spelled pin labels on both sides; wire colours RED=power BLACK=GND BLUE=I2C-SDA YELLOW=I2C-SCL GREEN=analog ORANGE=digital CYAN=UART PURPLE=SPI; 16:9 high resolution. Title ""ESP32 DevKit V1 (38-pin) + LCD 20×4"". LEFT an ESP32 DevKit V1 (38-pin) (3.3V logic). RIGHT a LCD 20×4 (Displays). Connect EXACTLY these 4 wires and no others: SDA to GPIO21 (SDA) (BLUE); SCL to GPIO22 (SCL) (YELLOW); VCC to 3V3 (RED); GND to GND (BLACK). Show these exact pin labels; do not invent or add any wire."
esp32__oled.png,"Realistic Fritzing-style hardware wiring diagram, flat vector product-illustration look, soft light-grey studio background, slight top-down angle, one microcontroller board on the LEFT and one module on the RIGHT connected by coloured jumper wires with correctly-spelled pin labels on both sides; wire colours RED=power BLACK=GND BLUE=I2C-SDA YELLOW=I2C-SCL GREEN=analog ORANGE=digital CYAN=UART PURPLE=SPI; 16:9 high resolution. Title ""ESP32 DevKit V1 (38-pin) + OLED 0.96"" (SSD1306)"". LEFT an ESP32 DevKit V1 (38-pin) (3.3V logic). RIGHT an OLED 0.96"" (SSD1306) (Displays). Connect EXACTLY these 4 wires and no others: SDA to GPIO21 (SDA) (BLUE); SCL to GPIO22 (SCL) (YELLOW); VCC to 3V3 (RED); GND to GND (BLACK). Show these exact pin labels; do not invent or add any wire."
esp32__tft.png,"Realistic Fritzing-style hardware wiring diagram, flat vector product-illustration look, soft light-grey studio background, slight top-down angle, one microcontroller board on the LEFT and one module on the RIGHT connected by coloured jumper wires with correctly-spelled pin labels on both sides; wire colours RED=power BLACK=GND BLUE=I2C-SDA YELLOW=I2C-SCL GREEN=analog ORANGE=digital CYAN=UART PURPLE=SPI; 16:9 high resolution. Title ""ESP32 DevKit V1 (38-pin) + TFT Touch Display"". LEFT an ESP32 DevKit V1 (38-pin) (3.3V logic). RIGHT a TFT Touch Display (Displays). Connect EXACTLY these 9 wires and no others: SCK to GPIO18 (PURPLE); MOSI to GPIO23 (PURPLE); MISO to GPIO19 (PURPLE); CS to GPIO5 (PURPLE); DC to GPIO4 (ORANGE); T_CS to GPIO13 (ORANGE); T_IRQ to GPIO14 (ORANGE); VCC to 3V3 (RED); GND to GND (BLACK). Show these exact pin labels; do not invent or add any wire."
esp32__seven-seg.png,"Realistic Fritzing-style hardware wiring diagram, flat vector product-illustration look, soft light-grey studio background, slight top-down angle, one microcontroller board on the LEFT and one module on the RIGHT connected by coloured jumper wires with correctly-spelled pin labels on both sides; wire colours RED=power BLACK=GND BLUE=I2C-SDA YELLOW=I2C-SCL GREEN=analog ORANGE=digital CYAN=UART PURPLE=SPI; 16:9 high resolution. Title ""ESP32 DevKit V1 (38-pin) + 7-Segment Display"". LEFT an ESP32 DevKit V1 (38-pin) (3.3V logic). RIGHT a 7-Segment Display (Displays). Connect EXACTLY these 3 wires and no others: a–g to GPIO4 (ORANGE); dp to GPIO13 (ORANGE); GND to GND (BLACK). Show these exact pin labels; do not invent or add any wire."
esp32__led-matrix.png,"Realistic Fritzing-style hardware wiring diagram, flat vector product-illustration look, soft light-grey studio background, slight top-down angle, one microcontroller board on the LEFT and one module on the RIGHT connected by coloured jumper wires with correctly-spelled pin labels on both sides; wire colours RED=power BLACK=GND BLUE=I2C-SDA YELLOW=I2C-SCL GREEN=analog ORANGE=digital CYAN=UART PURPLE=SPI; 16:9 high resolution. Title ""ESP32 DevKit V1 (38-pin) + LED Matrix (MAX7219)"". LEFT an ESP32 DevKit V1 (38-pin) (3.3V logic). RIGHT a LED Matrix (MAX7219) (Displays). Connect EXACTLY these 5 wires and no others: DIN to GPIO23 (PURPLE); CS to GPIO5 (PURPLE); CLK to GPIO4 (ORANGE); VCC to 3V3 (RED); GND to GND (BLACK). Show these exact pin labels; do not invent or add any wire."
esp32__neopixel.png,"Realistic Fritzing-style hardware wiring diagram, flat vector product-illustration look, soft light-grey studio background, slight top-down angle, one microcontroller board on the LEFT and one module on the RIGHT connected by coloured jumper wires with correctly-spelled pin labels on both sides; wire colours RED=power BLACK=GND BLUE=I2C-SDA YELLOW=I2C-SCL GREEN=analog ORANGE=digital CYAN=UART PURPLE=SPI; 16:9 high resolution. Title ""ESP32 DevKit V1 (38-pin) + NeoPixel (WS2812)"". LEFT an ESP32 DevKit V1 (38-pin) (3.3V logic). RIGHT a NeoPixel (WS2812) (Displays). Connect EXACTLY these 3 wires and no others: DIN to GPIO23 (PURPLE); 5V to 3V3 (RED); GND to GND (BLACK). Show these exact pin labels; do not invent or add any wire."
esp32__epaper.png,"Realistic Fritzing-style hardware wiring diagram, flat vector product-illustration look, soft light-grey studio background, slight top-down angle, one microcontroller board on the LEFT and one module on the RIGHT connected by coloured jumper wires with correctly-spelled pin labels on both sides; wire colours RED=power BLACK=GND BLUE=I2C-SDA YELLOW=I2C-SCL GREEN=analog ORANGE=digital CYAN=UART PURPLE=SPI; 16:9 high resolution. Title ""ESP32 DevKit V1 (38-pin) + E-Paper Display"". LEFT an ESP32 DevKit V1 (38-pin) (3.3V logic). RIGHT an E-Paper Display (Displays). Connect EXACTLY these 8 wires and no others: SCK to GPIO18 (PURPLE); MOSI to GPIO23 (PURPLE); CS to GPIO5 (PURPLE); DC to GPIO4 (ORANGE); BUSY to GPIO13 (ORANGE); RST to GPIO14 (ORANGE); VCC to 3V3 (RED); GND to GND (BLACK). Show these exact pin labels; do not invent or add any wire."
esp32__hc05.png,"Realistic Fritzing-style hardware wiring diagram, flat vector product-illustration look, soft light-grey studio background, slight top-down angle, one microcontroller board on the LEFT and one module on the RIGHT connected by coloured jumper wires with correctly-spelled pin labels on both sides; wire colours RED=power BLACK=GND BLUE=I2C-SDA YELLOW=I2C-SCL GREEN=analog ORANGE=digital CYAN=UART PURPLE=SPI; 16:9 high resolution. Title ""ESP32 DevKit V1 (38-pin) + HC-05 Bluetooth"". LEFT an ESP32 DevKit V1 (38-pin) (3.3V logic). RIGHT a HC-05 Bluetooth (Connectivity). Connect EXACTLY these 6 wires and no others: RXD to GPIO4 (ORANGE); TXD to GPIO13 (ORANGE); VCC to 3V3 (RED); GND to GND (BLACK); EN to GPIO14 (ORANGE); KEY to GPIO25 (ORANGE). Show these exact pin labels; do not invent or add any wire."
esp32__ble.png,"Realistic Fritzing-style hardware wiring diagram, flat vector product-illustration look, soft light-grey studio background, slight top-down angle, one microcontroller board on the LEFT and one module on the RIGHT connected by coloured jumper wires with correctly-spelled pin labels on both sides; wire colours RED=power BLACK=GND BLUE=I2C-SDA YELLOW=I2C-SCL GREEN=analog ORANGE=digital CYAN=UART PURPLE=SPI; 16:9 high resolution. Title ""ESP32 DevKit V1 (38-pin) + BLE Module"". LEFT an ESP32 DevKit V1 (38-pin) (3.3V logic). RIGHT a BLE Module (Connectivity). Connect EXACTLY these 4 wires and no others: RXD to GPIO4 (ORANGE); TXD to GPIO13 (ORANGE); VCC to 3V3 (RED); GND to GND (BLACK). Show these exact pin labels; do not invent or add any wire."
esp32__nrf24.png,"Realistic Fritzing-style hardware wiring diagram, flat vector product-illustration look, soft light-grey studio background, slight top-down angle, one microcontroller board on the LEFT and one module on the RIGHT connected by coloured jumper wires with correctly-spelled pin labels on both sides; wire colours RED=power BLACK=GND BLUE=I2C-SDA YELLOW=I2C-SCL GREEN=analog ORANGE=digital CYAN=UART PURPLE=SPI; 16:9 high resolution. Title ""ESP32 DevKit V1 (38-pin) + nRF24L01"". LEFT an ESP32 DevKit V1 (38-pin) (3.3V logic). RIGHT a nRF24L01 (Connectivity). Connect EXACTLY these 7 wires and no others: SCK to GPIO18 (PURPLE); MOSI to GPIO23 (PURPLE); MISO to GPIO19 (PURPLE); CSN to GPIO4 (ORANGE); CE to GPIO5 (PURPLE); VCC to 3V3 (RED); GND to GND (BLACK). Show these exact pin labels; do not invent or add any wire."
esp32__lora.png,"Realistic Fritzing-style hardware wiring diagram, flat vector product-illustration look, soft light-grey studio background, slight top-down angle, one microcontroller board on the LEFT and one module on the RIGHT connected by coloured jumper wires with correctly-spelled pin labels on both sides; wire colours RED=power BLACK=GND BLUE=I2C-SDA YELLOW=I2C-SCL GREEN=analog ORANGE=digital CYAN=UART PURPLE=SPI; 16:9 high resolution. Title ""ESP32 DevKit V1 (38-pin) + LoRa Module"". LEFT an ESP32 DevKit V1 (38-pin) (3.3V logic). RIGHT a LoRa Module (Connectivity). Connect EXACTLY these 8 wires and no others: SCK to GPIO18 (PURPLE); MOSI to GPIO23 (PURPLE); MISO to GPIO19 (PURPLE); NSS to GPIO5 (PURPLE); DIO0 to GPIO4 (ORANGE); RST to GPIO13 (ORANGE); VCC to 3V3 (RED); GND to GND (BLACK). Show these exact pin labels; do not invent or add any wire."
esp32__sim800.png,"Realistic Fritzing-style hardware wiring diagram, flat vector product-illustration look, soft light-grey studio background, slight top-down angle, one microcontroller board on the LEFT and one module on the RIGHT connected by coloured jumper wires with correctly-spelled pin labels on both sides; wire colours RED=power BLACK=GND BLUE=I2C-SDA YELLOW=I2C-SCL GREEN=analog ORANGE=digital CYAN=UART PURPLE=SPI; 16:9 high resolution. Title ""ESP32 DevKit V1 (38-pin) + SIM800L GSM"". LEFT an ESP32 DevKit V1 (38-pin) (3.3V logic). RIGHT a SIM800L GSM (Connectivity). Connect EXACTLY these 4 wires and no others: RXD to GPIO4 (ORANGE); TXD to GPIO13 (ORANGE); VCC to 3V3 (RED); GND to GND (BLACK). Show these exact pin labels; do not invent or add any wire."
esp32__sim900.png,"Realistic Fritzing-style hardware wiring diagram, flat vector product-illustration look, soft light-grey studio background, slight top-down angle, one microcontroller board on the LEFT and one module on the RIGHT connected by coloured jumper wires with correctly-spelled pin labels on both sides; wire colours RED=power BLACK=GND BLUE=I2C-SDA YELLOW=I2C-SCL GREEN=analog ORANGE=digital CYAN=UART PURPLE=SPI; 16:9 high resolution. Title ""ESP32 DevKit V1 (38-pin) + SIM900 GSM"". LEFT an ESP32 DevKit V1 (38-pin) (3.3V logic). RIGHT a SIM900 GSM (Connectivity). Connect EXACTLY these 4 wires and no others: RXD to GPIO4 (ORANGE); TXD to GPIO13 (ORANGE); VCC 5V to 3V3 (RED); GND to GND (BLACK). Show these exact pin labels; do not invent or add any wire."
esp32__gps-neo6.png,"Realistic Fritzing-style hardware wiring diagram, flat vector product-illustration look, soft light-grey studio background, slight top-down angle, one microcontroller board on the LEFT and one module on the RIGHT connected by coloured jumper wires with correctly-spelled pin labels on both sides; wire colours RED=power BLACK=GND BLUE=I2C-SDA YELLOW=I2C-SCL GREEN=analog ORANGE=digital CYAN=UART PURPLE=SPI; 16:9 high resolution. Title ""ESP32 DevKit V1 (38-pin) + NEO-6M GPS"". LEFT an ESP32 DevKit V1 (38-pin) (3.3V logic). RIGHT a NEO-6M GPS (Connectivity). Connect EXACTLY these 4 wires and no others: RX to GPIO17 (TX2) (CYAN); TX to GPIO16 (RX2) (CYAN); VCC to 3V3 (RED); GND to GND (BLACK). Show these exact pin labels; do not invent or add any wire."
esp32__rfid-rc522.png,"Realistic Fritzing-style hardware wiring diagram, flat vector product-illustration look, soft light-grey studio background, slight top-down angle, one microcontroller board on the LEFT and one module on the RIGHT connected by coloured jumper wires with correctly-spelled pin labels on both sides; wire colours RED=power BLACK=GND BLUE=I2C-SDA YELLOW=I2C-SCL GREEN=analog ORANGE=digital CYAN=UART PURPLE=SPI; 16:9 high resolution. Title ""ESP32 DevKit V1 (38-pin) + RFID RC522"". LEFT an ESP32 DevKit V1 (38-pin) (3.3V logic). RIGHT a RFID RC522 (Connectivity). Connect EXACTLY these 7 wires and no others: SCK to GPIO18 (PURPLE); MOSI to GPIO23 (PURPLE); MISO to GPIO19 (PURPLE); SS to GPIO5 (PURPLE); RST to GPIO4 (ORANGE); VCC to 3V3 (RED); GND to GND (BLACK). Show these exact pin labels; do not invent or add any wire."
esp32__fingerprint-mod.png,"Realistic Fritzing-style hardware wiring diagram, flat vector product-illustration look, soft light-grey studio background, slight top-down angle, one microcontroller board on the LEFT and one module on the RIGHT connected by coloured jumper wires with correctly-spelled pin labels on both sides; wire colours RED=power BLACK=GND BLUE=I2C-SDA YELLOW=I2C-SCL GREEN=analog ORANGE=digital CYAN=UART PURPLE=SPI; 16:9 high resolution. Title ""ESP32 DevKit V1 (38-pin) + Fingerprint (R307)"". LEFT an ESP32 DevKit V1 (38-pin) (3.3V logic). RIGHT a Fingerprint (R307) (Connectivity). Connect EXACTLY these 4 wires and no others: TX to GPIO16 (RX2) (CYAN); RX to GPIO17 (TX2) (CYAN); VCC to 3V3 (RED); GND to GND (BLACK). Show these exact pin labels; do not invent or add any wire."
esp32__ethernet-mod.png,"Realistic Fritzing-style hardware wiring diagram, flat vector product-illustration look, soft light-grey studio background, slight top-down angle, one microcontroller board on the LEFT and one module on the RIGHT connected by coloured jumper wires with correctly-spelled pin labels on both sides; wire colours RED=power BLACK=GND BLUE=I2C-SDA YELLOW=I2C-SCL GREEN=analog ORANGE=digital CYAN=UART PURPLE=SPI; 16:9 high resolution. Title ""ESP32 DevKit V1 (38-pin) + Ethernet (W5100)"". LEFT an ESP32 DevKit V1 (38-pin) (3.3V logic). RIGHT an Ethernet (W5100) (Connectivity). Connect EXACTLY these 6 wires and no others: SCK to GPIO18 (PURPLE); MOSI to GPIO23 (PURPLE); MISO to GPIO19 (PURPLE); CS to GPIO5 (PURPLE); VCC to 3V3 (RED); GND to GND (BLACK). Show these exact pin labels; do not invent or add any wire."
esp32__led.png,"Realistic Fritzing-style hardware wiring diagram, flat vector product-illustration look, soft light-grey studio background, slight top-down angle, one microcontroller board on the LEFT and one module on the RIGHT connected by coloured jumper wires with correctly-spelled pin labels on both sides; wire colours RED=power BLACK=GND BLUE=I2C-SDA YELLOW=I2C-SCL GREEN=analog ORANGE=digital CYAN=UART PURPLE=SPI; 16:9 high resolution. Title ""ESP32 DevKit V1 (38-pin) + LED"". LEFT an ESP32 DevKit V1 (38-pin) (3.3V logic). RIGHT a LED (Passive & Discrete). Connect EXACTLY these 2 wires and no others: Anode to GPIO4 (ORANGE); GND to GND (BLACK). Show these exact pin labels; do not invent or add any wire."
esp32__potentiometer.png,"Realistic Fritzing-style hardware wiring diagram, flat vector product-illustration look, soft light-grey studio background, slight top-down angle, one microcontroller board on the LEFT and one module on the RIGHT connected by coloured jumper wires with correctly-spelled pin labels on both sides; wire colours RED=power BLACK=GND BLUE=I2C-SDA YELLOW=I2C-SCL GREEN=analog ORANGE=digital CYAN=UART PURPLE=SPI; 16:9 high resolution. Title ""ESP32 DevKit V1 (38-pin) + Potentiometer"". LEFT an ESP32 DevKit V1 (38-pin) (3.3V logic). RIGHT a Potentiometer (Passive & Discrete). Connect EXACTLY these 3 wires and no others: VCC to 3V3 (RED); GND to GND (BLACK); Wiper to GPIO34 (GREEN). Show these exact pin labels; do not invent or add any wire."
esp32__push-button.png,"Realistic Fritzing-style hardware wiring diagram, flat vector product-illustration look, soft light-grey studio background, slight top-down angle, one microcontroller board on the LEFT and one module on the RIGHT connected by coloured jumper wires with correctly-spelled pin labels on both sides; wire colours RED=power BLACK=GND BLUE=I2C-SDA YELLOW=I2C-SCL GREEN=analog ORANGE=digital CYAN=UART PURPLE=SPI; 16:9 high resolution. Title ""ESP32 DevKit V1 (38-pin) + Push Button"". LEFT an ESP32 DevKit V1 (38-pin) (3.3V logic). RIGHT a Push Button (Input / Output). Connect EXACTLY these 1 wires and no others: 4 legs to GPIO4 (ORANGE). Show these exact pin labels; do not invent or add any wire."
esp32__keypad.png,"Realistic Fritzing-style hardware wiring diagram, flat vector product-illustration look, soft light-grey studio background, slight top-down angle, one microcontroller board on the LEFT and one module on the RIGHT connected by coloured jumper wires with correctly-spelled pin labels on both sides; wire colours RED=power BLACK=GND BLUE=I2C-SDA YELLOW=I2C-SCL GREEN=analog ORANGE=digital CYAN=UART PURPLE=SPI; 16:9 high resolution. Title ""ESP32 DevKit V1 (38-pin) + Matrix Keypad 4×4"". LEFT an ESP32 DevKit V1 (38-pin) (3.3V logic). RIGHT a Matrix Keypad 4×4 (Input / Output). Connect EXACTLY these 1 wires and no others: 8 pins to GPIO4 (ORANGE). Show these exact pin labels; do not invent or add any wire."
esp32__joystick.png,"Realistic Fritzing-style hardware wiring diagram, flat vector product-illustration look, soft light-grey studio background, slight top-down angle, one microcontroller board on the LEFT and one module on the RIGHT connected by coloured jumper wires with correctly-spelled pin labels on both sides; wire colours RED=power BLACK=GND BLUE=I2C-SDA YELLOW=I2C-SCL GREEN=analog ORANGE=digital CYAN=UART PURPLE=SPI; 16:9 high resolution. Title ""ESP32 DevKit V1 (38-pin) + Joystick Module"". LEFT an ESP32 DevKit V1 (38-pin) (3.3V logic). RIGHT a Joystick Module (Input / Output). Connect EXACTLY these 5 wires and no others: VRx to GPIO4 (ORANGE); VRy to GPIO13 (ORANGE); SW to GPIO14 (ORANGE); VCC to 3V3 (RED); GND to GND (BLACK). Show these exact pin labels; do not invent or add any wire."
esp32__rotary-encoder.png,"Realistic Fritzing-style hardware wiring diagram, flat vector product-illustration look, soft light-grey studio background, slight top-down angle, one microcontroller board on the LEFT and one module on the RIGHT connected by coloured jumper wires with correctly-spelled pin labels on both sides; wire colours RED=power BLACK=GND BLUE=I2C-SDA YELLOW=I2C-SCL GREEN=analog ORANGE=digital CYAN=UART PURPLE=SPI; 16:9 high resolution. Title ""ESP32 DevKit V1 (38-pin) + Rotary Encoder"". LEFT an ESP32 DevKit V1 (38-pin) (3.3V logic). RIGHT a Rotary Encoder (Input / Output). Connect EXACTLY these 5 wires and no others: CLK to GPIO4 (ORANGE); DT to GPIO13 (ORANGE); SW to GPIO14 (ORANGE); VCC to 3V3 (RED); GND to GND (BLACK). Show these exact pin labels; do not invent or add any wire."
esp32__sd-module.png,"Realistic Fritzing-style hardware wiring diagram, flat vector product-illustration look, soft light-grey studio background, slight top-down angle, one microcontroller board on the LEFT and one module on the RIGHT connected by coloured jumper wires with correctly-spelled pin labels on both sides; wire colours RED=power BLACK=GND BLUE=I2C-SDA YELLOW=I2C-SCL GREEN=analog ORANGE=digital CYAN=UART PURPLE=SPI; 16:9 high resolution. Title ""ESP32 DevKit V1 (38-pin) + MicroSD Module"". LEFT an ESP32 DevKit V1 (38-pin) (3.3V logic). RIGHT a MicroSD Module (Input / Output). Connect EXACTLY these 6 wires and no others: SCK to GPIO18 (PURPLE); MOSI to GPIO23 (PURPLE); MISO to GPIO19 (PURPLE); CS to GPIO5 (PURPLE); VCC to 3V3 (RED); GND to GND (BLACK). Show these exact pin labels; do not invent or add any wire."
esp32__rtc.png,"Realistic Fritzing-style hardware wiring diagram, flat vector product-illustration look, soft light-grey studio background, slight top-down angle, one microcontroller board on the LEFT and one module on the RIGHT connected by coloured jumper wires with correctly-spelled pin labels on both sides; wire colours RED=power BLACK=GND BLUE=I2C-SDA YELLOW=I2C-SCL GREEN=analog ORANGE=digital CYAN=UART PURPLE=SPI; 16:9 high resolution. Title ""ESP32 DevKit V1 (38-pin) + RTC (DS3231)"". LEFT an ESP32 DevKit V1 (38-pin) (3.3V logic). RIGHT a RTC (DS3231) (Input / Output). Connect EXACTLY these 4 wires and no others: SDA to GPIO21 (SDA) (BLUE); SCL to GPIO22 (SCL) (YELLOW); VCC to 3V3 (RED); GND to GND (BLACK). Show these exact pin labels; do not invent or add any wire."
esp32__speaker.png,"Realistic Fritzing-style hardware wiring diagram, flat vector product-illustration look, soft light-grey studio background, slight top-down angle, one microcontroller board on the LEFT and one module on the RIGHT connected by coloured jumper wires with correctly-spelled pin labels on both sides; wire colours RED=power BLACK=GND BLUE=I2C-SDA YELLOW=I2C-SCL GREEN=analog ORANGE=digital CYAN=UART PURPLE=SPI; 16:9 high resolution. Title ""ESP32 DevKit V1 (38-pin) + Speaker / DFPlayer"". LEFT an ESP32 DevKit V1 (38-pin) (3.3V logic). RIGHT a Speaker / DFPlayer (Input / Output). Connect EXACTLY these 4 wires and no others: RX to GPIO17 (TX2) (CYAN); TX to GPIO16 (RX2) (CYAN); VCC to 3V3 (RED); GND to GND (BLACK). Show these exact pin labels; do not invent or add any wire."
esp32__imu-robot.png,"Realistic Fritzing-style hardware wiring diagram, flat vector product-illustration look, soft light-grey studio background, slight top-down angle, one microcontroller board on the LEFT and one module on the RIGHT connected by coloured jumper wires with correctly-spelled pin labels on both sides; wire colours RED=power BLACK=GND BLUE=I2C-SDA YELLOW=I2C-SCL GREEN=analog ORANGE=digital CYAN=UART PURPLE=SPI; 16:9 high resolution. Title ""ESP32 DevKit V1 (38-pin) + IMU / Balance"". LEFT an ESP32 DevKit V1 (38-pin) (3.3V logic). RIGHT an IMU / Balance (Robotics). Connect EXACTLY these 5 wires and no others: SDA to GPIO21 (SDA) (BLUE); SCL to GPIO22 (SCL) (YELLOW); INT to GPIO4 (ORANGE); VCC to 3V3 (RED); GND to GND (BLACK). Show these exact pin labels; do not invent or add any wire."
esp32__lidar-robot.png,"Realistic Fritzing-style hardware wiring diagram, flat vector product-illustration look, soft light-grey studio background, slight top-down angle, one microcontroller board on the LEFT and one module on the RIGHT connected by coloured jumper wires with correctly-spelled pin labels on both sides; wire colours RED=power BLACK=GND BLUE=I2C-SDA YELLOW=I2C-SCL GREEN=analog ORANGE=digital CYAN=UART PURPLE=SPI; 16:9 high resolution. Title ""ESP32 DevKit V1 (38-pin) + LiDAR Scanner"". LEFT an ESP32 DevKit V1 (38-pin) (3.3V logic). RIGHT a LiDAR Scanner (Robotics). Connect EXACTLY these 4 wires and no others: TX to GPIO16 (RX2) (CYAN); RX to GPIO17 (TX2) (CYAN); VCC to 3V3 (RED); GND to GND (BLACK). Show these exact pin labels; do not invent or add any wire."
esp32-cam__dht11.png,"Realistic Fritzing-style hardware wiring diagram, flat vector product-illustration look, soft light-grey studio background, slight top-down angle, one microcontroller board on the LEFT and one module on the RIGHT connected by coloured jumper wires with correctly-spelled pin labels on both sides; wire colours RED=power BLACK=GND BLUE=I2C-SDA YELLOW=I2C-SCL GREEN=analog ORANGE=digital CYAN=UART PURPLE=SPI; 16:9 high resolution. Title ""ESP32-CAM (AI-Thinker) + DHT11 / DHT22"". LEFT an ESP32-CAM (AI-Thinker) (3.3V logic). RIGHT a DHT11 / DHT22 (Sensors). Connect EXACTLY these 3 wires and no others: VCC to 5V (RED); DATA to GPIO13 (ORANGE); GND to GND (BLACK). Show these exact pin labels; do not invent or add any wire."
esp32-cam__ds18b20.png,"Realistic Fritzing-style hardware wiring diagram, flat vector product-illustration look, soft light-grey studio background, slight top-down angle, one microcontroller board on the LEFT and one module on the RIGHT connected by coloured jumper wires with correctly-spelled pin labels on both sides; wire colours RED=power BLACK=GND BLUE=I2C-SDA YELLOW=I2C-SCL GREEN=analog ORANGE=digital CYAN=UART PURPLE=SPI; 16:9 high resolution. Title ""ESP32-CAM (AI-Thinker) + DS18B20"". LEFT an ESP32-CAM (AI-Thinker) (3.3V logic). RIGHT a DS18B20 (Sensors). Connect EXACTLY these 3 wires and no others: VDD to 5V (RED); DQ to GPIO13 (ORANGE); GND to GND (BLACK). Show these exact pin labels; do not invent or add any wire."
esp32-cam__lm35.png,"Realistic Fritzing-style hardware wiring diagram, flat vector product-illustration look, soft light-grey studio background, slight top-down angle, one microcontroller board on the LEFT and one module on the RIGHT connected by coloured jumper wires with correctly-spelled pin labels on both sides; wire colours RED=power BLACK=GND BLUE=I2C-SDA YELLOW=I2C-SCL GREEN=analog ORANGE=digital CYAN=UART PURPLE=SPI; 16:9 high resolution. Title ""ESP32-CAM (AI-Thinker) + LM35"". LEFT an ESP32-CAM (AI-Thinker) (3.3V logic). RIGHT a LM35 (Sensors). Connect EXACTLY these 3 wires and no others: VCC to 5V (RED); OUT to GPIO12 (GREEN); GND to GND (BLACK). Show these exact pin labels; do not invent or add any wire."
esp32-cam__hc-sr04.png,"Realistic Fritzing-style hardware wiring diagram, flat vector product-illustration look, soft light-grey studio background, slight top-down angle, one microcontroller board on the LEFT and one module on the RIGHT connected by coloured jumper wires with correctly-spelled pin labels on both sides; wire colours RED=power BLACK=GND BLUE=I2C-SDA YELLOW=I2C-SCL GREEN=analog ORANGE=digital CYAN=UART PURPLE=SPI; 16:9 high resolution. Title ""ESP32-CAM (AI-Thinker) + HC-SR04"". LEFT an ESP32-CAM (AI-Thinker) (3.3V logic). RIGHT a HC-SR04 (Sensors). Connect EXACTLY these 4 wires and no others: VCC to 5V (RED); TRIG to GPIO13 (ORANGE); ECHO to GPIO12 (ORANGE); GND to GND (BLACK). Show these exact pin labels; do not invent or add any wire."
esp32-cam__pir.png,"Realistic Fritzing-style hardware wiring diagram, flat vector product-illustration look, soft light-grey studio background, slight top-down angle, one microcontroller board on the LEFT and one module on the RIGHT connected by coloured jumper wires with correctly-spelled pin labels on both sides; wire colours RED=power BLACK=GND BLUE=I2C-SDA YELLOW=I2C-SCL GREEN=analog ORANGE=digital CYAN=UART PURPLE=SPI; 16:9 high resolution. Title ""ESP32-CAM (AI-Thinker) + PIR Motion (HC-SR501)"". LEFT an ESP32-CAM (AI-Thinker) (3.3V logic). RIGHT a PIR Motion (HC-SR501) (Sensors). Connect EXACTLY these 3 wires and no others: VCC to 5V (RED); OUT to GPIO13 (ORANGE); GND to GND (BLACK). Show these exact pin labels; do not invent or add any wire."
esp32-cam__ldr.png,"Realistic Fritzing-style hardware wiring diagram, flat vector product-illustration look, soft light-grey studio background, slight top-down angle, one microcontroller board on the LEFT and one module on the RIGHT connected by coloured jumper wires with correctly-spelled pin labels on both sides; wire colours RED=power BLACK=GND BLUE=I2C-SDA YELLOW=I2C-SCL GREEN=analog ORANGE=digital CYAN=UART PURPLE=SPI; 16:9 high resolution. Title ""ESP32-CAM (AI-Thinker) + LDR (Photoresistor)"". LEFT an ESP32-CAM (AI-Thinker) (3.3V logic). RIGHT a LDR (Photoresistor) (Sensors). Connect EXACTLY these 3 wires and no others: VCC to 5V (RED); AO to GPIO12 (GREEN); GND to GND (BLACK). Show these exact pin labels; do not invent or add any wire."
esp32-cam__bh1750.png,"Realistic Fritzing-style hardware wiring diagram, flat vector product-illustration look, soft light-grey studio background, slight top-down angle, one microcontroller board on the LEFT and one module on the RIGHT connected by coloured jumper wires with correctly-spelled pin labels on both sides; wire colours RED=power BLACK=GND BLUE=I2C-SDA YELLOW=I2C-SCL GREEN=analog ORANGE=digital CYAN=UART PURPLE=SPI; 16:9 high resolution. Title ""ESP32-CAM (AI-Thinker) + BH1750"". LEFT an ESP32-CAM (AI-Thinker) (3.3V logic). RIGHT a BH1750 (Sensors). Connect EXACTLY these 5 wires and no others: VCC to 5V (RED); GND to GND (BLACK); SDA to GPIO15 (BLUE); SCL to GPIO14 (YELLOW); ADDR to GPIO13 (ORANGE). Show these exact pin labels; do not invent or add any wire."
esp32-cam__mq2.png,"Realistic Fritzing-style hardware wiring diagram, flat vector product-illustration look, soft light-grey studio background, slight top-down angle, one microcontroller board on the LEFT and one module on the RIGHT connected by coloured jumper wires with correctly-spelled pin labels on both sides; wire colours RED=power BLACK=GND BLUE=I2C-SDA YELLOW=I2C-SCL GREEN=analog ORANGE=digital CYAN=UART PURPLE=SPI; 16:9 high resolution. Title ""ESP32-CAM (AI-Thinker) + MQ-2 Gas"". LEFT an ESP32-CAM (AI-Thinker) (3.3V logic). RIGHT a MQ-2 Gas (Sensors). Connect EXACTLY these 4 wires and no others: VCC to 5V (RED); AO to GPIO12 (GREEN); DO to GPIO13 (ORANGE); GND to GND (BLACK). Show these exact pin labels; do not invent or add any wire."
esp32-cam__mq135.png,"Realistic Fritzing-style hardware wiring diagram, flat vector product-illustration look, soft light-grey studio background, slight top-down angle, one microcontroller board on the LEFT and one module on the RIGHT connected by coloured jumper wires with correctly-spelled pin labels on both sides; wire colours RED=power BLACK=GND BLUE=I2C-SDA YELLOW=I2C-SCL GREEN=analog ORANGE=digital CYAN=UART PURPLE=SPI; 16:9 high resolution. Title ""ESP32-CAM (AI-Thinker) + MQ-135 Air Quality"". LEFT an ESP32-CAM (AI-Thinker) (3.3V logic). RIGHT a MQ-135 Air Quality (Sensors). Connect EXACTLY these 4 wires and no others: VCC to 5V (RED); AO to GPIO12 (GREEN); DO to GPIO13 (ORANGE); GND to GND (BLACK). Show these exact pin labels; do not invent or add any wire."
esp32-cam__mq7.png,"Realistic Fritzing-style hardware wiring diagram, flat vector product-illustration look, soft light-grey studio background, slight top-down angle, one microcontroller board on the LEFT and one module on the RIGHT connected by coloured jumper wires with correctly-spelled pin labels on both sides; wire colours RED=power BLACK=GND BLUE=I2C-SDA YELLOW=I2C-SCL GREEN=analog ORANGE=digital CYAN=UART PURPLE=SPI; 16:9 high resolution. Title ""ESP32-CAM (AI-Thinker) + MQ-7 CO"". LEFT an ESP32-CAM (AI-Thinker) (3.3V logic). RIGHT a MQ-7 CO (Sensors). Connect EXACTLY these 4 wires and no others: VCC to 5V (RED); AO to GPIO12 (GREEN); DO to GPIO13 (ORANGE); GND to GND (BLACK). Show these exact pin labels; do not invent or add any wire."
esp32-cam__soil-moisture.png,"Realistic Fritzing-style hardware wiring diagram, flat vector product-illustration look, soft light-grey studio background, slight top-down angle, one microcontroller board on the LEFT and one module on the RIGHT connected by coloured jumper wires with correctly-spelled pin labels on both sides; wire colours RED=power BLACK=GND BLUE=I2C-SDA YELLOW=I2C-SCL GREEN=analog ORANGE=digital CYAN=UART PURPLE=SPI; 16:9 high resolution. Title ""ESP32-CAM (AI-Thinker) + Soil Moisture"". LEFT an ESP32-CAM (AI-Thinker) (3.3V logic). RIGHT a Soil Moisture (Sensors). Connect EXACTLY these 4 wires and no others: VCC to 5V (RED); AO to GPIO12 (GREEN); DO to GPIO13 (ORANGE); GND to GND (BLACK). Show these exact pin labels; do not invent or add any wire."
esp32-cam__rain-sensor.png,"Realistic Fritzing-style hardware wiring diagram, flat vector product-illustration look, soft light-grey studio background, slight top-down angle, one microcontroller board on the LEFT and one module on the RIGHT connected by coloured jumper wires with correctly-spelled pin labels on both sides; wire colours RED=power BLACK=GND BLUE=I2C-SDA YELLOW=I2C-SCL GREEN=analog ORANGE=digital CYAN=UART PURPLE=SPI; 16:9 high resolution. Title ""ESP32-CAM (AI-Thinker) + Rain Sensor"". LEFT an ESP32-CAM (AI-Thinker) (3.3V logic). RIGHT a Rain Sensor (Sensors). Connect EXACTLY these 4 wires and no others: VCC to 5V (RED); AO to GPIO12 (GREEN); DO to GPIO13 (ORANGE); GND to GND (BLACK). Show these exact pin labels; do not invent or add any wire."
esp32-cam__water-level.png,"Realistic Fritzing-style hardware wiring diagram, flat vector product-illustration look, soft light-grey studio background, slight top-down angle, one microcontroller board on the LEFT and one module on the RIGHT connected by coloured jumper wires with correctly-spelled pin labels on both sides; wire colours RED=power BLACK=GND BLUE=I2C-SDA YELLOW=I2C-SCL GREEN=analog ORANGE=digital CYAN=UART PURPLE=SPI; 16:9 high resolution. Title ""ESP32-CAM (AI-Thinker) + Water Level Sensor"". LEFT an ESP32-CAM (AI-Thinker) (3.3V logic). RIGHT a Water Level Sensor (Sensors). Connect EXACTLY these 3 wires and no others: + to 5V (RED); S to GPIO12 (GREEN); - to GND (BLACK). Show these exact pin labels; do not invent or add any wire."
esp32-cam__flow-sensor.png,"Realistic Fritzing-style hardware wiring diagram, flat vector product-illustration look, soft light-grey studio background, slight top-down angle, one microcontroller board on the LEFT and one module on the RIGHT connected by coloured jumper wires with correctly-spelled pin labels on both sides; wire colours RED=power BLACK=GND BLUE=I2C-SDA YELLOW=I2C-SCL GREEN=analog ORANGE=digital CYAN=UART PURPLE=SPI; 16:9 high resolution. Title ""ESP32-CAM (AI-Thinker) + Water Flow (YF-S201)"". LEFT an ESP32-CAM (AI-Thinker) (3.3V logic). RIGHT a Water Flow (YF-S201) (Sensors). Connect EXACTLY these 3 wires and no others: VCC to 5V (RED); SIGNAL to GPIO13 (ORANGE); GND to GND (BLACK). Show these exact pin labels; do not invent or add any wire."
esp32-cam__flame-sensor.png,"Realistic Fritzing-style hardware wiring diagram, flat vector product-illustration look, soft light-grey studio background, slight top-down angle, one microcontroller board on the LEFT and one module on the RIGHT connected by coloured jumper wires with correctly-spelled pin labels on both sides; wire colours RED=power BLACK=GND BLUE=I2C-SDA YELLOW=I2C-SCL GREEN=analog ORANGE=digital CYAN=UART PURPLE=SPI; 16:9 high resolution. Title ""ESP32-CAM (AI-Thinker) + Flame Sensor"". LEFT an ESP32-CAM (AI-Thinker) (3.3V logic). RIGHT a Flame Sensor (Sensors). Connect EXACTLY these 4 wires and no others: VCC to 5V (RED); AO to GPIO12 (GREEN); DO to GPIO13 (ORANGE); GND to GND (BLACK). Show these exact pin labels; do not invent or add any wire."
esp32-cam__mpu6050.png,"Realistic Fritzing-style hardware wiring diagram, flat vector product-illustration look, soft light-grey studio background, slight top-down angle, one microcontroller board on the LEFT and one module on the RIGHT connected by coloured jumper wires with correctly-spelled pin labels on both sides; wire colours RED=power BLACK=GND BLUE=I2C-SDA YELLOW=I2C-SCL GREEN=analog ORANGE=digital CYAN=UART PURPLE=SPI; 16:9 high resolution. Title ""ESP32-CAM (AI-Thinker) + MPU-6050 IMU"". LEFT an ESP32-CAM (AI-Thinker) (3.3V logic). RIGHT a MPU-6050 IMU (Sensors). Connect EXACTLY these 5 wires and no others: VCC to 5V (RED); SDA to GPIO15 (BLUE); SCL to GPIO14 (YELLOW); INT to GPIO13 (ORANGE); GND to GND (BLACK). Show these exact pin labels; do not invent or add any wire."
esp32-cam__hmc5883l.png,"Realistic Fritzing-style hardware wiring diagram, flat vector product-illustration look, soft light-grey studio background, slight top-down angle, one microcontroller board on the LEFT and one module on the RIGHT connected by coloured jumper wires with correctly-spelled pin labels on both sides; wire colours RED=power BLACK=GND BLUE=I2C-SDA YELLOW=I2C-SCL GREEN=analog ORANGE=digital CYAN=UART PURPLE=SPI; 16:9 high resolution. Title ""ESP32-CAM (AI-Thinker) + HMC5883L"". LEFT an ESP32-CAM (AI-Thinker) (3.3V logic). RIGHT a HMC5883L (Sensors). Connect EXACTLY these 5 wires and no others: VCC to 5V (RED); SDA to GPIO15 (BLUE); SCL to GPIO14 (YELLOW); DRDY to GPIO13 (ORANGE); GND to GND (BLACK). Show these exact pin labels; do not invent or add any wire."
esp32-cam__bmp280.png,"Realistic Fritzing-style hardware wiring diagram, flat vector product-illustration look, soft light-grey studio background, slight top-down angle, one microcontroller board on the LEFT and one module on the RIGHT connected by coloured jumper wires with correctly-spelled pin labels on both sides; wire colours RED=power BLACK=GND BLUE=I2C-SDA YELLOW=I2C-SCL GREEN=analog ORANGE=digital CYAN=UART PURPLE=SPI; 16:9 high resolution. Title ""ESP32-CAM (AI-Thinker) + BMP280 / BME280"". LEFT an ESP32-CAM (AI-Thinker) (3.3V logic). RIGHT a BMP280 / BME280 (Sensors). Connect EXACTLY these 4 wires and no others: VCC to 5V (RED); SDA to GPIO15 (BLUE); SCL to GPIO14 (YELLOW); GND to GND (BLACK). Show these exact pin labels; do not invent or add any wire."
esp32-cam__load-cell.png,"Realistic Fritzing-style hardware wiring diagram, flat vector product-illustration look, soft light-grey studio background, slight top-down angle, one microcontroller board on the LEFT and one module on the RIGHT connected by coloured jumper wires with correctly-spelled pin labels on both sides; wire colours RED=power BLACK=GND BLUE=I2C-SDA YELLOW=I2C-SCL GREEN=analog ORANGE=digital CYAN=UART PURPLE=SPI; 16:9 high resolution. Title ""ESP32-CAM (AI-Thinker) + Load Cell + HX711"". LEFT an ESP32-CAM (AI-Thinker) (3.3V logic). RIGHT a Load Cell + HX711 (Sensors). Connect EXACTLY these 4 wires and no others: DT to GPIO13 (ORANGE); CLK to GPIO12 (ORANGE); VCC to 5V (RED); GND to GND (BLACK). Show these exact pin labels; do not invent or add any wire."
esp32-cam__ir-sensor.png,"Realistic Fritzing-style hardware wiring diagram, flat vector product-illustration look, soft light-grey studio background, slight top-down angle, one microcontroller board on the LEFT and one module on the RIGHT connected by coloured jumper wires with correctly-spelled pin labels on both sides; wire colours RED=power BLACK=GND BLUE=I2C-SDA YELLOW=I2C-SCL GREEN=analog ORANGE=digital CYAN=UART PURPLE=SPI; 16:9 high resolution. Title ""ESP32-CAM (AI-Thinker) + IR Obstacle Sensor"". LEFT an ESP32-CAM (AI-Thinker) (3.3V logic). RIGHT an IR Obstacle Sensor (Sensors). Connect EXACTLY these 3 wires and no others: VCC to 5V (RED); OUT to GPIO13 (ORANGE); GND to GND (BLACK). Show these exact pin labels; do not invent or add any wire."
esp32-cam__color-sensor.png,"Realistic Fritzing-style hardware wiring diagram, flat vector product-illustration look, soft light-grey studio background, slight top-down angle, one microcontroller board on the LEFT and one module on the RIGHT connected by coloured jumper wires with correctly-spelled pin labels on both sides; wire colours RED=power BLACK=GND BLUE=I2C-SDA YELLOW=I2C-SCL GREEN=analog ORANGE=digital CYAN=UART PURPLE=SPI; 16:9 high resolution. Title ""ESP32-CAM (AI-Thinker) + TCS3200 Color"". LEFT an ESP32-CAM (AI-Thinker) (3.3V logic). RIGHT a TCS3200 Color (Sensors). Connect EXACTLY these 4 wires and no others: VCC to 5V (RED); GND to GND (BLACK); S0–S3 to GPIO13 (ORANGE); OUT to GPIO12 (ORANGE). Show these exact pin labels; do not invent or add any wire."
esp32-cam__heart-rate.png,"Realistic Fritzing-style hardware wiring diagram, flat vector product-illustration look, soft light-grey studio background, slight top-down angle, one microcontroller board on the LEFT and one module on the RIGHT connected by coloured jumper wires with correctly-spelled pin labels on both sides; wire colours RED=power BLACK=GND BLUE=I2C-SDA YELLOW=I2C-SCL GREEN=analog ORANGE=digital CYAN=UART PURPLE=SPI; 16:9 high resolution. Title ""ESP32-CAM (AI-Thinker) + MAX30100 Pulse"". LEFT an ESP32-CAM (AI-Thinker) (3.3V logic). RIGHT a MAX30100 Pulse (Sensors). Connect EXACTLY these 5 wires and no others: VIN to 5V (RED); SDA to GPIO15 (BLUE); SCL to GPIO14 (YELLOW); INT to GPIO13 (ORANGE); GND to GND (BLACK). Show these exact pin labels; do not invent or add any wire."
esp32-cam__ph-sensor.png,"Realistic Fritzing-style hardware wiring diagram, flat vector product-illustration look, soft light-grey studio background, slight top-down angle, one microcontroller board on the LEFT and one module on the RIGHT connected by coloured jumper wires with correctly-spelled pin labels on both sides; wire colours RED=power BLACK=GND BLUE=I2C-SDA YELLOW=I2C-SCL GREEN=analog ORANGE=digital CYAN=UART PURPLE=SPI; 16:9 high resolution. Title ""ESP32-CAM (AI-Thinker) + pH Sensor"". LEFT an ESP32-CAM (AI-Thinker) (3.3V logic). RIGHT a pH Sensor (Sensors). Connect EXACTLY these 3 wires and no others: VCC to 5V (RED); GND to GND (BLACK); PO to GPIO12 (GREEN). Show these exact pin labels; do not invent or add any wire."
esp32-cam__current-sensor.png,"Realistic Fritzing-style hardware wiring diagram, flat vector product-illustration look, soft light-grey studio background, slight top-down angle, one microcontroller board on the LEFT and one module on the RIGHT connected by coloured jumper wires with correctly-spelled pin labels on both sides; wire colours RED=power BLACK=GND BLUE=I2C-SDA YELLOW=I2C-SCL GREEN=analog ORANGE=digital CYAN=UART PURPLE=SPI; 16:9 high resolution. Title ""ESP32-CAM (AI-Thinker) + ACS712 Current"". LEFT an ESP32-CAM (AI-Thinker) (3.3V logic). RIGHT an ACS712 Current (Sensors). Connect EXACTLY these 5 wires and no others: VCC to 5V (RED); GND to GND (BLACK); OUT to GPIO12 (GREEN); IP+ to GPIO13 (ORANGE); IP- to GPIO2 (ORANGE). Show these exact pin labels; do not invent or add any wire."
esp32-cam__voltage-sensor.png,"Realistic Fritzing-style hardware wiring diagram, flat vector product-illustration look, soft light-grey studio background, slight top-down angle, one microcontroller board on the LEFT and one module on the RIGHT connected by coloured jumper wires with correctly-spelled pin labels on both sides; wire colours RED=power BLACK=GND BLUE=I2C-SDA YELLOW=I2C-SCL GREEN=analog ORANGE=digital CYAN=UART PURPLE=SPI; 16:9 high resolution. Title ""ESP32-CAM (AI-Thinker) + Voltage Sensor"". LEFT an ESP32-CAM (AI-Thinker) (3.3V logic). RIGHT a Voltage Sensor (Sensors). Connect EXACTLY these 2 wires and no others: S to GPIO12 (GREEN); - to GND (BLACK). Show these exact pin labels; do not invent or add any wire."
esp32-cam__ir-flame-array.png,"Realistic Fritzing-style hardware wiring diagram, flat vector product-illustration look, soft light-grey studio background, slight top-down angle, one microcontroller board on the LEFT and one module on the RIGHT connected by coloured jumper wires with correctly-spelled pin labels on both sides; wire colours RED=power BLACK=GND BLUE=I2C-SDA YELLOW=I2C-SCL GREEN=analog ORANGE=digital CYAN=UART PURPLE=SPI; 16:9 high resolution. Title ""ESP32-CAM (AI-Thinker) + Vibration (SW-420)"". LEFT an ESP32-CAM (AI-Thinker) (3.3V logic). RIGHT a Vibration (SW-420) (Sensors). Connect EXACTLY these 3 wires and no others: VCC to 5V (RED); GND to GND (BLACK); DO to GPIO13 (ORANGE). Show these exact pin labels; do not invent or add any wire."
esp32-cam__lidar-sensor.png,"Realistic Fritzing-style hardware wiring diagram, flat vector product-illustration look, soft light-grey studio background, slight top-down angle, one microcontroller board on the LEFT and one module on the RIGHT connected by coloured jumper wires with correctly-spelled pin labels on both sides; wire colours RED=power BLACK=GND BLUE=I2C-SDA YELLOW=I2C-SCL GREEN=analog ORANGE=digital CYAN=UART PURPLE=SPI; 16:9 high resolution. Title ""ESP32-CAM (AI-Thinker) + LiDAR (TF-Luna)"". LEFT an ESP32-CAM (AI-Thinker) (3.3V logic). RIGHT a LiDAR (TF-Luna) (Sensors). Connect EXACTLY these 4 wires and no others: VCC to 5V (RED); RXD to GPIO13 (ORANGE); TXD to GPIO12 (ORANGE); GND to GND (BLACK). Show these exact pin labels; do not invent or add any wire."
esp32-cam__servo.png,"Realistic Fritzing-style hardware wiring diagram, flat vector product-illustration look, soft light-grey studio background, slight top-down angle, one microcontroller board on the LEFT and one module on the RIGHT connected by coloured jumper wires with correctly-spelled pin labels on both sides; wire colours RED=power BLACK=GND BLUE=I2C-SDA YELLOW=I2C-SCL GREEN=analog ORANGE=digital CYAN=UART PURPLE=SPI; 16:9 high resolution. Title ""ESP32-CAM (AI-Thinker) + Servo (SG90/MG996)"". LEFT an ESP32-CAM (AI-Thinker) (3.3V logic). RIGHT a Servo (SG90/MG996) (Actuators & Motors). Connect EXACTLY these 3 wires and no others: Signal to GPIO13 (ORANGE); VCC to 5V (RED); GND to GND (BLACK). Show these exact pin labels; do not invent or add any wire."
esp32-cam__stepper.png,"Realistic Fritzing-style hardware wiring diagram, flat vector product-illustration look, soft light-grey studio background, slight top-down angle, one microcontroller board on the LEFT and one module on the RIGHT connected by coloured jumper wires with correctly-spelled pin labels on both sides; wire colours RED=power BLACK=GND BLUE=I2C-SDA YELLOW=I2C-SCL GREEN=analog ORANGE=digital CYAN=UART PURPLE=SPI; 16:9 high resolution. Title ""ESP32-CAM (AI-Thinker) + Stepper (28BYJ-48)"". LEFT an ESP32-CAM (AI-Thinker) (3.3V logic). RIGHT a Stepper (28BYJ-48) (Actuators & Motors). Connect EXACTLY these 3 wires and no others: IN1–IN4 to GPIO13 (ORANGE); VCC to 5V (RED); GND to GND (BLACK). Show these exact pin labels; do not invent or add any wire."
esp32-cam__l298n.png,"Realistic Fritzing-style hardware wiring diagram, flat vector product-illustration look, soft light-grey studio background, slight top-down angle, one microcontroller board on the LEFT and one module on the RIGHT connected by coloured jumper wires with correctly-spelled pin labels on both sides; wire colours RED=power BLACK=GND BLUE=I2C-SDA YELLOW=I2C-SCL GREEN=analog ORANGE=digital CYAN=UART PURPLE=SPI; 16:9 high resolution. Title ""ESP32-CAM (AI-Thinker) + L298N Driver"". LEFT an ESP32-CAM (AI-Thinker) (3.3V logic). RIGHT a L298N Driver (Actuators & Motors). Connect EXACTLY these 5 wires and no others: IN1–IN4 to GPIO13 (ORANGE); ENA to GPIO12 (ORANGE); ENB to GPIO2 (ORANGE); 5V to 5V (RED); GND to GND (BLACK). Show these exact pin labels; do not invent or add any wire."
esp32-cam__l293d.png,"Realistic Fritzing-style hardware wiring diagram, flat vector product-illustration look, soft light-grey studio background, slight top-down angle, one microcontroller board on the LEFT and one module on the RIGHT connected by coloured jumper wires with correctly-spelled pin labels on both sides; wire colours RED=power BLACK=GND BLUE=I2C-SDA YELLOW=I2C-SCL GREEN=analog ORANGE=digital CYAN=UART PURPLE=SPI; 16:9 high resolution. Title ""ESP32-CAM (AI-Thinker) + L293D Driver"". LEFT an ESP32-CAM (AI-Thinker) (3.3V logic). RIGHT a L293D Driver (Actuators & Motors). Connect EXACTLY these 5 wires and no others: IN1–IN4 to GPIO13 (ORANGE); EN1 to GPIO12 (ORANGE); EN2 to GPIO2 (ORANGE); Vcc1 to 5V (RED); GND to GND (BLACK). Show these exact pin labels; do not invent or add any wire."
esp32-cam__a4988.png,"Realistic Fritzing-style hardware wiring diagram, flat vector product-illustration look, soft light-grey studio background, slight top-down angle, one microcontroller board on the LEFT and one module on the RIGHT connected by coloured jumper wires with correctly-spelled pin labels on both sides; wire colours RED=power BLACK=GND BLUE=I2C-SDA YELLOW=I2C-SCL GREEN=analog ORANGE=digital CYAN=UART PURPLE=SPI; 16:9 high resolution. Title ""ESP32-CAM (AI-Thinker) + A4988 Driver"". LEFT an ESP32-CAM (AI-Thinker) (3.3V logic). RIGHT an A4988 Driver (Actuators & Motors). Connect EXACTLY these 5 wires and no others: STEP to GPIO13 (ORANGE); DIR to GPIO12 (ORANGE); VDD to 5V (RED); GND to GND (BLACK); MS1 to GPIO2 (ORANGE). Show these exact pin labels; do not invent or add any wire."
esp32-cam__relay-module.png,"Realistic Fritzing-style hardware wiring diagram, flat vector product-illustration look, soft light-grey studio background, slight top-down angle, one microcontroller board on the LEFT and one module on the RIGHT connected by coloured jumper wires with correctly-spelled pin labels on both sides; wire colours RED=power BLACK=GND BLUE=I2C-SDA YELLOW=I2C-SCL GREEN=analog ORANGE=digital CYAN=UART PURPLE=SPI; 16:9 high resolution. Title ""ESP32-CAM (AI-Thinker) + Relay Module"". LEFT an ESP32-CAM (AI-Thinker) (3.3V logic). RIGHT a Relay Module (Actuators & Motors). Connect EXACTLY these 6 wires and no others: IN to GPIO13 (ORANGE); VCC to 5V (RED); GND to GND (BLACK); COM to GPIO12 (ORANGE); NO to GPIO2 (ORANGE); NC to GPIO16 (ORANGE). Show these exact pin labels; do not invent or add any wire."
esp32-cam__water-pump.png,"Realistic Fritzing-style hardware wiring diagram, flat vector product-illustration look, soft light-grey studio background, slight top-down angle, one microcontroller board on the LEFT and one module on the RIGHT connected by coloured jumper wires with correctly-spelled pin labels on both sides; wire colours RED=power BLACK=GND BLUE=I2C-SDA YELLOW=I2C-SCL GREEN=analog ORANGE=digital CYAN=UART PURPLE=SPI; 16:9 high resolution. Title ""ESP32-CAM (AI-Thinker) + Water Pump"". LEFT an ESP32-CAM (AI-Thinker) (3.3V logic). RIGHT a Water Pump (Actuators & Motors). Connect EXACTLY these 2 wires and no others: + to 5V (RED); - to GND (BLACK). Show these exact pin labels; do not invent or add any wire."
esp32-cam__servo-continuous.png,"Realistic Fritzing-style hardware wiring diagram, flat vector product-illustration look, soft light-grey studio background, slight top-down angle, one microcontroller board on the LEFT and one module on the RIGHT connected by coloured jumper wires with correctly-spelled pin labels on both sides; wire colours RED=power BLACK=GND BLUE=I2C-SDA YELLOW=I2C-SCL GREEN=analog ORANGE=digital CYAN=UART PURPLE=SPI; 16:9 high resolution. Title ""ESP32-CAM (AI-Thinker) + Continuous Servo"". LEFT an ESP32-CAM (AI-Thinker) (3.3V logic). RIGHT a Continuous Servo (Actuators & Motors). Connect EXACTLY these 3 wires and no others: Signal to GPIO13 (ORANGE); VCC to 5V (RED); GND to GND (BLACK). Show these exact pin labels; do not invent or add any wire."
esp32-cam__buzzer.png,"Realistic Fritzing-style hardware wiring diagram, flat vector product-illustration look, soft light-grey studio background, slight top-down angle, one microcontroller board on the LEFT and one module on the RIGHT connected by coloured jumper wires with correctly-spelled pin labels on both sides; wire colours RED=power BLACK=GND BLUE=I2C-SDA YELLOW=I2C-SCL GREEN=analog ORANGE=digital CYAN=UART PURPLE=SPI; 16:9 high resolution. Title ""ESP32-CAM (AI-Thinker) + Buzzer"". LEFT an ESP32-CAM (AI-Thinker) (3.3V logic). RIGHT a Buzzer (Actuators & Motors). Connect EXACTLY these 2 wires and no others: + to 5V (RED); - to GND (BLACK). Show these exact pin labels; do not invent or add any wire."
esp32-cam__lcd1602.png,"Realistic Fritzing-style hardware wiring diagram, flat vector product-illustration look, soft light-grey studio background, slight top-down angle, one microcontroller board on the LEFT and one module on the RIGHT connected by coloured jumper wires with correctly-spelled pin labels on both sides; wire colours RED=power BLACK=GND BLUE=I2C-SDA YELLOW=I2C-SCL GREEN=analog ORANGE=digital CYAN=UART PURPLE=SPI; 16:9 high resolution. Title ""ESP32-CAM (AI-Thinker) + LCD 16×2"". LEFT an ESP32-CAM (AI-Thinker) (3.3V logic). RIGHT a LCD 16×2 (Displays). Connect EXACTLY these 4 wires and no others: SDA to GPIO15 (BLUE); SCL to GPIO14 (YELLOW); VCC to 5V (RED); GND to GND (BLACK). Show these exact pin labels; do not invent or add any wire."
esp32-cam__lcd2004.png,"Realistic Fritzing-style hardware wiring diagram, flat vector product-illustration look, soft light-grey studio background, slight top-down angle, one microcontroller board on the LEFT and one module on the RIGHT connected by coloured jumper wires with correctly-spelled pin labels on both sides; wire colours RED=power BLACK=GND BLUE=I2C-SDA YELLOW=I2C-SCL GREEN=analog ORANGE=digital CYAN=UART PURPLE=SPI; 16:9 high resolution. Title ""ESP32-CAM (AI-Thinker) + LCD 20×4"". LEFT an ESP32-CAM (AI-Thinker) (3.3V logic). RIGHT a LCD 20×4 (Displays). Connect EXACTLY these 4 wires and no others: SDA to GPIO15 (BLUE); SCL to GPIO14 (YELLOW); VCC to 5V (RED); GND to GND (BLACK). Show these exact pin labels; do not invent or add any wire."
esp32-cam__oled.png,"Realistic Fritzing-style hardware wiring diagram, flat vector product-illustration look, soft light-grey studio background, slight top-down angle, one microcontroller board on the LEFT and one module on the RIGHT connected by coloured jumper wires with correctly-spelled pin labels on both sides; wire colours RED=power BLACK=GND BLUE=I2C-SDA YELLOW=I2C-SCL GREEN=analog ORANGE=digital CYAN=UART PURPLE=SPI; 16:9 high resolution. Title ""ESP32-CAM (AI-Thinker) + OLED 0.96"" (SSD1306)"". LEFT an ESP32-CAM (AI-Thinker) (3.3V logic). RIGHT an OLED 0.96"" (SSD1306) (Displays). Connect EXACTLY these 4 wires and no others: SDA to GPIO15 (BLUE); SCL to GPIO14 (YELLOW); VCC to 5V (RED); GND to GND (BLACK). Show these exact pin labels; do not invent or add any wire."
esp32-cam__tft.png,"Realistic Fritzing-style hardware wiring diagram, flat vector product-illustration look, soft light-grey studio background, slight top-down angle, one microcontroller board on the LEFT and one module on the RIGHT connected by coloured jumper wires with correctly-spelled pin labels on both sides; wire colours RED=power BLACK=GND BLUE=I2C-SDA YELLOW=I2C-SCL GREEN=analog ORANGE=digital CYAN=UART PURPLE=SPI; 16:9 high resolution. Title ""ESP32-CAM (AI-Thinker) + TFT Touch Display"". LEFT an ESP32-CAM (AI-Thinker) (3.3V logic). RIGHT a TFT Touch Display (Displays). Connect EXACTLY these 9 wires and no others: SCK to GPIO13 (PURPLE); MOSI to GPIO12 (PURPLE); MISO to GPIO2 (PURPLE); CS to GPIO16 (PURPLE); DC to no free pin (ORANGE); T_CS to no free pin (ORANGE); T_IRQ to no free pin (ORANGE); VCC to 5V (RED); GND to GND (BLACK). Show these exact pin labels; do not invent or add any wire."
esp32-cam__seven-seg.png,"Realistic Fritzing-style hardware wiring diagram, flat vector product-illustration look, soft light-grey studio background, slight top-down angle, one microcontroller board on the LEFT and one module on the RIGHT connected by coloured jumper wires with correctly-spelled pin labels on both sides; wire colours RED=power BLACK=GND BLUE=I2C-SDA YELLOW=I2C-SCL GREEN=analog ORANGE=digital CYAN=UART PURPLE=SPI; 16:9 high resolution. Title ""ESP32-CAM (AI-Thinker) + 7-Segment Display"". LEFT an ESP32-CAM (AI-Thinker) (3.3V logic). RIGHT a 7-Segment Display (Displays). Connect EXACTLY these 3 wires and no others: a–g to GPIO13 (ORANGE); dp to GPIO12 (ORANGE); GND to GND (BLACK). Show these exact pin labels; do not invent or add any wire."
esp32-cam__led-matrix.png,"Realistic Fritzing-style hardware wiring diagram, flat vector product-illustration look, soft light-grey studio background, slight top-down angle, one microcontroller board on the LEFT and one module on the RIGHT connected by coloured jumper wires with correctly-spelled pin labels on both sides; wire colours RED=power BLACK=GND BLUE=I2C-SDA YELLOW=I2C-SCL GREEN=analog ORANGE=digital CYAN=UART PURPLE=SPI; 16:9 high resolution. Title ""ESP32-CAM (AI-Thinker) + LED Matrix (MAX7219)"". LEFT an ESP32-CAM (AI-Thinker) (3.3V logic). RIGHT a LED Matrix (MAX7219) (Displays). Connect EXACTLY these 5 wires and no others: DIN to GPIO13 (PURPLE); CS to GPIO12 (PURPLE); CLK to GPIO2 (ORANGE); VCC to 5V (RED); GND to GND (BLACK). Show these exact pin labels; do not invent or add any wire."
esp32-cam__neopixel.png,"Realistic Fritzing-style hardware wiring diagram, flat vector product-illustration look, soft light-grey studio background, slight top-down angle, one microcontroller board on the LEFT and one module on the RIGHT connected by coloured jumper wires with correctly-spelled pin labels on both sides; wire colours RED=power BLACK=GND BLUE=I2C-SDA YELLOW=I2C-SCL GREEN=analog ORANGE=digital CYAN=UART PURPLE=SPI; 16:9 high resolution. Title ""ESP32-CAM (AI-Thinker) + NeoPixel (WS2812)"". LEFT an ESP32-CAM (AI-Thinker) (3.3V logic). RIGHT a NeoPixel (WS2812) (Displays). Connect EXACTLY these 3 wires and no others: DIN to GPIO13 (PURPLE); 5V to 5V (RED); GND to GND (BLACK). Show these exact pin labels; do not invent or add any wire."
esp32-cam__epaper.png,"Realistic Fritzing-style hardware wiring diagram, flat vector product-illustration look, soft light-grey studio background, slight top-down angle, one microcontroller board on the LEFT and one module on the RIGHT connected by coloured jumper wires with correctly-spelled pin labels on both sides; wire colours RED=power BLACK=GND BLUE=I2C-SDA YELLOW=I2C-SCL GREEN=analog ORANGE=digital CYAN=UART PURPLE=SPI; 16:9 high resolution. Title ""ESP32-CAM (AI-Thinker) + E-Paper Display"". LEFT an ESP32-CAM (AI-Thinker) (3.3V logic). RIGHT an E-Paper Display (Displays). Connect EXACTLY these 8 wires and no others: SCK to GPIO13 (PURPLE); MOSI to GPIO12 (PURPLE); CS to GPIO2 (PURPLE); DC to GPIO16 (ORANGE); BUSY to no free pin (ORANGE); RST to no free pin (ORANGE); VCC to 5V (RED); GND to GND (BLACK). Show these exact pin labels; do not invent or add any wire."
esp32-cam__hc05.png,"Realistic Fritzing-style hardware wiring diagram, flat vector product-illustration look, soft light-grey studio background, slight top-down angle, one microcontroller board on the LEFT and one module on the RIGHT connected by coloured jumper wires with correctly-spelled pin labels on both sides; wire colours RED=power BLACK=GND BLUE=I2C-SDA YELLOW=I2C-SCL GREEN=analog ORANGE=digital CYAN=UART PURPLE=SPI; 16:9 high resolution. Title ""ESP32-CAM (AI-Thinker) + HC-05 Bluetooth"". LEFT an ESP32-CAM (AI-Thinker) (3.3V logic). RIGHT a HC-05 Bluetooth (Connectivity). Connect EXACTLY these 6 wires and no others: RXD to GPIO13 (ORANGE); TXD to GPIO12 (ORANGE); VCC to 5V (RED); GND to GND (BLACK); EN to GPIO2 (ORANGE); KEY to GPIO16 (ORANGE). Show these exact pin labels; do not invent or add any wire."
esp32-cam__ble.png,"Realistic Fritzing-style hardware wiring diagram, flat vector product-illustration look, soft light-grey studio background, slight top-down angle, one microcontroller board on the LEFT and one module on the RIGHT connected by coloured jumper wires with correctly-spelled pin labels on both sides; wire colours RED=power BLACK=GND BLUE=I2C-SDA YELLOW=I2C-SCL GREEN=analog ORANGE=digital CYAN=UART PURPLE=SPI; 16:9 high resolution. Title ""ESP32-CAM (AI-Thinker) + BLE Module"". LEFT an ESP32-CAM (AI-Thinker) (3.3V logic). RIGHT a BLE Module (Connectivity). Connect EXACTLY these 4 wires and no others: RXD to GPIO13 (ORANGE); TXD to GPIO12 (ORANGE); VCC to 5V (RED); GND to GND (BLACK). Show these exact pin labels; do not invent or add any wire."
esp32-cam__nrf24.png,"Realistic Fritzing-style hardware wiring diagram, flat vector product-illustration look, soft light-grey studio background, slight top-down angle, one microcontroller board on the LEFT and one module on the RIGHT connected by coloured jumper wires with correctly-spelled pin labels on both sides; wire colours RED=power BLACK=GND BLUE=I2C-SDA YELLOW=I2C-SCL GREEN=analog ORANGE=digital CYAN=UART PURPLE=SPI; 16:9 high resolution. Title ""ESP32-CAM (AI-Thinker) + nRF24L01"". LEFT an ESP32-CAM (AI-Thinker) (3.3V logic). RIGHT a nRF24L01 (Connectivity). Connect EXACTLY these 7 wires and no others: SCK to GPIO13 (PURPLE); MOSI to GPIO12 (PURPLE); MISO to GPIO2 (PURPLE); CSN to GPIO16 (ORANGE); CE to no free pin (PURPLE); VCC to 5V (RED); GND to GND (BLACK). Show these exact pin labels; do not invent or add any wire."
esp32-cam__lora.png,"Realistic Fritzing-style hardware wiring diagram, flat vector product-illustration look, soft light-grey studio background, slight top-down angle, one microcontroller board on the LEFT and one module on the RIGHT connected by coloured jumper wires with correctly-spelled pin labels on both sides; wire colours RED=power BLACK=GND BLUE=I2C-SDA YELLOW=I2C-SCL GREEN=analog ORANGE=digital CYAN=UART PURPLE=SPI; 16:9 high resolution. Title ""ESP32-CAM (AI-Thinker) + LoRa Module"". LEFT an ESP32-CAM (AI-Thinker) (3.3V logic). RIGHT a LoRa Module (Connectivity). Connect EXACTLY these 8 wires and no others: SCK to GPIO13 (PURPLE); MOSI to GPIO12 (PURPLE); MISO to GPIO2 (PURPLE); NSS to GPIO16 (PURPLE); DIO0 to no free pin (ORANGE); RST to no free pin (ORANGE); VCC to 5V (RED); GND to GND (BLACK). Show these exact pin labels; do not invent or add any wire."
esp32-cam__sim800.png,"Realistic Fritzing-style hardware wiring diagram, flat vector product-illustration look, soft light-grey studio background, slight top-down angle, one microcontroller board on the LEFT and one module on the RIGHT connected by coloured jumper wires with correctly-spelled pin labels on both sides; wire colours RED=power BLACK=GND BLUE=I2C-SDA YELLOW=I2C-SCL GREEN=analog ORANGE=digital CYAN=UART PURPLE=SPI; 16:9 high resolution. Title ""ESP32-CAM (AI-Thinker) + SIM800L GSM"". LEFT an ESP32-CAM (AI-Thinker) (3.3V logic). RIGHT a SIM800L GSM (Connectivity). Connect EXACTLY these 4 wires and no others: RXD to GPIO13 (ORANGE); TXD to GPIO12 (ORANGE); VCC to 5V (RED); GND to GND (BLACK). Show these exact pin labels; do not invent or add any wire."
esp32-cam__sim900.png,"Realistic Fritzing-style hardware wiring diagram, flat vector product-illustration look, soft light-grey studio background, slight top-down angle, one microcontroller board on the LEFT and one module on the RIGHT connected by coloured jumper wires with correctly-spelled pin labels on both sides; wire colours RED=power BLACK=GND BLUE=I2C-SDA YELLOW=I2C-SCL GREEN=analog ORANGE=digital CYAN=UART PURPLE=SPI; 16:9 high resolution. Title ""ESP32-CAM (AI-Thinker) + SIM900 GSM"". LEFT an ESP32-CAM (AI-Thinker) (3.3V logic). RIGHT a SIM900 GSM (Connectivity). Connect EXACTLY these 4 wires and no others: RXD to GPIO13 (ORANGE); TXD to GPIO12 (ORANGE); VCC 5V to 5V (RED); GND to GND (BLACK). Show these exact pin labels; do not invent or add any wire."
esp32-cam__gps-neo6.png,"Realistic Fritzing-style hardware wiring diagram, flat vector product-illustration look, soft light-grey studio background, slight top-down angle, one microcontroller board on the LEFT and one module on the RIGHT connected by coloured jumper wires with correctly-spelled pin labels on both sides; wire colours RED=power BLACK=GND BLUE=I2C-SDA YELLOW=I2C-SCL GREEN=analog ORANGE=digital CYAN=UART PURPLE=SPI; 16:9 high resolution. Title ""ESP32-CAM (AI-Thinker) + NEO-6M GPS"". LEFT an ESP32-CAM (AI-Thinker) (3.3V logic). RIGHT a NEO-6M GPS (Connectivity). Connect EXACTLY these 4 wires and no others: RX to U0T (GPIO1) (CYAN); TX to U0R (GPIO3) (CYAN); VCC to 5V (RED); GND to GND (BLACK). Show these exact pin labels; do not invent or add any wire."
esp32-cam__rfid-rc522.png,"Realistic Fritzing-style hardware wiring diagram, flat vector product-illustration look, soft light-grey studio background, slight top-down angle, one microcontroller board on the LEFT and one module on the RIGHT connected by coloured jumper wires with correctly-spelled pin labels on both sides; wire colours RED=power BLACK=GND BLUE=I2C-SDA YELLOW=I2C-SCL GREEN=analog ORANGE=digital CYAN=UART PURPLE=SPI; 16:9 high resolution. Title ""ESP32-CAM (AI-Thinker) + RFID RC522"". LEFT an ESP32-CAM (AI-Thinker) (3.3V logic). RIGHT a RFID RC522 (Connectivity). Connect EXACTLY these 7 wires and no others: SCK to GPIO13 (PURPLE); MOSI to GPIO12 (PURPLE); MISO to GPIO2 (PURPLE); SS to GPIO16 (PURPLE); RST to no free pin (ORANGE); VCC to 5V (RED); GND to GND (BLACK). Show these exact pin labels; do not invent or add any wire."
esp32-cam__fingerprint-mod.png,"Realistic Fritzing-style hardware wiring diagram, flat vector product-illustration look, soft light-grey studio background, slight top-down angle, one microcontroller board on the LEFT and one module on the RIGHT connected by coloured jumper wires with correctly-spelled pin labels on both sides; wire colours RED=power BLACK=GND BLUE=I2C-SDA YELLOW=I2C-SCL GREEN=analog ORANGE=digital CYAN=UART PURPLE=SPI; 16:9 high resolution. Title ""ESP32-CAM (AI-Thinker) + Fingerprint (R307)"". LEFT an ESP32-CAM (AI-Thinker) (3.3V logic). RIGHT a Fingerprint (R307) (Connectivity). Connect EXACTLY these 4 wires and no others: TX to U0R (GPIO3) (CYAN); RX to U0T (GPIO1) (CYAN); VCC to 5V (RED); GND to GND (BLACK). Show these exact pin labels; do not invent or add any wire."
esp32-cam__ethernet-mod.png,"Realistic Fritzing-style hardware wiring diagram, flat vector product-illustration look, soft light-grey studio background, slight top-down angle, one microcontroller board on the LEFT and one module on the RIGHT connected by coloured jumper wires with correctly-spelled pin labels on both sides; wire colours RED=power BLACK=GND BLUE=I2C-SDA YELLOW=I2C-SCL GREEN=analog ORANGE=digital CYAN=UART PURPLE=SPI; 16:9 high resolution. Title ""ESP32-CAM (AI-Thinker) + Ethernet (W5100)"". LEFT an ESP32-CAM (AI-Thinker) (3.3V logic). RIGHT an Ethernet (W5100) (Connectivity). Connect EXACTLY these 6 wires and no others: SCK to GPIO13 (PURPLE); MOSI to GPIO12 (PURPLE); MISO to GPIO2 (PURPLE); CS to GPIO16 (PURPLE); VCC to 5V (RED); GND to GND (BLACK). Show these exact pin labels; do not invent or add any wire."
esp32-cam__led.png,"Realistic Fritzing-style hardware wiring diagram, flat vector product-illustration look, soft light-grey studio background, slight top-down angle, one microcontroller board on the LEFT and one module on the RIGHT connected by coloured jumper wires with correctly-spelled pin labels on both sides; wire colours RED=power BLACK=GND BLUE=I2C-SDA YELLOW=I2C-SCL GREEN=analog ORANGE=digital CYAN=UART PURPLE=SPI; 16:9 high resolution. Title ""ESP32-CAM (AI-Thinker) + LED"". LEFT an ESP32-CAM (AI-Thinker) (3.3V logic). RIGHT a LED (Passive & Discrete). Connect EXACTLY these 2 wires and no others: Anode to GPIO13 (ORANGE); GND to GND (BLACK). Show these exact pin labels; do not invent or add any wire."
esp32-cam__potentiometer.png,"Realistic Fritzing-style hardware wiring diagram, flat vector product-illustration look, soft light-grey studio background, slight top-down angle, one microcontroller board on the LEFT and one module on the RIGHT connected by coloured jumper wires with correctly-spelled pin labels on both sides; wire colours RED=power BLACK=GND BLUE=I2C-SDA YELLOW=I2C-SCL GREEN=analog ORANGE=digital CYAN=UART PURPLE=SPI; 16:9 high resolution. Title ""ESP32-CAM (AI-Thinker) + Potentiometer"". LEFT an ESP32-CAM (AI-Thinker) (3.3V logic). RIGHT a Potentiometer (Passive & Discrete). Connect EXACTLY these 3 wires and no others: VCC to 5V (RED); GND to GND (BLACK); Wiper to GPIO12 (GREEN). Show these exact pin labels; do not invent or add any wire."
esp32-cam__push-button.png,"Realistic Fritzing-style hardware wiring diagram, flat vector product-illustration look, soft light-grey studio background, slight top-down angle, one microcontroller board on the LEFT and one module on the RIGHT connected by coloured jumper wires with correctly-spelled pin labels on both sides; wire colours RED=power BLACK=GND BLUE=I2C-SDA YELLOW=I2C-SCL GREEN=analog ORANGE=digital CYAN=UART PURPLE=SPI; 16:9 high resolution. Title ""ESP32-CAM (AI-Thinker) + Push Button"". LEFT an ESP32-CAM (AI-Thinker) (3.3V logic). RIGHT a Push Button (Input / Output). Connect EXACTLY these 1 wires and no others: 4 legs to GPIO13 (ORANGE). Show these exact pin labels; do not invent or add any wire."
esp32-cam__keypad.png,"Realistic Fritzing-style hardware wiring diagram, flat vector product-illustration look, soft light-grey studio background, slight top-down angle, one microcontroller board on the LEFT and one module on the RIGHT connected by coloured jumper wires with correctly-spelled pin labels on both sides; wire colours RED=power BLACK=GND BLUE=I2C-SDA YELLOW=I2C-SCL GREEN=analog ORANGE=digital CYAN=UART PURPLE=SPI; 16:9 high resolution. Title ""ESP32-CAM (AI-Thinker) + Matrix Keypad 4×4"". LEFT an ESP32-CAM (AI-Thinker) (3.3V logic). RIGHT a Matrix Keypad 4×4 (Input / Output). Connect EXACTLY these 1 wires and no others: 8 pins to GPIO13 (ORANGE). Show these exact pin labels; do not invent or add any wire."
esp32-cam__joystick.png,"Realistic Fritzing-style hardware wiring diagram, flat vector product-illustration look, soft light-grey studio background, slight top-down angle, one microcontroller board on the LEFT and one module on the RIGHT connected by coloured jumper wires with correctly-spelled pin labels on both sides; wire colours RED=power BLACK=GND BLUE=I2C-SDA YELLOW=I2C-SCL GREEN=analog ORANGE=digital CYAN=UART PURPLE=SPI; 16:9 high resolution. Title ""ESP32-CAM (AI-Thinker) + Joystick Module"". LEFT an ESP32-CAM (AI-Thinker) (3.3V logic). RIGHT a Joystick Module (Input / Output). Connect EXACTLY these 5 wires and no others: VRx to GPIO13 (ORANGE); VRy to GPIO12 (ORANGE); SW to GPIO2 (ORANGE); VCC to 5V (RED); GND to GND (BLACK). Show these exact pin labels; do not invent or add any wire."
esp32-cam__rotary-encoder.png,"Realistic Fritzing-style hardware wiring diagram, flat vector product-illustration look, soft light-grey studio background, slight top-down angle, one microcontroller board on the LEFT and one module on the RIGHT connected by coloured jumper wires with correctly-spelled pin labels on both sides; wire colours RED=power BLACK=GND BLUE=I2C-SDA YELLOW=I2C-SCL GREEN=analog ORANGE=digital CYAN=UART PURPLE=SPI; 16:9 high resolution. Title ""ESP32-CAM (AI-Thinker) + Rotary Encoder"". LEFT an ESP32-CAM (AI-Thinker) (3.3V logic). RIGHT a Rotary Encoder (Input / Output). Connect EXACTLY these 5 wires and no others: CLK to GPIO13 (ORANGE); DT to GPIO12 (ORANGE); SW to GPIO2 (ORANGE); VCC to 5V (RED); GND to GND (BLACK). Show these exact pin labels; do not invent or add any wire."
esp32-cam__sd-module.png,"Realistic Fritzing-style hardware wiring diagram, flat vector product-illustration look, soft light-grey studio background, slight top-down angle, one microcontroller board on the LEFT and one module on the RIGHT connected by coloured jumper wires with correctly-spelled pin labels on both sides; wire colours RED=power BLACK=GND BLUE=I2C-SDA YELLOW=I2C-SCL GREEN=analog ORANGE=digital CYAN=UART PURPLE=SPI; 16:9 high resolution. Title ""ESP32-CAM (AI-Thinker) + MicroSD Module"". LEFT an ESP32-CAM (AI-Thinker) (3.3V logic). RIGHT a MicroSD Module (Input / Output). Connect EXACTLY these 6 wires and no others: SCK to GPIO13 (PURPLE); MOSI to GPIO12 (PURPLE); MISO to GPIO2 (PURPLE); CS to GPIO16 (PURPLE); VCC to 5V (RED); GND to GND (BLACK). Show these exact pin labels; do not invent or add any wire."
esp32-cam__rtc.png,"Realistic Fritzing-style hardware wiring diagram, flat vector product-illustration look, soft light-grey studio background, slight top-down angle, one microcontroller board on the LEFT and one module on the RIGHT connected by coloured jumper wires with correctly-spelled pin labels on both sides; wire colours RED=power BLACK=GND BLUE=I2C-SDA YELLOW=I2C-SCL GREEN=analog ORANGE=digital CYAN=UART PURPLE=SPI; 16:9 high resolution. Title ""ESP32-CAM (AI-Thinker) + RTC (DS3231)"". LEFT an ESP32-CAM (AI-Thinker) (3.3V logic). RIGHT a RTC (DS3231) (Input / Output). Connect EXACTLY these 4 wires and no others: SDA to GPIO15 (BLUE); SCL to GPIO14 (YELLOW); VCC to 5V (RED); GND to GND (BLACK). Show these exact pin labels; do not invent or add any wire."
esp32-cam__speaker.png,"Realistic Fritzing-style hardware wiring diagram, flat vector product-illustration look, soft light-grey studio background, slight top-down angle, one microcontroller board on the LEFT and one module on the RIGHT connected by coloured jumper wires with correctly-spelled pin labels on both sides; wire colours RED=power BLACK=GND BLUE=I2C-SDA YELLOW=I2C-SCL GREEN=analog ORANGE=digital CYAN=UART PURPLE=SPI; 16:9 high resolution. Title ""ESP32-CAM (AI-Thinker) + Speaker / DFPlayer"". LEFT an ESP32-CAM (AI-Thinker) (3.3V logic). RIGHT a Speaker / DFPlayer (Input / Output). Connect EXACTLY these 4 wires and no others: RX to U0T (GPIO1) (CYAN); TX to U0R (GPIO3) (CYAN); VCC to 5V (RED); GND to GND (BLACK). Show these exact pin labels; do not invent or add any wire."
esp32-cam__imu-robot.png,"Realistic Fritzing-style hardware wiring diagram, flat vector product-illustration look, soft light-grey studio background, slight top-down angle, one microcontroller board on the LEFT and one module on the RIGHT connected by coloured jumper wires with correctly-spelled pin labels on both sides; wire colours RED=power BLACK=GND BLUE=I2C-SDA YELLOW=I2C-SCL GREEN=analog ORANGE=digital CYAN=UART PURPLE=SPI; 16:9 high resolution. Title ""ESP32-CAM (AI-Thinker) + IMU / Balance"". LEFT an ESP32-CAM (AI-Thinker) (3.3V logic). RIGHT an IMU / Balance (Robotics). Connect EXACTLY these 5 wires and no others: SDA to GPIO15 (BLUE); SCL to GPIO14 (YELLOW); INT to GPIO13 (ORANGE); VCC to 5V (RED); GND to GND (BLACK). Show these exact pin labels; do not invent or add any wire."
esp32-cam__lidar-robot.png,"Realistic Fritzing-style hardware wiring diagram, flat vector product-illustration look, soft light-grey studio background, slight top-down angle, one microcontroller board on the LEFT and one module on the RIGHT connected by coloured jumper wires with correctly-spelled pin labels on both sides; wire colours RED=power BLACK=GND BLUE=I2C-SDA YELLOW=I2C-SCL GREEN=analog ORANGE=digital CYAN=UART PURPLE=SPI; 16:9 high resolution. Title ""ESP32-CAM (AI-Thinker) + LiDAR Scanner"". LEFT an ESP32-CAM (AI-Thinker) (3.3V logic). RIGHT a LiDAR Scanner (Robotics). Connect EXACTLY these 4 wires and no others: TX to U0R (GPIO3) (CYAN); RX to U0T (GPIO1) (CYAN); VCC to 5V (RED); GND to GND (BLACK). Show these exact pin labels; do not invent or add any wire."
esp8266__dht11.png,"Realistic Fritzing-style hardware wiring diagram, flat vector product-illustration look, soft light-grey studio background, slight top-down angle, one microcontroller board on the LEFT and one module on the RIGHT connected by coloured jumper wires with correctly-spelled pin labels on both sides; wire colours RED=power BLACK=GND BLUE=I2C-SDA YELLOW=I2C-SCL GREEN=analog ORANGE=digital CYAN=UART PURPLE=SPI; 16:9 high resolution. Title ""ESP8266 (ESP-12E) + DHT11 / DHT22"". LEFT an ESP8266 (ESP-12E) (3.3V logic). RIGHT a DHT11 / DHT22 (Sensors). Connect EXACTLY these 3 wires and no others: VCC to 3V3 (RED); DATA to GPIO14 (D5) (ORANGE); GND to GND (BLACK). Show these exact pin labels; do not invent or add any wire."
esp8266__ds18b20.png,"Realistic Fritzing-style hardware wiring diagram, flat vector product-illustration look, soft light-grey studio background, slight top-down angle, one microcontroller board on the LEFT and one module on the RIGHT connected by coloured jumper wires with correctly-spelled pin labels on both sides; wire colours RED=power BLACK=GND BLUE=I2C-SDA YELLOW=I2C-SCL GREEN=analog ORANGE=digital CYAN=UART PURPLE=SPI; 16:9 high resolution. Title ""ESP8266 (ESP-12E) + DS18B20"". LEFT an ESP8266 (ESP-12E) (3.3V logic). RIGHT a DS18B20 (Sensors). Connect EXACTLY these 3 wires and no others: VDD to 3V3 (RED); DQ to GPIO14 (D5) (ORANGE); GND to GND (BLACK). Show these exact pin labels; do not invent or add any wire."
esp8266__lm35.png,"Realistic Fritzing-style hardware wiring diagram, flat vector product-illustration look, soft light-grey studio background, slight top-down angle, one microcontroller board on the LEFT and one module on the RIGHT connected by coloured jumper wires with correctly-spelled pin labels on both sides; wire colours RED=power BLACK=GND BLUE=I2C-SDA YELLOW=I2C-SCL GREEN=analog ORANGE=digital CYAN=UART PURPLE=SPI; 16:9 high resolution. Title ""ESP8266 (ESP-12E) + LM35"". LEFT an ESP8266 (ESP-12E) (3.3V logic). RIGHT a LM35 (Sensors). Connect EXACTLY these 3 wires and no others: VCC to 3V3 (RED); OUT to A0 (0–1V) (GREEN); GND to GND (BLACK). Show these exact pin labels; do not invent or add any wire."
esp8266__hc-sr04.png,"Realistic Fritzing-style hardware wiring diagram, flat vector product-illustration look, soft light-grey studio background, slight top-down angle, one microcontroller board on the LEFT and one module on the RIGHT connected by coloured jumper wires with correctly-spelled pin labels on both sides; wire colours RED=power BLACK=GND BLUE=I2C-SDA YELLOW=I2C-SCL GREEN=analog ORANGE=digital CYAN=UART PURPLE=SPI; 16:9 high resolution. Title ""ESP8266 (ESP-12E) + HC-SR04"". LEFT an ESP8266 (ESP-12E) (3.3V logic). RIGHT a HC-SR04 (Sensors). Connect EXACTLY these 4 wires and no others: VCC to 3V3 (RED); TRIG to GPIO14 (D5) (ORANGE); ECHO to GPIO12 (D6) (ORANGE); GND to GND (BLACK). Show these exact pin labels; do not invent or add any wire."
esp8266__pir.png,"Realistic Fritzing-style hardware wiring diagram, flat vector product-illustration look, soft light-grey studio background, slight top-down angle, one microcontroller board on the LEFT and one module on the RIGHT connected by coloured jumper wires with correctly-spelled pin labels on both sides; wire colours RED=power BLACK=GND BLUE=I2C-SDA YELLOW=I2C-SCL GREEN=analog ORANGE=digital CYAN=UART PURPLE=SPI; 16:9 high resolution. Title ""ESP8266 (ESP-12E) + PIR Motion (HC-SR501)"". LEFT an ESP8266 (ESP-12E) (3.3V logic). RIGHT a PIR Motion (HC-SR501) (Sensors). Connect EXACTLY these 3 wires and no others: VCC to 3V3 (RED); OUT to GPIO14 (D5) (ORANGE); GND to GND (BLACK). Show these exact pin labels; do not invent or add any wire."
esp8266__ldr.png,"Realistic Fritzing-style hardware wiring diagram, flat vector product-illustration look, soft light-grey studio background, slight top-down angle, one microcontroller board on the LEFT and one module on the RIGHT connected by coloured jumper wires with correctly-spelled pin labels on both sides; wire colours RED=power BLACK=GND BLUE=I2C-SDA YELLOW=I2C-SCL GREEN=analog ORANGE=digital CYAN=UART PURPLE=SPI; 16:9 high resolution. Title ""ESP8266 (ESP-12E) + LDR (Photoresistor)"". LEFT an ESP8266 (ESP-12E) (3.3V logic). RIGHT a LDR (Photoresistor) (Sensors). Connect EXACTLY these 3 wires and no others: VCC to 3V3 (RED); AO to A0 (0–1V) (GREEN); GND to GND (BLACK). Show these exact pin labels; do not invent or add any wire."
esp8266__bh1750.png,"Realistic Fritzing-style hardware wiring diagram, flat vector product-illustration look, soft light-grey studio background, slight top-down angle, one microcontroller board on the LEFT and one module on the RIGHT connected by coloured jumper wires with correctly-spelled pin labels on both sides; wire colours RED=power BLACK=GND BLUE=I2C-SDA YELLOW=I2C-SCL GREEN=analog ORANGE=digital CYAN=UART PURPLE=SPI; 16:9 high resolution. Title ""ESP8266 (ESP-12E) + BH1750"". LEFT an ESP8266 (ESP-12E) (3.3V logic). RIGHT a BH1750 (Sensors). Connect EXACTLY these 5 wires and no others: VCC to 3V3 (RED); GND to GND (BLACK); SDA to GPIO4 (D2) (BLUE); SCL to GPIO5 (D1) (YELLOW); ADDR to GPIO14 (D5) (ORANGE). Show these exact pin labels; do not invent or add any wire."
esp8266__mq2.png,"Realistic Fritzing-style hardware wiring diagram, flat vector product-illustration look, soft light-grey studio background, slight top-down angle, one microcontroller board on the LEFT and one module on the RIGHT connected by coloured jumper wires with correctly-spelled pin labels on both sides; wire colours RED=power BLACK=GND BLUE=I2C-SDA YELLOW=I2C-SCL GREEN=analog ORANGE=digital CYAN=UART PURPLE=SPI; 16:9 high resolution. Title ""ESP8266 (ESP-12E) + MQ-2 Gas"". LEFT an ESP8266 (ESP-12E) (3.3V logic). RIGHT a MQ-2 Gas (Sensors). Connect EXACTLY these 4 wires and no others: VCC to 3V3 (RED); AO to A0 (0–1V) (GREEN); DO to GPIO14 (D5) (ORANGE); GND to GND (BLACK). Show these exact pin labels; do not invent or add any wire."
esp8266__mq135.png,"Realistic Fritzing-style hardware wiring diagram, flat vector product-illustration look, soft light-grey studio background, slight top-down angle, one microcontroller board on the LEFT and one module on the RIGHT connected by coloured jumper wires with correctly-spelled pin labels on both sides; wire colours RED=power BLACK=GND BLUE=I2C-SDA YELLOW=I2C-SCL GREEN=analog ORANGE=digital CYAN=UART PURPLE=SPI; 16:9 high resolution. Title ""ESP8266 (ESP-12E) + MQ-135 Air Quality"". LEFT an ESP8266 (ESP-12E) (3.3V logic). RIGHT a MQ-135 Air Quality (Sensors). Connect EXACTLY these 4 wires and no others: VCC to 3V3 (RED); AO to A0 (0–1V) (GREEN); DO to GPIO14 (D5) (ORANGE); GND to GND (BLACK). Show these exact pin labels; do not invent or add any wire."
esp8266__mq7.png,"Realistic Fritzing-style hardware wiring diagram, flat vector product-illustration look, soft light-grey studio background, slight top-down angle, one microcontroller board on the LEFT and one module on the RIGHT connected by coloured jumper wires with correctly-spelled pin labels on both sides; wire colours RED=power BLACK=GND BLUE=I2C-SDA YELLOW=I2C-SCL GREEN=analog ORANGE=digital CYAN=UART PURPLE=SPI; 16:9 high resolution. Title ""ESP8266 (ESP-12E) + MQ-7 CO"". LEFT an ESP8266 (ESP-12E) (3.3V logic). RIGHT a MQ-7 CO (Sensors). Connect EXACTLY these 4 wires and no others: VCC to 3V3 (RED); AO to A0 (0–1V) (GREEN); DO to GPIO14 (D5) (ORANGE); GND to GND (BLACK). Show these exact pin labels; do not invent or add any wire."
esp8266__soil-moisture.png,"Realistic Fritzing-style hardware wiring diagram, flat vector product-illustration look, soft light-grey studio background, slight top-down angle, one microcontroller board on the LEFT and one module on the RIGHT connected by coloured jumper wires with correctly-spelled pin labels on both sides; wire colours RED=power BLACK=GND BLUE=I2C-SDA YELLOW=I2C-SCL GREEN=analog ORANGE=digital CYAN=UART PURPLE=SPI; 16:9 high resolution. Title ""ESP8266 (ESP-12E) + Soil Moisture"". LEFT an ESP8266 (ESP-12E) (3.3V logic). RIGHT a Soil Moisture (Sensors). Connect EXACTLY these 4 wires and no others: VCC to 3V3 (RED); AO to A0 (0–1V) (GREEN); DO to GPIO14 (D5) (ORANGE); GND to GND (BLACK). Show these exact pin labels; do not invent or add any wire."
esp8266__rain-sensor.png,"Realistic Fritzing-style hardware wiring diagram, flat vector product-illustration look, soft light-grey studio background, slight top-down angle, one microcontroller board on the LEFT and one module on the RIGHT connected by coloured jumper wires with correctly-spelled pin labels on both sides; wire colours RED=power BLACK=GND BLUE=I2C-SDA YELLOW=I2C-SCL GREEN=analog ORANGE=digital CYAN=UART PURPLE=SPI; 16:9 high resolution. Title ""ESP8266 (ESP-12E) + Rain Sensor"". LEFT an ESP8266 (ESP-12E) (3.3V logic). RIGHT a Rain Sensor (Sensors). Connect EXACTLY these 4 wires and no others: VCC to 3V3 (RED); AO to A0 (0–1V) (GREEN); DO to GPIO14 (D5) (ORANGE); GND to GND (BLACK). Show these exact pin labels; do not invent or add any wire."
esp8266__water-level.png,"Realistic Fritzing-style hardware wiring diagram, flat vector product-illustration look, soft light-grey studio background, slight top-down angle, one microcontroller board on the LEFT and one module on the RIGHT connected by coloured jumper wires with correctly-spelled pin labels on both sides; wire colours RED=power BLACK=GND BLUE=I2C-SDA YELLOW=I2C-SCL GREEN=analog ORANGE=digital CYAN=UART PURPLE=SPI; 16:9 high resolution. Title ""ESP8266 (ESP-12E) + Water Level Sensor"". LEFT an ESP8266 (ESP-12E) (3.3V logic). RIGHT a Water Level Sensor (Sensors). Connect EXACTLY these 3 wires and no others: + to 3V3 (RED); S to A0 (0–1V) (GREEN); - to GND (BLACK). Show these exact pin labels; do not invent or add any wire."
esp8266__flow-sensor.png,"Realistic Fritzing-style hardware wiring diagram, flat vector product-illustration look, soft light-grey studio background, slight top-down angle, one microcontroller board on the LEFT and one module on the RIGHT connected by coloured jumper wires with correctly-spelled pin labels on both sides; wire colours RED=power BLACK=GND BLUE=I2C-SDA YELLOW=I2C-SCL GREEN=analog ORANGE=digital CYAN=UART PURPLE=SPI; 16:9 high resolution. Title ""ESP8266 (ESP-12E) + Water Flow (YF-S201)"". LEFT an ESP8266 (ESP-12E) (3.3V logic). RIGHT a Water Flow (YF-S201) (Sensors). Connect EXACTLY these 3 wires and no others: VCC to 3V3 (RED); SIGNAL to GPIO14 (D5) (ORANGE); GND to GND (BLACK). Show these exact pin labels; do not invent or add any wire."
esp8266__flame-sensor.png,"Realistic Fritzing-style hardware wiring diagram, flat vector product-illustration look, soft light-grey studio background, slight top-down angle, one microcontroller board on the LEFT and one module on the RIGHT connected by coloured jumper wires with correctly-spelled pin labels on both sides; wire colours RED=power BLACK=GND BLUE=I2C-SDA YELLOW=I2C-SCL GREEN=analog ORANGE=digital CYAN=UART PURPLE=SPI; 16:9 high resolution. Title ""ESP8266 (ESP-12E) + Flame Sensor"". LEFT an ESP8266 (ESP-12E) (3.3V logic). RIGHT a Flame Sensor (Sensors). Connect EXACTLY these 4 wires and no others: VCC to 3V3 (RED); AO to A0 (0–1V) (GREEN); DO to GPIO14 (D5) (ORANGE); GND to GND (BLACK). Show these exact pin labels; do not invent or add any wire."
esp8266__mpu6050.png,"Realistic Fritzing-style hardware wiring diagram, flat vector product-illustration look, soft light-grey studio background, slight top-down angle, one microcontroller board on the LEFT and one module on the RIGHT connected by coloured jumper wires with correctly-spelled pin labels on both sides; wire colours RED=power BLACK=GND BLUE=I2C-SDA YELLOW=I2C-SCL GREEN=analog ORANGE=digital CYAN=UART PURPLE=SPI; 16:9 high resolution. Title ""ESP8266 (ESP-12E) + MPU-6050 IMU"". LEFT an ESP8266 (ESP-12E) (3.3V logic). RIGHT a MPU-6050 IMU (Sensors). Connect EXACTLY these 5 wires and no others: VCC to 3V3 (RED); SDA to GPIO4 (D2) (BLUE); SCL to GPIO5 (D1) (YELLOW); INT to GPIO14 (D5) (ORANGE); GND to GND (BLACK). Show these exact pin labels; do not invent or add any wire."
esp8266__hmc5883l.png,"Realistic Fritzing-style hardware wiring diagram, flat vector product-illustration look, soft light-grey studio background, slight top-down angle, one microcontroller board on the LEFT and one module on the RIGHT connected by coloured jumper wires with correctly-spelled pin labels on both sides; wire colours RED=power BLACK=GND BLUE=I2C-SDA YELLOW=I2C-SCL GREEN=analog ORANGE=digital CYAN=UART PURPLE=SPI; 16:9 high resolution. Title ""ESP8266 (ESP-12E) + HMC5883L"". LEFT an ESP8266 (ESP-12E) (3.3V logic). RIGHT a HMC5883L (Sensors). Connect EXACTLY these 5 wires and no others: VCC to 3V3 (RED); SDA to GPIO4 (D2) (BLUE); SCL to GPIO5 (D1) (YELLOW); DRDY to GPIO14 (D5) (ORANGE); GND to GND (BLACK). Show these exact pin labels; do not invent or add any wire."
esp8266__bmp280.png,"Realistic Fritzing-style hardware wiring diagram, flat vector product-illustration look, soft light-grey studio background, slight top-down angle, one microcontroller board on the LEFT and one module on the RIGHT connected by coloured jumper wires with correctly-spelled pin labels on both sides; wire colours RED=power BLACK=GND BLUE=I2C-SDA YELLOW=I2C-SCL GREEN=analog ORANGE=digital CYAN=UART PURPLE=SPI; 16:9 high resolution. Title ""ESP8266 (ESP-12E) + BMP280 / BME280"". LEFT an ESP8266 (ESP-12E) (3.3V logic). RIGHT a BMP280 / BME280 (Sensors). Connect EXACTLY these 4 wires and no others: VCC to 3V3 (RED); SDA to GPIO4 (D2) (BLUE); SCL to GPIO5 (D1) (YELLOW); GND to GND (BLACK). Show these exact pin labels; do not invent or add any wire."
esp8266__load-cell.png,"Realistic Fritzing-style hardware wiring diagram, flat vector product-illustration look, soft light-grey studio background, slight top-down angle, one microcontroller board on the LEFT and one module on the RIGHT connected by coloured jumper wires with correctly-spelled pin labels on both sides; wire colours RED=power BLACK=GND BLUE=I2C-SDA YELLOW=I2C-SCL GREEN=analog ORANGE=digital CYAN=UART PURPLE=SPI; 16:9 high resolution. Title ""ESP8266 (ESP-12E) + Load Cell + HX711"". LEFT an ESP8266 (ESP-12E) (3.3V logic). RIGHT a Load Cell + HX711 (Sensors). Connect EXACTLY these 4 wires and no others: DT to GPIO14 (D5) (ORANGE); CLK to GPIO12 (D6) (ORANGE); VCC to 3V3 (RED); GND to GND (BLACK). Show these exact pin labels; do not invent or add any wire."
esp8266__ir-sensor.png,"Realistic Fritzing-style hardware wiring diagram, flat vector product-illustration look, soft light-grey studio background, slight top-down angle, one microcontroller board on the LEFT and one module on the RIGHT connected by coloured jumper wires with correctly-spelled pin labels on both sides; wire colours RED=power BLACK=GND BLUE=I2C-SDA YELLOW=I2C-SCL GREEN=analog ORANGE=digital CYAN=UART PURPLE=SPI; 16:9 high resolution. Title ""ESP8266 (ESP-12E) + IR Obstacle Sensor"". LEFT an ESP8266 (ESP-12E) (3.3V logic). RIGHT an IR Obstacle Sensor (Sensors). Connect EXACTLY these 3 wires and no others: VCC to 3V3 (RED); OUT to GPIO14 (D5) (ORANGE); GND to GND (BLACK). Show these exact pin labels; do not invent or add any wire."
esp8266__color-sensor.png,"Realistic Fritzing-style hardware wiring diagram, flat vector product-illustration look, soft light-grey studio background, slight top-down angle, one microcontroller board on the LEFT and one module on the RIGHT connected by coloured jumper wires with correctly-spelled pin labels on both sides; wire colours RED=power BLACK=GND BLUE=I2C-SDA YELLOW=I2C-SCL GREEN=analog ORANGE=digital CYAN=UART PURPLE=SPI; 16:9 high resolution. Title ""ESP8266 (ESP-12E) + TCS3200 Color"". LEFT an ESP8266 (ESP-12E) (3.3V logic). RIGHT a TCS3200 Color (Sensors). Connect EXACTLY these 4 wires and no others: VCC to 3V3 (RED); GND to GND (BLACK); S0–S3 to GPIO14 (D5) (ORANGE); OUT to GPIO12 (D6) (ORANGE). Show these exact pin labels; do not invent or add any wire."
esp8266__heart-rate.png,"Realistic Fritzing-style hardware wiring diagram, flat vector product-illustration look, soft light-grey studio background, slight top-down angle, one microcontroller board on the LEFT and one module on the RIGHT connected by coloured jumper wires with correctly-spelled pin labels on both sides; wire colours RED=power BLACK=GND BLUE=I2C-SDA YELLOW=I2C-SCL GREEN=analog ORANGE=digital CYAN=UART PURPLE=SPI; 16:9 high resolution. Title ""ESP8266 (ESP-12E) + MAX30100 Pulse"". LEFT an ESP8266 (ESP-12E) (3.3V logic). RIGHT a MAX30100 Pulse (Sensors). Connect EXACTLY these 5 wires and no others: VIN to 3V3 (RED); SDA to GPIO4 (D2) (BLUE); SCL to GPIO5 (D1) (YELLOW); INT to GPIO14 (D5) (ORANGE); GND to GND (BLACK). Show these exact pin labels; do not invent or add any wire."
esp8266__ph-sensor.png,"Realistic Fritzing-style hardware wiring diagram, flat vector product-illustration look, soft light-grey studio background, slight top-down angle, one microcontroller board on the LEFT and one module on the RIGHT connected by coloured jumper wires with correctly-spelled pin labels on both sides; wire colours RED=power BLACK=GND BLUE=I2C-SDA YELLOW=I2C-SCL GREEN=analog ORANGE=digital CYAN=UART PURPLE=SPI; 16:9 high resolution. Title ""ESP8266 (ESP-12E) + pH Sensor"". LEFT an ESP8266 (ESP-12E) (3.3V logic). RIGHT a pH Sensor (Sensors). Connect EXACTLY these 3 wires and no others: VCC to 3V3 (RED); GND to GND (BLACK); PO to A0 (0–1V) (GREEN). Show these exact pin labels; do not invent or add any wire."
esp8266__current-sensor.png,"Realistic Fritzing-style hardware wiring diagram, flat vector product-illustration look, soft light-grey studio background, slight top-down angle, one microcontroller board on the LEFT and one module on the RIGHT connected by coloured jumper wires with correctly-spelled pin labels on both sides; wire colours RED=power BLACK=GND BLUE=I2C-SDA YELLOW=I2C-SCL GREEN=analog ORANGE=digital CYAN=UART PURPLE=SPI; 16:9 high resolution. Title ""ESP8266 (ESP-12E) + ACS712 Current"". LEFT an ESP8266 (ESP-12E) (3.3V logic). RIGHT an ACS712 Current (Sensors). Connect EXACTLY these 5 wires and no others: VCC to 3V3 (RED); GND to GND (BLACK); OUT to A0 (0–1V) (GREEN); IP+ to GPIO14 (D5) (ORANGE); IP- to GPIO12 (D6) (ORANGE). Show these exact pin labels; do not invent or add any wire."
esp8266__voltage-sensor.png,"Realistic Fritzing-style hardware wiring diagram, flat vector product-illustration look, soft light-grey studio background, slight top-down angle, one microcontroller board on the LEFT and one module on the RIGHT connected by coloured jumper wires with correctly-spelled pin labels on both sides; wire colours RED=power BLACK=GND BLUE=I2C-SDA YELLOW=I2C-SCL GREEN=analog ORANGE=digital CYAN=UART PURPLE=SPI; 16:9 high resolution. Title ""ESP8266 (ESP-12E) + Voltage Sensor"". LEFT an ESP8266 (ESP-12E) (3.3V logic). RIGHT a Voltage Sensor (Sensors). Connect EXACTLY these 2 wires and no others: S to A0 (0–1V) (GREEN); - to GND (BLACK). Show these exact pin labels; do not invent or add any wire."
esp8266__ir-flame-array.png,"Realistic Fritzing-style hardware wiring diagram, flat vector product-illustration look, soft light-grey studio background, slight top-down angle, one microcontroller board on the LEFT and one module on the RIGHT connected by coloured jumper wires with correctly-spelled pin labels on both sides; wire colours RED=power BLACK=GND BLUE=I2C-SDA YELLOW=I2C-SCL GREEN=analog ORANGE=digital CYAN=UART PURPLE=SPI; 16:9 high resolution. Title ""ESP8266 (ESP-12E) + Vibration (SW-420)"". LEFT an ESP8266 (ESP-12E) (3.3V logic). RIGHT a Vibration (SW-420) (Sensors). Connect EXACTLY these 3 wires and no others: VCC to 3V3 (RED); GND to GND (BLACK); DO to GPIO14 (D5) (ORANGE). Show these exact pin labels; do not invent or add any wire."
esp8266__lidar-sensor.png,"Realistic Fritzing-style hardware wiring diagram, flat vector product-illustration look, soft light-grey studio background, slight top-down angle, one microcontroller board on the LEFT and one module on the RIGHT connected by coloured jumper wires with correctly-spelled pin labels on both sides; wire colours RED=power BLACK=GND BLUE=I2C-SDA YELLOW=I2C-SCL GREEN=analog ORANGE=digital CYAN=UART PURPLE=SPI; 16:9 high resolution. Title ""ESP8266 (ESP-12E) + LiDAR (TF-Luna)"". LEFT an ESP8266 (ESP-12E) (3.3V logic). RIGHT a LiDAR (TF-Luna) (Sensors). Connect EXACTLY these 4 wires and no others: VCC to 3V3 (RED); RXD to GPIO14 (D5) (ORANGE); TXD to GPIO12 (D6) (ORANGE); GND to GND (BLACK). Show these exact pin labels; do not invent or add any wire."
esp8266__servo.png,"Realistic Fritzing-style hardware wiring diagram, flat vector product-illustration look, soft light-grey studio background, slight top-down angle, one microcontroller board on the LEFT and one module on the RIGHT connected by coloured jumper wires with correctly-spelled pin labels on both sides; wire colours RED=power BLACK=GND BLUE=I2C-SDA YELLOW=I2C-SCL GREEN=analog ORANGE=digital CYAN=UART PURPLE=SPI; 16:9 high resolution. Title ""ESP8266 (ESP-12E) + Servo (SG90/MG996)"". LEFT an ESP8266 (ESP-12E) (3.3V logic). RIGHT a Servo (SG90/MG996) (Actuators & Motors). Connect EXACTLY these 3 wires and no others: Signal to GPIO14 (D5) (ORANGE); VCC to 3V3 (RED); GND to GND (BLACK). Show these exact pin labels; do not invent or add any wire."
esp8266__stepper.png,"Realistic Fritzing-style hardware wiring diagram, flat vector product-illustration look, soft light-grey studio background, slight top-down angle, one microcontroller board on the LEFT and one module on the RIGHT connected by coloured jumper wires with correctly-spelled pin labels on both sides; wire colours RED=power BLACK=GND BLUE=I2C-SDA YELLOW=I2C-SCL GREEN=analog ORANGE=digital CYAN=UART PURPLE=SPI; 16:9 high resolution. Title ""ESP8266 (ESP-12E) + Stepper (28BYJ-48)"". LEFT an ESP8266 (ESP-12E) (3.3V logic). RIGHT a Stepper (28BYJ-48) (Actuators & Motors). Connect EXACTLY these 3 wires and no others: IN1–IN4 to GPIO14 (D5) (ORANGE); VCC to 3V3 (RED); GND to GND (BLACK). Show these exact pin labels; do not invent or add any wire."
esp8266__l298n.png,"Realistic Fritzing-style hardware wiring diagram, flat vector product-illustration look, soft light-grey studio background, slight top-down angle, one microcontroller board on the LEFT and one module on the RIGHT connected by coloured jumper wires with correctly-spelled pin labels on both sides; wire colours RED=power BLACK=GND BLUE=I2C-SDA YELLOW=I2C-SCL GREEN=analog ORANGE=digital CYAN=UART PURPLE=SPI; 16:9 high resolution. Title ""ESP8266 (ESP-12E) + L298N Driver"". LEFT an ESP8266 (ESP-12E) (3.3V logic). RIGHT a L298N Driver (Actuators & Motors). Connect EXACTLY these 5 wires and no others: IN1–IN4 to GPIO14 (D5) (ORANGE); ENA to GPIO12 (D6) (ORANGE); ENB to GPIO13 (D7) (ORANGE); 5V to 3V3 (RED); GND to GND (BLACK). Show these exact pin labels; do not invent or add any wire."
esp8266__l293d.png,"Realistic Fritzing-style hardware wiring diagram, flat vector product-illustration look, soft light-grey studio background, slight top-down angle, one microcontroller board on the LEFT and one module on the RIGHT connected by coloured jumper wires with correctly-spelled pin labels on both sides; wire colours RED=power BLACK=GND BLUE=I2C-SDA YELLOW=I2C-SCL GREEN=analog ORANGE=digital CYAN=UART PURPLE=SPI; 16:9 high resolution. Title ""ESP8266 (ESP-12E) + L293D Driver"". LEFT an ESP8266 (ESP-12E) (3.3V logic). RIGHT a L293D Driver (Actuators & Motors). Connect EXACTLY these 5 wires and no others: IN1–IN4 to GPIO14 (D5) (ORANGE); EN1 to GPIO12 (D6) (ORANGE); EN2 to GPIO13 (D7) (ORANGE); Vcc1 to 3V3 (RED); GND to GND (BLACK). Show these exact pin labels; do not invent or add any wire."
esp8266__a4988.png,"Realistic Fritzing-style hardware wiring diagram, flat vector product-illustration look, soft light-grey studio background, slight top-down angle, one microcontroller board on the LEFT and one module on the RIGHT connected by coloured jumper wires with correctly-spelled pin labels on both sides; wire colours RED=power BLACK=GND BLUE=I2C-SDA YELLOW=I2C-SCL GREEN=analog ORANGE=digital CYAN=UART PURPLE=SPI; 16:9 high resolution. Title ""ESP8266 (ESP-12E) + A4988 Driver"". LEFT an ESP8266 (ESP-12E) (3.3V logic). RIGHT an A4988 Driver (Actuators & Motors). Connect EXACTLY these 5 wires and no others: STEP to GPIO14 (D5) (ORANGE); DIR to GPIO12 (D6) (ORANGE); VDD to 3V3 (RED); GND to GND (BLACK); MS1 to GPIO13 (D7) (ORANGE). Show these exact pin labels; do not invent or add any wire."
esp8266__relay-module.png,"Realistic Fritzing-style hardware wiring diagram, flat vector product-illustration look, soft light-grey studio background, slight top-down angle, one microcontroller board on the LEFT and one module on the RIGHT connected by coloured jumper wires with correctly-spelled pin labels on both sides; wire colours RED=power BLACK=GND BLUE=I2C-SDA YELLOW=I2C-SCL GREEN=analog ORANGE=digital CYAN=UART PURPLE=SPI; 16:9 high resolution. Title ""ESP8266 (ESP-12E) + Relay Module"". LEFT an ESP8266 (ESP-12E) (3.3V logic). RIGHT a Relay Module (Actuators & Motors). Connect EXACTLY these 6 wires and no others: IN to GPIO14 (D5) (ORANGE); VCC to 3V3 (RED); GND to GND (BLACK); COM to GPIO12 (D6) (ORANGE); NO to GPIO13 (D7) (ORANGE); NC to GPIO0 (D3) (ORANGE). Show these exact pin labels; do not invent or add any wire."
esp8266__water-pump.png,"Realistic Fritzing-style hardware wiring diagram, flat vector product-illustration look, soft light-grey studio background, slight top-down angle, one microcontroller board on the LEFT and one module on the RIGHT connected by coloured jumper wires with correctly-spelled pin labels on both sides; wire colours RED=power BLACK=GND BLUE=I2C-SDA YELLOW=I2C-SCL GREEN=analog ORANGE=digital CYAN=UART PURPLE=SPI; 16:9 high resolution. Title ""ESP8266 (ESP-12E) + Water Pump"". LEFT an ESP8266 (ESP-12E) (3.3V logic). RIGHT a Water Pump (Actuators & Motors). Connect EXACTLY these 2 wires and no others: + to 3V3 (RED); - to GND (BLACK). Show these exact pin labels; do not invent or add any wire."
esp8266__servo-continuous.png,"Realistic Fritzing-style hardware wiring diagram, flat vector product-illustration look, soft light-grey studio background, slight top-down angle, one microcontroller board on the LEFT and one module on the RIGHT connected by coloured jumper wires with correctly-spelled pin labels on both sides; wire colours RED=power BLACK=GND BLUE=I2C-SDA YELLOW=I2C-SCL GREEN=analog ORANGE=digital CYAN=UART PURPLE=SPI; 16:9 high resolution. Title ""ESP8266 (ESP-12E) + Continuous Servo"". LEFT an ESP8266 (ESP-12E) (3.3V logic). RIGHT a Continuous Servo (Actuators & Motors). Connect EXACTLY these 3 wires and no others: Signal to GPIO14 (D5) (ORANGE); VCC to 3V3 (RED); GND to GND (BLACK). Show these exact pin labels; do not invent or add any wire."
esp8266__buzzer.png,"Realistic Fritzing-style hardware wiring diagram, flat vector product-illustration look, soft light-grey studio background, slight top-down angle, one microcontroller board on the LEFT and one module on the RIGHT connected by coloured jumper wires with correctly-spelled pin labels on both sides; wire colours RED=power BLACK=GND BLUE=I2C-SDA YELLOW=I2C-SCL GREEN=analog ORANGE=digital CYAN=UART PURPLE=SPI; 16:9 high resolution. Title ""ESP8266 (ESP-12E) + Buzzer"". LEFT an ESP8266 (ESP-12E) (3.3V logic). RIGHT a Buzzer (Actuators & Motors). Connect EXACTLY these 2 wires and no others: + to 3V3 (RED); - to GND (BLACK). Show these exact pin labels; do not invent or add any wire."
esp8266__lcd1602.png,"Realistic Fritzing-style hardware wiring diagram, flat vector product-illustration look, soft light-grey studio background, slight top-down angle, one microcontroller board on the LEFT and one module on the RIGHT connected by coloured jumper wires with correctly-spelled pin labels on both sides; wire colours RED=power BLACK=GND BLUE=I2C-SDA YELLOW=I2C-SCL GREEN=analog ORANGE=digital CYAN=UART PURPLE=SPI; 16:9 high resolution. Title ""ESP8266 (ESP-12E) + LCD 16×2"". LEFT an ESP8266 (ESP-12E) (3.3V logic). RIGHT a LCD 16×2 (Displays). Connect EXACTLY these 4 wires and no others: SDA to GPIO4 (D2) (BLUE); SCL to GPIO5 (D1) (YELLOW); VCC to 3V3 (RED); GND to GND (BLACK). Show these exact pin labels; do not invent or add any wire."
esp8266__lcd2004.png,"Realistic Fritzing-style hardware wiring diagram, flat vector product-illustration look, soft light-grey studio background, slight top-down angle, one microcontroller board on the LEFT and one module on the RIGHT connected by coloured jumper wires with correctly-spelled pin labels on both sides; wire colours RED=power BLACK=GND BLUE=I2C-SDA YELLOW=I2C-SCL GREEN=analog ORANGE=digital CYAN=UART PURPLE=SPI; 16:9 high resolution. Title ""ESP8266 (ESP-12E) + LCD 20×4"". LEFT an ESP8266 (ESP-12E) (3.3V logic). RIGHT a LCD 20×4 (Displays). Connect EXACTLY these 4 wires and no others: SDA to GPIO4 (D2) (BLUE); SCL to GPIO5 (D1) (YELLOW); VCC to 3V3 (RED); GND to GND (BLACK). Show these exact pin labels; do not invent or add any wire."
esp8266__oled.png,"Realistic Fritzing-style hardware wiring diagram, flat vector product-illustration look, soft light-grey studio background, slight top-down angle, one microcontroller board on the LEFT and one module on the RIGHT connected by coloured jumper wires with correctly-spelled pin labels on both sides; wire colours RED=power BLACK=GND BLUE=I2C-SDA YELLOW=I2C-SCL GREEN=analog ORANGE=digital CYAN=UART PURPLE=SPI; 16:9 high resolution. Title ""ESP8266 (ESP-12E) + OLED 0.96"" (SSD1306)"". LEFT an ESP8266 (ESP-12E) (3.3V logic). RIGHT an OLED 0.96"" (SSD1306) (Displays). Connect EXACTLY these 4 wires and no others: SDA to GPIO4 (D2) (BLUE); SCL to GPIO5 (D1) (YELLOW); VCC to 3V3 (RED); GND to GND (BLACK). Show these exact pin labels; do not invent or add any wire."
esp8266__tft.png,"Realistic Fritzing-style hardware wiring diagram, flat vector product-illustration look, soft light-grey studio background, slight top-down angle, one microcontroller board on the LEFT and one module on the RIGHT connected by coloured jumper wires with correctly-spelled pin labels on both sides; wire colours RED=power BLACK=GND BLUE=I2C-SDA YELLOW=I2C-SCL GREEN=analog ORANGE=digital CYAN=UART PURPLE=SPI; 16:9 high resolution. Title ""ESP8266 (ESP-12E) + TFT Touch Display"". LEFT an ESP8266 (ESP-12E) (3.3V logic). RIGHT a TFT Touch Display (Displays). Connect EXACTLY these 9 wires and no others: SCK to GPIO14 (D5) (PURPLE); MOSI to GPIO13 (D7) (PURPLE); MISO to GPIO12 (D6) (PURPLE); CS to GPIO15 (D8) (PURPLE); DC to GPIO0 (D3) (ORANGE); T_CS to GPIO2 (D4) (ORANGE); T_IRQ to no free pin (ORANGE); VCC to 3V3 (RED); GND to GND (BLACK). Show these exact pin labels; do not invent or add any wire."
esp8266__seven-seg.png,"Realistic Fritzing-style hardware wiring diagram, flat vector product-illustration look, soft light-grey studio background, slight top-down angle, one microcontroller board on the LEFT and one module on the RIGHT connected by coloured jumper wires with correctly-spelled pin labels on both sides; wire colours RED=power BLACK=GND BLUE=I2C-SDA YELLOW=I2C-SCL GREEN=analog ORANGE=digital CYAN=UART PURPLE=SPI; 16:9 high resolution. Title ""ESP8266 (ESP-12E) + 7-Segment Display"". LEFT an ESP8266 (ESP-12E) (3.3V logic). RIGHT a 7-Segment Display (Displays). Connect EXACTLY these 3 wires and no others: a–g to GPIO14 (D5) (ORANGE); dp to GPIO12 (D6) (ORANGE); GND to GND (BLACK). Show these exact pin labels; do not invent or add any wire."
esp8266__led-matrix.png,"Realistic Fritzing-style hardware wiring diagram, flat vector product-illustration look, soft light-grey studio background, slight top-down angle, one microcontroller board on the LEFT and one module on the RIGHT connected by coloured jumper wires with correctly-spelled pin labels on both sides; wire colours RED=power BLACK=GND BLUE=I2C-SDA YELLOW=I2C-SCL GREEN=analog ORANGE=digital CYAN=UART PURPLE=SPI; 16:9 high resolution. Title ""ESP8266 (ESP-12E) + LED Matrix (MAX7219)"". LEFT an ESP8266 (ESP-12E) (3.3V logic). RIGHT a LED Matrix (MAX7219) (Displays). Connect EXACTLY these 5 wires and no others: DIN to GPIO13 (D7) (PURPLE); CS to GPIO15 (D8) (PURPLE); CLK to GPIO14 (D5) (ORANGE); VCC to 3V3 (RED); GND to GND (BLACK). Show these exact pin labels; do not invent or add any wire."
esp8266__neopixel.png,"Realistic Fritzing-style hardware wiring diagram, flat vector product-illustration look, soft light-grey studio background, slight top-down angle, one microcontroller board on the LEFT and one module on the RIGHT connected by coloured jumper wires with correctly-spelled pin labels on both sides; wire colours RED=power BLACK=GND BLUE=I2C-SDA YELLOW=I2C-SCL GREEN=analog ORANGE=digital CYAN=UART PURPLE=SPI; 16:9 high resolution. Title ""ESP8266 (ESP-12E) + NeoPixel (WS2812)"". LEFT an ESP8266 (ESP-12E) (3.3V logic). RIGHT a NeoPixel (WS2812) (Displays). Connect EXACTLY these 3 wires and no others: DIN to GPIO13 (D7) (PURPLE); 5V to 3V3 (RED); GND to GND (BLACK). Show these exact pin labels; do not invent or add any wire."
esp8266__epaper.png,"Realistic Fritzing-style hardware wiring diagram, flat vector product-illustration look, soft light-grey studio background, slight top-down angle, one microcontroller board on the LEFT and one module on the RIGHT connected by coloured jumper wires with correctly-spelled pin labels on both sides; wire colours RED=power BLACK=GND BLUE=I2C-SDA YELLOW=I2C-SCL GREEN=analog ORANGE=digital CYAN=UART PURPLE=SPI; 16:9 high resolution. Title ""ESP8266 (ESP-12E) + E-Paper Display"". LEFT an ESP8266 (ESP-12E) (3.3V logic). RIGHT an E-Paper Display (Displays). Connect EXACTLY these 8 wires and no others: SCK to GPIO14 (D5) (PURPLE); MOSI to GPIO13 (D7) (PURPLE); CS to GPIO15 (D8) (PURPLE); DC to GPIO12 (D6) (ORANGE); BUSY to GPIO0 (D3) (ORANGE); RST to GPIO2 (D4) (ORANGE); VCC to 3V3 (RED); GND to GND (BLACK). Show these exact pin labels; do not invent or add any wire."
esp8266__hc05.png,"Realistic Fritzing-style hardware wiring diagram, flat vector product-illustration look, soft light-grey studio background, slight top-down angle, one microcontroller board on the LEFT and one module on the RIGHT connected by coloured jumper wires with correctly-spelled pin labels on both sides; wire colours RED=power BLACK=GND BLUE=I2C-SDA YELLOW=I2C-SCL GREEN=analog ORANGE=digital CYAN=UART PURPLE=SPI; 16:9 high resolution. Title ""ESP8266 (ESP-12E) + HC-05 Bluetooth"". LEFT an ESP8266 (ESP-12E) (3.3V logic). RIGHT a HC-05 Bluetooth (Connectivity). Connect EXACTLY these 6 wires and no others: RXD to GPIO14 (D5) (ORANGE); TXD to GPIO12 (D6) (ORANGE); VCC to 3V3 (RED); GND to GND (BLACK); EN to GPIO13 (D7) (ORANGE); KEY to GPIO0 (D3) (ORANGE). Show these exact pin labels; do not invent or add any wire."
esp8266__ble.png,"Realistic Fritzing-style hardware wiring diagram, flat vector product-illustration look, soft light-grey studio background, slight top-down angle, one microcontroller board on the LEFT and one module on the RIGHT connected by coloured jumper wires with correctly-spelled pin labels on both sides; wire colours RED=power BLACK=GND BLUE=I2C-SDA YELLOW=I2C-SCL GREEN=analog ORANGE=digital CYAN=UART PURPLE=SPI; 16:9 high resolution. Title ""ESP8266 (ESP-12E) + BLE Module"". LEFT an ESP8266 (ESP-12E) (3.3V logic). RIGHT a BLE Module (Connectivity). Connect EXACTLY these 4 wires and no others: RXD to GPIO14 (D5) (ORANGE); TXD to GPIO12 (D6) (ORANGE); VCC to 3V3 (RED); GND to GND (BLACK). Show these exact pin labels; do not invent or add any wire."
esp8266__nrf24.png,"Realistic Fritzing-style hardware wiring diagram, flat vector product-illustration look, soft light-grey studio background, slight top-down angle, one microcontroller board on the LEFT and one module on the RIGHT connected by coloured jumper wires with correctly-spelled pin labels on both sides; wire colours RED=power BLACK=GND BLUE=I2C-SDA YELLOW=I2C-SCL GREEN=analog ORANGE=digital CYAN=UART PURPLE=SPI; 16:9 high resolution. Title ""ESP8266 (ESP-12E) + nRF24L01"". LEFT an ESP8266 (ESP-12E) (3.3V logic). RIGHT a nRF24L01 (Connectivity). Connect EXACTLY these 7 wires and no others: SCK to GPIO14 (D5) (PURPLE); MOSI to GPIO13 (D7) (PURPLE); MISO to GPIO12 (D6) (PURPLE); CSN to GPIO0 (D3) (ORANGE); CE to GPIO15 (D8) (PURPLE); VCC to 3V3 (RED); GND to GND (BLACK). Show these exact pin labels; do not invent or add any wire."
esp8266__lora.png,"Realistic Fritzing-style hardware wiring diagram, flat vector product-illustration look, soft light-grey studio background, slight top-down angle, one microcontroller board on the LEFT and one module on the RIGHT connected by coloured jumper wires with correctly-spelled pin labels on both sides; wire colours RED=power BLACK=GND BLUE=I2C-SDA YELLOW=I2C-SCL GREEN=analog ORANGE=digital CYAN=UART PURPLE=SPI; 16:9 high resolution. Title ""ESP8266 (ESP-12E) + LoRa Module"". LEFT an ESP8266 (ESP-12E) (3.3V logic). RIGHT a LoRa Module (Connectivity). Connect EXACTLY these 8 wires and no others: SCK to GPIO14 (D5) (PURPLE); MOSI to GPIO13 (D7) (PURPLE); MISO to GPIO12 (D6) (PURPLE); NSS to GPIO15 (D8) (PURPLE); DIO0 to GPIO0 (D3) (ORANGE); RST to GPIO2 (D4) (ORANGE); VCC to 3V3 (RED); GND to GND (BLACK). Show these exact pin labels; do not invent or add any wire."
esp8266__sim800.png,"Realistic Fritzing-style hardware wiring diagram, flat vector product-illustration look, soft light-grey studio background, slight top-down angle, one microcontroller board on the LEFT and one module on the RIGHT connected by coloured jumper wires with correctly-spelled pin labels on both sides; wire colours RED=power BLACK=GND BLUE=I2C-SDA YELLOW=I2C-SCL GREEN=analog ORANGE=digital CYAN=UART PURPLE=SPI; 16:9 high resolution. Title ""ESP8266 (ESP-12E) + SIM800L GSM"". LEFT an ESP8266 (ESP-12E) (3.3V logic). RIGHT a SIM800L GSM (Connectivity). Connect EXACTLY these 4 wires and no others: RXD to GPIO14 (D5) (ORANGE); TXD to GPIO12 (D6) (ORANGE); VCC to 3V3 (RED); GND to GND (BLACK). Show these exact pin labels; do not invent or add any wire."
esp8266__sim900.png,"Realistic Fritzing-style hardware wiring diagram, flat vector product-illustration look, soft light-grey studio background, slight top-down angle, one microcontroller board on the LEFT and one module on the RIGHT connected by coloured jumper wires with correctly-spelled pin labels on both sides; wire colours RED=power BLACK=GND BLUE=I2C-SDA YELLOW=I2C-SCL GREEN=analog ORANGE=digital CYAN=UART PURPLE=SPI; 16:9 high resolution. Title ""ESP8266 (ESP-12E) + SIM900 GSM"". LEFT an ESP8266 (ESP-12E) (3.3V logic). RIGHT a SIM900 GSM (Connectivity). Connect EXACTLY these 4 wires and no others: RXD to GPIO14 (D5) (ORANGE); TXD to GPIO12 (D6) (ORANGE); VCC 5V to 3V3 (RED); GND to GND (BLACK). Show these exact pin labels; do not invent or add any wire."
esp8266__gps-neo6.png,"Realistic Fritzing-style hardware wiring diagram, flat vector product-illustration look, soft light-grey studio background, slight top-down angle, one microcontroller board on the LEFT and one module on the RIGHT connected by coloured jumper wires with correctly-spelled pin labels on both sides; wire colours RED=power BLACK=GND BLUE=I2C-SDA YELLOW=I2C-SCL GREEN=analog ORANGE=digital CYAN=UART PURPLE=SPI; 16:9 high resolution. Title ""ESP8266 (ESP-12E) + NEO-6M GPS"". LEFT an ESP8266 (ESP-12E) (3.3V logic). RIGHT a NEO-6M GPS (Connectivity). Connect EXACTLY these 4 wires and no others: RX to GPIO1 (TX) (CYAN); TX to GPIO3 (RX) (CYAN); VCC to 3V3 (RED); GND to GND (BLACK). Show these exact pin labels; do not invent or add any wire."
esp8266__rfid-rc522.png,"Realistic Fritzing-style hardware wiring diagram, flat vector product-illustration look, soft light-grey studio background, slight top-down angle, one microcontroller board on the LEFT and one module on the RIGHT connected by coloured jumper wires with correctly-spelled pin labels on both sides; wire colours RED=power BLACK=GND BLUE=I2C-SDA YELLOW=I2C-SCL GREEN=analog ORANGE=digital CYAN=UART PURPLE=SPI; 16:9 high resolution. Title ""ESP8266 (ESP-12E) + RFID RC522"". LEFT an ESP8266 (ESP-12E) (3.3V logic). RIGHT a RFID RC522 (Connectivity). Connect EXACTLY these 7 wires and no others: SCK to GPIO14 (D5) (PURPLE); MOSI to GPIO13 (D7) (PURPLE); MISO to GPIO12 (D6) (PURPLE); SS to GPIO15 (D8) (PURPLE); RST to GPIO0 (D3) (ORANGE); VCC to 3V3 (RED); GND to GND (BLACK). Show these exact pin labels; do not invent or add any wire."
esp8266__fingerprint-mod.png,"Realistic Fritzing-style hardware wiring diagram, flat vector product-illustration look, soft light-grey studio background, slight top-down angle, one microcontroller board on the LEFT and one module on the RIGHT connected by coloured jumper wires with correctly-spelled pin labels on both sides; wire colours RED=power BLACK=GND BLUE=I2C-SDA YELLOW=I2C-SCL GREEN=analog ORANGE=digital CYAN=UART PURPLE=SPI; 16:9 high resolution. Title ""ESP8266 (ESP-12E) + Fingerprint (R307)"". LEFT an ESP8266 (ESP-12E) (3.3V logic). RIGHT a Fingerprint (R307) (Connectivity). Connect EXACTLY these 4 wires and no others: TX to GPIO3 (RX) (CYAN); RX to GPIO1 (TX) (CYAN); VCC to 3V3 (RED); GND to GND (BLACK). Show these exact pin labels; do not invent or add any wire."
esp8266__ethernet-mod.png,"Realistic Fritzing-style hardware wiring diagram, flat vector product-illustration look, soft light-grey studio background, slight top-down angle, one microcontroller board on the LEFT and one module on the RIGHT connected by coloured jumper wires with correctly-spelled pin labels on both sides; wire colours RED=power BLACK=GND BLUE=I2C-SDA YELLOW=I2C-SCL GREEN=analog ORANGE=digital CYAN=UART PURPLE=SPI; 16:9 high resolution. Title ""ESP8266 (ESP-12E) + Ethernet (W5100)"". LEFT an ESP8266 (ESP-12E) (3.3V logic). RIGHT an Ethernet (W5100) (Connectivity). Connect EXACTLY these 6 wires and no others: SCK to GPIO14 (D5) (PURPLE); MOSI to GPIO13 (D7) (PURPLE); MISO to GPIO12 (D6) (PURPLE); CS to GPIO15 (D8) (PURPLE); VCC to 3V3 (RED); GND to GND (BLACK). Show these exact pin labels; do not invent or add any wire."
esp8266__led.png,"Realistic Fritzing-style hardware wiring diagram, flat vector product-illustration look, soft light-grey studio background, slight top-down angle, one microcontroller board on the LEFT and one module on the RIGHT connected by coloured jumper wires with correctly-spelled pin labels on both sides; wire colours RED=power BLACK=GND BLUE=I2C-SDA YELLOW=I2C-SCL GREEN=analog ORANGE=digital CYAN=UART PURPLE=SPI; 16:9 high resolution. Title ""ESP8266 (ESP-12E) + LED"". LEFT an ESP8266 (ESP-12E) (3.3V logic). RIGHT a LED (Passive & Discrete). Connect EXACTLY these 2 wires and no others: Anode to GPIO14 (D5) (ORANGE); GND to GND (BLACK). Show these exact pin labels; do not invent or add any wire."
esp8266__potentiometer.png,"Realistic Fritzing-style hardware wiring diagram, flat vector product-illustration look, soft light-grey studio background, slight top-down angle, one microcontroller board on the LEFT and one module on the RIGHT connected by coloured jumper wires with correctly-spelled pin labels on both sides; wire colours RED=power BLACK=GND BLUE=I2C-SDA YELLOW=I2C-SCL GREEN=analog ORANGE=digital CYAN=UART PURPLE=SPI; 16:9 high resolution. Title ""ESP8266 (ESP-12E) + Potentiometer"". LEFT an ESP8266 (ESP-12E) (3.3V logic). RIGHT a Potentiometer (Passive & Discrete). Connect EXACTLY these 3 wires and no others: VCC to 3V3 (RED); GND to GND (BLACK); Wiper to A0 (0–1V) (GREEN). Show these exact pin labels; do not invent or add any wire."
esp8266__push-button.png,"Realistic Fritzing-style hardware wiring diagram, flat vector product-illustration look, soft light-grey studio background, slight top-down angle, one microcontroller board on the LEFT and one module on the RIGHT connected by coloured jumper wires with correctly-spelled pin labels on both sides; wire colours RED=power BLACK=GND BLUE=I2C-SDA YELLOW=I2C-SCL GREEN=analog ORANGE=digital CYAN=UART PURPLE=SPI; 16:9 high resolution. Title ""ESP8266 (ESP-12E) + Push Button"". LEFT an ESP8266 (ESP-12E) (3.3V logic). RIGHT a Push Button (Input / Output). Connect EXACTLY these 1 wires and no others: 4 legs to GPIO14 (D5) (ORANGE). Show these exact pin labels; do not invent or add any wire."
esp8266__keypad.png,"Realistic Fritzing-style hardware wiring diagram, flat vector product-illustration look, soft light-grey studio background, slight top-down angle, one microcontroller board on the LEFT and one module on the RIGHT connected by coloured jumper wires with correctly-spelled pin labels on both sides; wire colours RED=power BLACK=GND BLUE=I2C-SDA YELLOW=I2C-SCL GREEN=analog ORANGE=digital CYAN=UART PURPLE=SPI; 16:9 high resolution. Title ""ESP8266 (ESP-12E) + Matrix Keypad 4×4"". LEFT an ESP8266 (ESP-12E) (3.3V logic). RIGHT a Matrix Keypad 4×4 (Input / Output). Connect EXACTLY these 1 wires and no others: 8 pins to GPIO14 (D5) (ORANGE). Show these exact pin labels; do not invent or add any wire."
esp8266__joystick.png,"Realistic Fritzing-style hardware wiring diagram, flat vector product-illustration look, soft light-grey studio background, slight top-down angle, one microcontroller board on the LEFT and one module on the RIGHT connected by coloured jumper wires with correctly-spelled pin labels on both sides; wire colours RED=power BLACK=GND BLUE=I2C-SDA YELLOW=I2C-SCL GREEN=analog ORANGE=digital CYAN=UART PURPLE=SPI; 16:9 high resolution. Title ""ESP8266 (ESP-12E) + Joystick Module"". LEFT an ESP8266 (ESP-12E) (3.3V logic). RIGHT a Joystick Module (Input / Output). Connect EXACTLY these 5 wires and no others: VRx to GPIO14 (D5) (ORANGE); VRy to GPIO12 (D6) (ORANGE); SW to GPIO13 (D7) (ORANGE); VCC to 3V3 (RED); GND to GND (BLACK). Show these exact pin labels; do not invent or add any wire."
esp8266__rotary-encoder.png,"Realistic Fritzing-style hardware wiring diagram, flat vector product-illustration look, soft light-grey studio background, slight top-down angle, one microcontroller board on the LEFT and one module on the RIGHT connected by coloured jumper wires with correctly-spelled pin labels on both sides; wire colours RED=power BLACK=GND BLUE=I2C-SDA YELLOW=I2C-SCL GREEN=analog ORANGE=digital CYAN=UART PURPLE=SPI; 16:9 high resolution. Title ""ESP8266 (ESP-12E) + Rotary Encoder"". LEFT an ESP8266 (ESP-12E) (3.3V logic). RIGHT a Rotary Encoder (Input / Output). Connect EXACTLY these 5 wires and no others: CLK to GPIO14 (D5) (ORANGE); DT to GPIO12 (D6) (ORANGE); SW to GPIO13 (D7) (ORANGE); VCC to 3V3 (RED); GND to GND (BLACK). Show these exact pin labels; do not invent or add any wire."
esp8266__sd-module.png,"Realistic Fritzing-style hardware wiring diagram, flat vector product-illustration look, soft light-grey studio background, slight top-down angle, one microcontroller board on the LEFT and one module on the RIGHT connected by coloured jumper wires with correctly-spelled pin labels on both sides; wire colours RED=power BLACK=GND BLUE=I2C-SDA YELLOW=I2C-SCL GREEN=analog ORANGE=digital CYAN=UART PURPLE=SPI; 16:9 high resolution. Title ""ESP8266 (ESP-12E) + MicroSD Module"". LEFT an ESP8266 (ESP-12E) (3.3V logic). RIGHT a MicroSD Module (Input / Output). Connect EXACTLY these 6 wires and no others: SCK to GPIO14 (D5) (PURPLE); MOSI to GPIO13 (D7) (PURPLE); MISO to GPIO12 (D6) (PURPLE); CS to GPIO15 (D8) (PURPLE); VCC to 3V3 (RED); GND to GND (BLACK). Show these exact pin labels; do not invent or add any wire."
esp8266__rtc.png,"Realistic Fritzing-style hardware wiring diagram, flat vector product-illustration look, soft light-grey studio background, slight top-down angle, one microcontroller board on the LEFT and one module on the RIGHT connected by coloured jumper wires with correctly-spelled pin labels on both sides; wire colours RED=power BLACK=GND BLUE=I2C-SDA YELLOW=I2C-SCL GREEN=analog ORANGE=digital CYAN=UART PURPLE=SPI; 16:9 high resolution. Title ""ESP8266 (ESP-12E) + RTC (DS3231)"". LEFT an ESP8266 (ESP-12E) (3.3V logic). RIGHT a RTC (DS3231) (Input / Output). Connect EXACTLY these 4 wires and no others: SDA to GPIO4 (D2) (BLUE); SCL to GPIO5 (D1) (YELLOW); VCC to 3V3 (RED); GND to GND (BLACK). Show these exact pin labels; do not invent or add any wire."
esp8266__speaker.png,"Realistic Fritzing-style hardware wiring diagram, flat vector product-illustration look, soft light-grey studio background, slight top-down angle, one microcontroller board on the LEFT and one module on the RIGHT connected by coloured jumper wires with correctly-spelled pin labels on both sides; wire colours RED=power BLACK=GND BLUE=I2C-SDA YELLOW=I2C-SCL GREEN=analog ORANGE=digital CYAN=UART PURPLE=SPI; 16:9 high resolution. Title ""ESP8266 (ESP-12E) + Speaker / DFPlayer"". LEFT an ESP8266 (ESP-12E) (3.3V logic). RIGHT a Speaker / DFPlayer (Input / Output). Connect EXACTLY these 4 wires and no others: RX to GPIO1 (TX) (CYAN); TX to GPIO3 (RX) (CYAN); VCC to 3V3 (RED); GND to GND (BLACK). Show these exact pin labels; do not invent or add any wire."
esp8266__imu-robot.png,"Realistic Fritzing-style hardware wiring diagram, flat vector product-illustration look, soft light-grey studio background, slight top-down angle, one microcontroller board on the LEFT and one module on the RIGHT connected by coloured jumper wires with correctly-spelled pin labels on both sides; wire colours RED=power BLACK=GND BLUE=I2C-SDA YELLOW=I2C-SCL GREEN=analog ORANGE=digital CYAN=UART PURPLE=SPI; 16:9 high resolution. Title ""ESP8266 (ESP-12E) + IMU / Balance"". LEFT an ESP8266 (ESP-12E) (3.3V logic). RIGHT an IMU / Balance (Robotics). Connect EXACTLY these 5 wires and no others: SDA to GPIO4 (D2) (BLUE); SCL to GPIO5 (D1) (YELLOW); INT to GPIO14 (D5) (ORANGE); VCC to 3V3 (RED); GND to GND (BLACK). Show these exact pin labels; do not invent or add any wire."
esp8266__lidar-robot.png,"Realistic Fritzing-style hardware wiring diagram, flat vector product-illustration look, soft light-grey studio background, slight top-down angle, one microcontroller board on the LEFT and one module on the RIGHT connected by coloured jumper wires with correctly-spelled pin labels on both sides; wire colours RED=power BLACK=GND BLUE=I2C-SDA YELLOW=I2C-SCL GREEN=analog ORANGE=digital CYAN=UART PURPLE=SPI; 16:9 high resolution. Title ""ESP8266 (ESP-12E) + LiDAR Scanner"". LEFT an ESP8266 (ESP-12E) (3.3V logic). RIGHT a LiDAR Scanner (Robotics). Connect EXACTLY these 4 wires and no others: TX to GPIO3 (RX) (CYAN); RX to GPIO1 (TX) (CYAN); VCC to 3V3 (RED); GND to GND (BLACK). Show these exact pin labels; do not invent or add any wire."
nodemcu__dht11.png,"Realistic Fritzing-style hardware wiring diagram, flat vector product-illustration look, soft light-grey studio background, slight top-down angle, one microcontroller board on the LEFT and one module on the RIGHT connected by coloured jumper wires with correctly-spelled pin labels on both sides; wire colours RED=power BLACK=GND BLUE=I2C-SDA YELLOW=I2C-SCL GREEN=analog ORANGE=digital CYAN=UART PURPLE=SPI; 16:9 high resolution. Title ""NodeMCU ESP8266 (Amica) + DHT11 / DHT22"". LEFT a NodeMCU ESP8266 (Amica) (3.3V logic). RIGHT a DHT11 / DHT22 (Sensors). Connect EXACTLY these 3 wires and no others: VCC to 3V3 (RED); DATA to D5 (ORANGE); GND to GND (BLACK). Show these exact pin labels; do not invent or add any wire."
nodemcu__ds18b20.png,"Realistic Fritzing-style hardware wiring diagram, flat vector product-illustration look, soft light-grey studio background, slight top-down angle, one microcontroller board on the LEFT and one module on the RIGHT connected by coloured jumper wires with correctly-spelled pin labels on both sides; wire colours RED=power BLACK=GND BLUE=I2C-SDA YELLOW=I2C-SCL GREEN=analog ORANGE=digital CYAN=UART PURPLE=SPI; 16:9 high resolution. Title ""NodeMCU ESP8266 (Amica) + DS18B20"". LEFT a NodeMCU ESP8266 (Amica) (3.3V logic). RIGHT a DS18B20 (Sensors). Connect EXACTLY these 3 wires and no others: VDD to 3V3 (RED); DQ to D5 (ORANGE); GND to GND (BLACK). Show these exact pin labels; do not invent or add any wire."
nodemcu__lm35.png,"Realistic Fritzing-style hardware wiring diagram, flat vector product-illustration look, soft light-grey studio background, slight top-down angle, one microcontroller board on the LEFT and one module on the RIGHT connected by coloured jumper wires with correctly-spelled pin labels on both sides; wire colours RED=power BLACK=GND BLUE=I2C-SDA YELLOW=I2C-SCL GREEN=analog ORANGE=digital CYAN=UART PURPLE=SPI; 16:9 high resolution. Title ""NodeMCU ESP8266 (Amica) + LM35"". LEFT a NodeMCU ESP8266 (Amica) (3.3V logic). RIGHT a LM35 (Sensors). Connect EXACTLY these 3 wires and no others: VCC to 3V3 (RED); OUT to A0 (0–3.3V) (GREEN); GND to GND (BLACK). Show these exact pin labels; do not invent or add any wire."
nodemcu__hc-sr04.png,"Realistic Fritzing-style hardware wiring diagram, flat vector product-illustration look, soft light-grey studio background, slight top-down angle, one microcontroller board on the LEFT and one module on the RIGHT connected by coloured jumper wires with correctly-spelled pin labels on both sides; wire colours RED=power BLACK=GND BLUE=I2C-SDA YELLOW=I2C-SCL GREEN=analog ORANGE=digital CYAN=UART PURPLE=SPI; 16:9 high resolution. Title ""NodeMCU ESP8266 (Amica) + HC-SR04"". LEFT a NodeMCU ESP8266 (Amica) (3.3V logic). RIGHT a HC-SR04 (Sensors). Connect EXACTLY these 4 wires and no others: VCC to 3V3 (RED); TRIG to D5 (ORANGE); ECHO to D6 (ORANGE); GND to GND (BLACK). Show these exact pin labels; do not invent or add any wire."
nodemcu__pir.png,"Realistic Fritzing-style hardware wiring diagram, flat vector product-illustration look, soft light-grey studio background, slight top-down angle, one microcontroller board on the LEFT and one module on the RIGHT connected by coloured jumper wires with correctly-spelled pin labels on both sides; wire colours RED=power BLACK=GND BLUE=I2C-SDA YELLOW=I2C-SCL GREEN=analog ORANGE=digital CYAN=UART PURPLE=SPI; 16:9 high resolution. Title ""NodeMCU ESP8266 (Amica) + PIR Motion (HC-SR501)"". LEFT a NodeMCU ESP8266 (Amica) (3.3V logic). RIGHT a PIR Motion (HC-SR501) (Sensors). Connect EXACTLY these 3 wires and no others: VCC to 3V3 (RED); OUT to D5 (ORANGE); GND to GND (BLACK). Show these exact pin labels; do not invent or add any wire."
nodemcu__ldr.png,"Realistic Fritzing-style hardware wiring diagram, flat vector product-illustration look, soft light-grey studio background, slight top-down angle, one microcontroller board on the LEFT and one module on the RIGHT connected by coloured jumper wires with correctly-spelled pin labels on both sides; wire colours RED=power BLACK=GND BLUE=I2C-SDA YELLOW=I2C-SCL GREEN=analog ORANGE=digital CYAN=UART PURPLE=SPI; 16:9 high resolution. Title ""NodeMCU ESP8266 (Amica) + LDR (Photoresistor)"". LEFT a NodeMCU ESP8266 (Amica) (3.3V logic). RIGHT a LDR (Photoresistor) (Sensors). Connect EXACTLY these 3 wires and no others: VCC to 3V3 (RED); AO to A0 (0–3.3V) (GREEN); GND to GND (BLACK). Show these exact pin labels; do not invent or add any wire."
nodemcu__bh1750.png,"Realistic Fritzing-style hardware wiring diagram, flat vector product-illustration look, soft light-grey studio background, slight top-down angle, one microcontroller board on the LEFT and one module on the RIGHT connected by coloured jumper wires with correctly-spelled pin labels on both sides; wire colours RED=power BLACK=GND BLUE=I2C-SDA YELLOW=I2C-SCL GREEN=analog ORANGE=digital CYAN=UART PURPLE=SPI; 16:9 high resolution. Title ""NodeMCU ESP8266 (Amica) + BH1750"". LEFT a NodeMCU ESP8266 (Amica) (3.3V logic). RIGHT a BH1750 (Sensors). Connect EXACTLY these 5 wires and no others: VCC to 3V3 (RED); GND to GND (BLACK); SDA to D2 (GPIO4) (BLUE); SCL to D1 (GPIO5) (YELLOW); ADDR to D5 (ORANGE). Show these exact pin labels; do not invent or add any wire."
nodemcu__mq2.png,"Realistic Fritzing-style hardware wiring diagram, flat vector product-illustration look, soft light-grey studio background, slight top-down angle, one microcontroller board on the LEFT and one module on the RIGHT connected by coloured jumper wires with correctly-spelled pin labels on both sides; wire colours RED=power BLACK=GND BLUE=I2C-SDA YELLOW=I2C-SCL GREEN=analog ORANGE=digital CYAN=UART PURPLE=SPI; 16:9 high resolution. Title ""NodeMCU ESP8266 (Amica) + MQ-2 Gas"". LEFT a NodeMCU ESP8266 (Amica) (3.3V logic). RIGHT a MQ-2 Gas (Sensors). Connect EXACTLY these 4 wires and no others: VCC to 3V3 (RED); AO to A0 (0–3.3V) (GREEN); DO to D5 (ORANGE); GND to GND (BLACK). Show these exact pin labels; do not invent or add any wire."
nodemcu__mq135.png,"Realistic Fritzing-style hardware wiring diagram, flat vector product-illustration look, soft light-grey studio background, slight top-down angle, one microcontroller board on the LEFT and one module on the RIGHT connected by coloured jumper wires with correctly-spelled pin labels on both sides; wire colours RED=power BLACK=GND BLUE=I2C-SDA YELLOW=I2C-SCL GREEN=analog ORANGE=digital CYAN=UART PURPLE=SPI; 16:9 high resolution. Title ""NodeMCU ESP8266 (Amica) + MQ-135 Air Quality"". LEFT a NodeMCU ESP8266 (Amica) (3.3V logic). RIGHT a MQ-135 Air Quality (Sensors). Connect EXACTLY these 4 wires and no others: VCC to 3V3 (RED); AO to A0 (0–3.3V) (GREEN); DO to D5 (ORANGE); GND to GND (BLACK). Show these exact pin labels; do not invent or add any wire."
nodemcu__mq7.png,"Realistic Fritzing-style hardware wiring diagram, flat vector product-illustration look, soft light-grey studio background, slight top-down angle, one microcontroller board on the LEFT and one module on the RIGHT connected by coloured jumper wires with correctly-spelled pin labels on both sides; wire colours RED=power BLACK=GND BLUE=I2C-SDA YELLOW=I2C-SCL GREEN=analog ORANGE=digital CYAN=UART PURPLE=SPI; 16:9 high resolution. Title ""NodeMCU ESP8266 (Amica) + MQ-7 CO"". LEFT a NodeMCU ESP8266 (Amica) (3.3V logic). RIGHT a MQ-7 CO (Sensors). Connect EXACTLY these 4 wires and no others: VCC to 3V3 (RED); AO to A0 (0–3.3V) (GREEN); DO to D5 (ORANGE); GND to GND (BLACK). Show these exact pin labels; do not invent or add any wire."
nodemcu__soil-moisture.png,"Realistic Fritzing-style hardware wiring diagram, flat vector product-illustration look, soft light-grey studio background, slight top-down angle, one microcontroller board on the LEFT and one module on the RIGHT connected by coloured jumper wires with correctly-spelled pin labels on both sides; wire colours RED=power BLACK=GND BLUE=I2C-SDA YELLOW=I2C-SCL GREEN=analog ORANGE=digital CYAN=UART PURPLE=SPI; 16:9 high resolution. Title ""NodeMCU ESP8266 (Amica) + Soil Moisture"". LEFT a NodeMCU ESP8266 (Amica) (3.3V logic). RIGHT a Soil Moisture (Sensors). Connect EXACTLY these 4 wires and no others: VCC to 3V3 (RED); AO to A0 (0–3.3V) (GREEN); DO to D5 (ORANGE); GND to GND (BLACK). Show these exact pin labels; do not invent or add any wire."
nodemcu__rain-sensor.png,"Realistic Fritzing-style hardware wiring diagram, flat vector product-illustration look, soft light-grey studio background, slight top-down angle, one microcontroller board on the LEFT and one module on the RIGHT connected by coloured jumper wires with correctly-spelled pin labels on both sides; wire colours RED=power BLACK=GND BLUE=I2C-SDA YELLOW=I2C-SCL GREEN=analog ORANGE=digital CYAN=UART PURPLE=SPI; 16:9 high resolution. Title ""NodeMCU ESP8266 (Amica) + Rain Sensor"". LEFT a NodeMCU ESP8266 (Amica) (3.3V logic). RIGHT a Rain Sensor (Sensors). Connect EXACTLY these 4 wires and no others: VCC to 3V3 (RED); AO to A0 (0–3.3V) (GREEN); DO to D5 (ORANGE); GND to GND (BLACK). Show these exact pin labels; do not invent or add any wire."
nodemcu__water-level.png,"Realistic Fritzing-style hardware wiring diagram, flat vector product-illustration look, soft light-grey studio background, slight top-down angle, one microcontroller board on the LEFT and one module on the RIGHT connected by coloured jumper wires with correctly-spelled pin labels on both sides; wire colours RED=power BLACK=GND BLUE=I2C-SDA YELLOW=I2C-SCL GREEN=analog ORANGE=digital CYAN=UART PURPLE=SPI; 16:9 high resolution. Title ""NodeMCU ESP8266 (Amica) + Water Level Sensor"". LEFT a NodeMCU ESP8266 (Amica) (3.3V logic). RIGHT a Water Level Sensor (Sensors). Connect EXACTLY these 3 wires and no others: + to 3V3 (RED); S to A0 (0–3.3V) (GREEN); - to GND (BLACK). Show these exact pin labels; do not invent or add any wire."
nodemcu__flow-sensor.png,"Realistic Fritzing-style hardware wiring diagram, flat vector product-illustration look, soft light-grey studio background, slight top-down angle, one microcontroller board on the LEFT and one module on the RIGHT connected by coloured jumper wires with correctly-spelled pin labels on both sides; wire colours RED=power BLACK=GND BLUE=I2C-SDA YELLOW=I2C-SCL GREEN=analog ORANGE=digital CYAN=UART PURPLE=SPI; 16:9 high resolution. Title ""NodeMCU ESP8266 (Amica) + Water Flow (YF-S201)"". LEFT a NodeMCU ESP8266 (Amica) (3.3V logic). RIGHT a Water Flow (YF-S201) (Sensors). Connect EXACTLY these 3 wires and no others: VCC to 3V3 (RED); SIGNAL to D5 (ORANGE); GND to GND (BLACK). Show these exact pin labels; do not invent or add any wire."
nodemcu__flame-sensor.png,"Realistic Fritzing-style hardware wiring diagram, flat vector product-illustration look, soft light-grey studio background, slight top-down angle, one microcontroller board on the LEFT and one module on the RIGHT connected by coloured jumper wires with correctly-spelled pin labels on both sides; wire colours RED=power BLACK=GND BLUE=I2C-SDA YELLOW=I2C-SCL GREEN=analog ORANGE=digital CYAN=UART PURPLE=SPI; 16:9 high resolution. Title ""NodeMCU ESP8266 (Amica) + Flame Sensor"". LEFT a NodeMCU ESP8266 (Amica) (3.3V logic). RIGHT a Flame Sensor (Sensors). Connect EXACTLY these 4 wires and no others: VCC to 3V3 (RED); AO to A0 (0–3.3V) (GREEN); DO to D5 (ORANGE); GND to GND (BLACK). Show these exact pin labels; do not invent or add any wire."
nodemcu__mpu6050.png,"Realistic Fritzing-style hardware wiring diagram, flat vector product-illustration look, soft light-grey studio background, slight top-down angle, one microcontroller board on the LEFT and one module on the RIGHT connected by coloured jumper wires with correctly-spelled pin labels on both sides; wire colours RED=power BLACK=GND BLUE=I2C-SDA YELLOW=I2C-SCL GREEN=analog ORANGE=digital CYAN=UART PURPLE=SPI; 16:9 high resolution. Title ""NodeMCU ESP8266 (Amica) + MPU-6050 IMU"". LEFT a NodeMCU ESP8266 (Amica) (3.3V logic). RIGHT a MPU-6050 IMU (Sensors). Connect EXACTLY these 5 wires and no others: VCC to 3V3 (RED); SDA to D2 (GPIO4) (BLUE); SCL to D1 (GPIO5) (YELLOW); INT to D5 (ORANGE); GND to GND (BLACK). Show these exact pin labels; do not invent or add any wire."
nodemcu__hmc5883l.png,"Realistic Fritzing-style hardware wiring diagram, flat vector product-illustration look, soft light-grey studio background, slight top-down angle, one microcontroller board on the LEFT and one module on the RIGHT connected by coloured jumper wires with correctly-spelled pin labels on both sides; wire colours RED=power BLACK=GND BLUE=I2C-SDA YELLOW=I2C-SCL GREEN=analog ORANGE=digital CYAN=UART PURPLE=SPI; 16:9 high resolution. Title ""NodeMCU ESP8266 (Amica) + HMC5883L"". LEFT a NodeMCU ESP8266 (Amica) (3.3V logic). RIGHT a HMC5883L (Sensors). Connect EXACTLY these 5 wires and no others: VCC to 3V3 (RED); SDA to D2 (GPIO4) (BLUE); SCL to D1 (GPIO5) (YELLOW); DRDY to D5 (ORANGE); GND to GND (BLACK). Show these exact pin labels; do not invent or add any wire."
nodemcu__bmp280.png,"Realistic Fritzing-style hardware wiring diagram, flat vector product-illustration look, soft light-grey studio background, slight top-down angle, one microcontroller board on the LEFT and one module on the RIGHT connected by coloured jumper wires with correctly-spelled pin labels on both sides; wire colours RED=power BLACK=GND BLUE=I2C-SDA YELLOW=I2C-SCL GREEN=analog ORANGE=digital CYAN=UART PURPLE=SPI; 16:9 high resolution. Title ""NodeMCU ESP8266 (Amica) + BMP280 / BME280"". LEFT a NodeMCU ESP8266 (Amica) (3.3V logic). RIGHT a BMP280 / BME280 (Sensors). Connect EXACTLY these 4 wires and no others: VCC to 3V3 (RED); SDA to D2 (GPIO4) (BLUE); SCL to D1 (GPIO5) (YELLOW); GND to GND (BLACK). Show these exact pin labels; do not invent or add any wire."
nodemcu__load-cell.png,"Realistic Fritzing-style hardware wiring diagram, flat vector product-illustration look, soft light-grey studio background, slight top-down angle, one microcontroller board on the LEFT and one module on the RIGHT connected by coloured jumper wires with correctly-spelled pin labels on both sides; wire colours RED=power BLACK=GND BLUE=I2C-SDA YELLOW=I2C-SCL GREEN=analog ORANGE=digital CYAN=UART PURPLE=SPI; 16:9 high resolution. Title ""NodeMCU ESP8266 (Amica) + Load Cell + HX711"". LEFT a NodeMCU ESP8266 (Amica) (3.3V logic). RIGHT a Load Cell + HX711 (Sensors). Connect EXACTLY these 4 wires and no others: DT to D5 (ORANGE); CLK to D6 (ORANGE); VCC to 3V3 (RED); GND to GND (BLACK). Show these exact pin labels; do not invent or add any wire."
nodemcu__ir-sensor.png,"Realistic Fritzing-style hardware wiring diagram, flat vector product-illustration look, soft light-grey studio background, slight top-down angle, one microcontroller board on the LEFT and one module on the RIGHT connected by coloured jumper wires with correctly-spelled pin labels on both sides; wire colours RED=power BLACK=GND BLUE=I2C-SDA YELLOW=I2C-SCL GREEN=analog ORANGE=digital CYAN=UART PURPLE=SPI; 16:9 high resolution. Title ""NodeMCU ESP8266 (Amica) + IR Obstacle Sensor"". LEFT a NodeMCU ESP8266 (Amica) (3.3V logic). RIGHT an IR Obstacle Sensor (Sensors). Connect EXACTLY these 3 wires and no others: VCC to 3V3 (RED); OUT to D5 (ORANGE); GND to GND (BLACK). Show these exact pin labels; do not invent or add any wire."
nodemcu__color-sensor.png,"Realistic Fritzing-style hardware wiring diagram, flat vector product-illustration look, soft light-grey studio background, slight top-down angle, one microcontroller board on the LEFT and one module on the RIGHT connected by coloured jumper wires with correctly-spelled pin labels on both sides; wire colours RED=power BLACK=GND BLUE=I2C-SDA YELLOW=I2C-SCL GREEN=analog ORANGE=digital CYAN=UART PURPLE=SPI; 16:9 high resolution. Title ""NodeMCU ESP8266 (Amica) + TCS3200 Color"". LEFT a NodeMCU ESP8266 (Amica) (3.3V logic). RIGHT a TCS3200 Color (Sensors). Connect EXACTLY these 4 wires and no others: VCC to 3V3 (RED); GND to GND (BLACK); S0–S3 to D5 (ORANGE); OUT to D6 (ORANGE). Show these exact pin labels; do not invent or add any wire."
nodemcu__heart-rate.png,"Realistic Fritzing-style hardware wiring diagram, flat vector product-illustration look, soft light-grey studio background, slight top-down angle, one microcontroller board on the LEFT and one module on the RIGHT connected by coloured jumper wires with correctly-spelled pin labels on both sides; wire colours RED=power BLACK=GND BLUE=I2C-SDA YELLOW=I2C-SCL GREEN=analog ORANGE=digital CYAN=UART PURPLE=SPI; 16:9 high resolution. Title ""NodeMCU ESP8266 (Amica) + MAX30100 Pulse"". LEFT a NodeMCU ESP8266 (Amica) (3.3V logic). RIGHT a MAX30100 Pulse (Sensors). Connect EXACTLY these 5 wires and no others: VIN to 3V3 (RED); SDA to D2 (GPIO4) (BLUE); SCL to D1 (GPIO5) (YELLOW); INT to D5 (ORANGE); GND to GND (BLACK). Show these exact pin labels; do not invent or add any wire."
nodemcu__ph-sensor.png,"Realistic Fritzing-style hardware wiring diagram, flat vector product-illustration look, soft light-grey studio background, slight top-down angle, one microcontroller board on the LEFT and one module on the RIGHT connected by coloured jumper wires with correctly-spelled pin labels on both sides; wire colours RED=power BLACK=GND BLUE=I2C-SDA YELLOW=I2C-SCL GREEN=analog ORANGE=digital CYAN=UART PURPLE=SPI; 16:9 high resolution. Title ""NodeMCU ESP8266 (Amica) + pH Sensor"". LEFT a NodeMCU ESP8266 (Amica) (3.3V logic). RIGHT a pH Sensor (Sensors). Connect EXACTLY these 3 wires and no others: VCC to 3V3 (RED); GND to GND (BLACK); PO to A0 (0–3.3V) (GREEN). Show these exact pin labels; do not invent or add any wire."
nodemcu__current-sensor.png,"Realistic Fritzing-style hardware wiring diagram, flat vector product-illustration look, soft light-grey studio background, slight top-down angle, one microcontroller board on the LEFT and one module on the RIGHT connected by coloured jumper wires with correctly-spelled pin labels on both sides; wire colours RED=power BLACK=GND BLUE=I2C-SDA YELLOW=I2C-SCL GREEN=analog ORANGE=digital CYAN=UART PURPLE=SPI; 16:9 high resolution. Title ""NodeMCU ESP8266 (Amica) + ACS712 Current"". LEFT a NodeMCU ESP8266 (Amica) (3.3V logic). RIGHT an ACS712 Current (Sensors). Connect EXACTLY these 5 wires and no others: VCC to 3V3 (RED); GND to GND (BLACK); OUT to A0 (0–3.3V) (GREEN); IP+ to D5 (ORANGE); IP- to D6 (ORANGE). Show these exact pin labels; do not invent or add any wire."
nodemcu__voltage-sensor.png,"Realistic Fritzing-style hardware wiring diagram, flat vector product-illustration look, soft light-grey studio background, slight top-down angle, one microcontroller board on the LEFT and one module on the RIGHT connected by coloured jumper wires with correctly-spelled pin labels on both sides; wire colours RED=power BLACK=GND BLUE=I2C-SDA YELLOW=I2C-SCL GREEN=analog ORANGE=digital CYAN=UART PURPLE=SPI; 16:9 high resolution. Title ""NodeMCU ESP8266 (Amica) + Voltage Sensor"". LEFT a NodeMCU ESP8266 (Amica) (3.3V logic). RIGHT a Voltage Sensor (Sensors). Connect EXACTLY these 2 wires and no others: S to A0 (0–3.3V) (GREEN); - to GND (BLACK). Show these exact pin labels; do not invent or add any wire."
nodemcu__ir-flame-array.png,"Realistic Fritzing-style hardware wiring diagram, flat vector product-illustration look, soft light-grey studio background, slight top-down angle, one microcontroller board on the LEFT and one module on the RIGHT connected by coloured jumper wires with correctly-spelled pin labels on both sides; wire colours RED=power BLACK=GND BLUE=I2C-SDA YELLOW=I2C-SCL GREEN=analog ORANGE=digital CYAN=UART PURPLE=SPI; 16:9 high resolution. Title ""NodeMCU ESP8266 (Amica) + Vibration (SW-420)"". LEFT a NodeMCU ESP8266 (Amica) (3.3V logic). RIGHT a Vibration (SW-420) (Sensors). Connect EXACTLY these 3 wires and no others: VCC to 3V3 (RED); GND to GND (BLACK); DO to D5 (ORANGE). Show these exact pin labels; do not invent or add any wire."
nodemcu__lidar-sensor.png,"Realistic Fritzing-style hardware wiring diagram, flat vector product-illustration look, soft light-grey studio background, slight top-down angle, one microcontroller board on the LEFT and one module on the RIGHT connected by coloured jumper wires with correctly-spelled pin labels on both sides; wire colours RED=power BLACK=GND BLUE=I2C-SDA YELLOW=I2C-SCL GREEN=analog ORANGE=digital CYAN=UART PURPLE=SPI; 16:9 high resolution. Title ""NodeMCU ESP8266 (Amica) + LiDAR (TF-Luna)"". LEFT a NodeMCU ESP8266 (Amica) (3.3V logic). RIGHT a LiDAR (TF-Luna) (Sensors). Connect EXACTLY these 4 wires and no others: VCC to 3V3 (RED); RXD to D5 (ORANGE); TXD to D6 (ORANGE); GND to GND (BLACK). Show these exact pin labels; do not invent or add any wire."
nodemcu__servo.png,"Realistic Fritzing-style hardware wiring diagram, flat vector product-illustration look, soft light-grey studio background, slight top-down angle, one microcontroller board on the LEFT and one module on the RIGHT connected by coloured jumper wires with correctly-spelled pin labels on both sides; wire colours RED=power BLACK=GND BLUE=I2C-SDA YELLOW=I2C-SCL GREEN=analog ORANGE=digital CYAN=UART PURPLE=SPI; 16:9 high resolution. Title ""NodeMCU ESP8266 (Amica) + Servo (SG90/MG996)"". LEFT a NodeMCU ESP8266 (Amica) (3.3V logic). RIGHT a Servo (SG90/MG996) (Actuators & Motors). Connect EXACTLY these 3 wires and no others: Signal to D5 (ORANGE); VCC to 3V3 (RED); GND to GND (BLACK). Show these exact pin labels; do not invent or add any wire."
nodemcu__stepper.png,"Realistic Fritzing-style hardware wiring diagram, flat vector product-illustration look, soft light-grey studio background, slight top-down angle, one microcontroller board on the LEFT and one module on the RIGHT connected by coloured jumper wires with correctly-spelled pin labels on both sides; wire colours RED=power BLACK=GND BLUE=I2C-SDA YELLOW=I2C-SCL GREEN=analog ORANGE=digital CYAN=UART PURPLE=SPI; 16:9 high resolution. Title ""NodeMCU ESP8266 (Amica) + Stepper (28BYJ-48)"". LEFT a NodeMCU ESP8266 (Amica) (3.3V logic). RIGHT a Stepper (28BYJ-48) (Actuators & Motors). Connect EXACTLY these 3 wires and no others: IN1–IN4 to D5 (ORANGE); VCC to 3V3 (RED); GND to GND (BLACK). Show these exact pin labels; do not invent or add any wire."
nodemcu__l298n.png,"Realistic Fritzing-style hardware wiring diagram, flat vector product-illustration look, soft light-grey studio background, slight top-down angle, one microcontroller board on the LEFT and one module on the RIGHT connected by coloured jumper wires with correctly-spelled pin labels on both sides; wire colours RED=power BLACK=GND BLUE=I2C-SDA YELLOW=I2C-SCL GREEN=analog ORANGE=digital CYAN=UART PURPLE=SPI; 16:9 high resolution. Title ""NodeMCU ESP8266 (Amica) + L298N Driver"". LEFT a NodeMCU ESP8266 (Amica) (3.3V logic). RIGHT a L298N Driver (Actuators & Motors). Connect EXACTLY these 5 wires and no others: IN1–IN4 to D5 (ORANGE); ENA to D6 (ORANGE); ENB to D7 (ORANGE); 5V to 3V3 (RED); GND to GND (BLACK). Show these exact pin labels; do not invent or add any wire."
nodemcu__l293d.png,"Realistic Fritzing-style hardware wiring diagram, flat vector product-illustration look, soft light-grey studio background, slight top-down angle, one microcontroller board on the LEFT and one module on the RIGHT connected by coloured jumper wires with correctly-spelled pin labels on both sides; wire colours RED=power BLACK=GND BLUE=I2C-SDA YELLOW=I2C-SCL GREEN=analog ORANGE=digital CYAN=UART PURPLE=SPI; 16:9 high resolution. Title ""NodeMCU ESP8266 (Amica) + L293D Driver"". LEFT a NodeMCU ESP8266 (Amica) (3.3V logic). RIGHT a L293D Driver (Actuators & Motors). Connect EXACTLY these 5 wires and no others: IN1–IN4 to D5 (ORANGE); EN1 to D6 (ORANGE); EN2 to D7 (ORANGE); Vcc1 to 3V3 (RED); GND to GND (BLACK). Show these exact pin labels; do not invent or add any wire."
nodemcu__a4988.png,"Realistic Fritzing-style hardware wiring diagram, flat vector product-illustration look, soft light-grey studio background, slight top-down angle, one microcontroller board on the LEFT and one module on the RIGHT connected by coloured jumper wires with correctly-spelled pin labels on both sides; wire colours RED=power BLACK=GND BLUE=I2C-SDA YELLOW=I2C-SCL GREEN=analog ORANGE=digital CYAN=UART PURPLE=SPI; 16:9 high resolution. Title ""NodeMCU ESP8266 (Amica) + A4988 Driver"". LEFT a NodeMCU ESP8266 (Amica) (3.3V logic). RIGHT an A4988 Driver (Actuators & Motors). Connect EXACTLY these 5 wires and no others: STEP to D5 (ORANGE); DIR to D6 (ORANGE); VDD to 3V3 (RED); GND to GND (BLACK); MS1 to D7 (ORANGE). Show these exact pin labels; do not invent or add any wire."
nodemcu__relay-module.png,"Realistic Fritzing-style hardware wiring diagram, flat vector product-illustration look, soft light-grey studio background, slight top-down angle, one microcontroller board on the LEFT and one module on the RIGHT connected by coloured jumper wires with correctly-spelled pin labels on both sides; wire colours RED=power BLACK=GND BLUE=I2C-SDA YELLOW=I2C-SCL GREEN=analog ORANGE=digital CYAN=UART PURPLE=SPI; 16:9 high resolution. Title ""NodeMCU ESP8266 (Amica) + Relay Module"". LEFT a NodeMCU ESP8266 (Amica) (3.3V logic). RIGHT a Relay Module (Actuators & Motors). Connect EXACTLY these 6 wires and no others: IN to D5 (ORANGE); VCC to 3V3 (RED); GND to GND (BLACK); COM to D6 (ORANGE); NO to D7 (ORANGE); NC to D0 (ORANGE). Show these exact pin labels; do not invent or add any wire."
nodemcu__water-pump.png,"Realistic Fritzing-style hardware wiring diagram, flat vector product-illustration look, soft light-grey studio background, slight top-down angle, one microcontroller board on the LEFT and one module on the RIGHT connected by coloured jumper wires with correctly-spelled pin labels on both sides; wire colours RED=power BLACK=GND BLUE=I2C-SDA YELLOW=I2C-SCL GREEN=analog ORANGE=digital CYAN=UART PURPLE=SPI; 16:9 high resolution. Title ""NodeMCU ESP8266 (Amica) + Water Pump"". LEFT a NodeMCU ESP8266 (Amica) (3.3V logic). RIGHT a Water Pump (Actuators & Motors). Connect EXACTLY these 2 wires and no others: + to 3V3 (RED); - to GND (BLACK). Show these exact pin labels; do not invent or add any wire."
nodemcu__servo-continuous.png,"Realistic Fritzing-style hardware wiring diagram, flat vector product-illustration look, soft light-grey studio background, slight top-down angle, one microcontroller board on the LEFT and one module on the RIGHT connected by coloured jumper wires with correctly-spelled pin labels on both sides; wire colours RED=power BLACK=GND BLUE=I2C-SDA YELLOW=I2C-SCL GREEN=analog ORANGE=digital CYAN=UART PURPLE=SPI; 16:9 high resolution. Title ""NodeMCU ESP8266 (Amica) + Continuous Servo"". LEFT a NodeMCU ESP8266 (Amica) (3.3V logic). RIGHT a Continuous Servo (Actuators & Motors). Connect EXACTLY these 3 wires and no others: Signal to D5 (ORANGE); VCC to 3V3 (RED); GND to GND (BLACK). Show these exact pin labels; do not invent or add any wire."
nodemcu__buzzer.png,"Realistic Fritzing-style hardware wiring diagram, flat vector product-illustration look, soft light-grey studio background, slight top-down angle, one microcontroller board on the LEFT and one module on the RIGHT connected by coloured jumper wires with correctly-spelled pin labels on both sides; wire colours RED=power BLACK=GND BLUE=I2C-SDA YELLOW=I2C-SCL GREEN=analog ORANGE=digital CYAN=UART PURPLE=SPI; 16:9 high resolution. Title ""NodeMCU ESP8266 (Amica) + Buzzer"". LEFT a NodeMCU ESP8266 (Amica) (3.3V logic). RIGHT a Buzzer (Actuators & Motors). Connect EXACTLY these 2 wires and no others: + to 3V3 (RED); - to GND (BLACK). Show these exact pin labels; do not invent or add any wire."
nodemcu__lcd1602.png,"Realistic Fritzing-style hardware wiring diagram, flat vector product-illustration look, soft light-grey studio background, slight top-down angle, one microcontroller board on the LEFT and one module on the RIGHT connected by coloured jumper wires with correctly-spelled pin labels on both sides; wire colours RED=power BLACK=GND BLUE=I2C-SDA YELLOW=I2C-SCL GREEN=analog ORANGE=digital CYAN=UART PURPLE=SPI; 16:9 high resolution. Title ""NodeMCU ESP8266 (Amica) + LCD 16×2"". LEFT a NodeMCU ESP8266 (Amica) (3.3V logic). RIGHT a LCD 16×2 (Displays). Connect EXACTLY these 4 wires and no others: SDA to D2 (GPIO4) (BLUE); SCL to D1 (GPIO5) (YELLOW); VCC to 3V3 (RED); GND to GND (BLACK). Show these exact pin labels; do not invent or add any wire."
nodemcu__lcd2004.png,"Realistic Fritzing-style hardware wiring diagram, flat vector product-illustration look, soft light-grey studio background, slight top-down angle, one microcontroller board on the LEFT and one module on the RIGHT connected by coloured jumper wires with correctly-spelled pin labels on both sides; wire colours RED=power BLACK=GND BLUE=I2C-SDA YELLOW=I2C-SCL GREEN=analog ORANGE=digital CYAN=UART PURPLE=SPI; 16:9 high resolution. Title ""NodeMCU ESP8266 (Amica) + LCD 20×4"". LEFT a NodeMCU ESP8266 (Amica) (3.3V logic). RIGHT a LCD 20×4 (Displays). Connect EXACTLY these 4 wires and no others: SDA to D2 (GPIO4) (BLUE); SCL to D1 (GPIO5) (YELLOW); VCC to 3V3 (RED); GND to GND (BLACK). Show these exact pin labels; do not invent or add any wire."
nodemcu__oled.png,"Realistic Fritzing-style hardware wiring diagram, flat vector product-illustration look, soft light-grey studio background, slight top-down angle, one microcontroller board on the LEFT and one module on the RIGHT connected by coloured jumper wires with correctly-spelled pin labels on both sides; wire colours RED=power BLACK=GND BLUE=I2C-SDA YELLOW=I2C-SCL GREEN=analog ORANGE=digital CYAN=UART PURPLE=SPI; 16:9 high resolution. Title ""NodeMCU ESP8266 (Amica) + OLED 0.96"" (SSD1306)"". LEFT a NodeMCU ESP8266 (Amica) (3.3V logic). RIGHT an OLED 0.96"" (SSD1306) (Displays). Connect EXACTLY these 4 wires and no others: SDA to D2 (GPIO4) (BLUE); SCL to D1 (GPIO5) (YELLOW); VCC to 3V3 (RED); GND to GND (BLACK). Show these exact pin labels; do not invent or add any wire."
nodemcu__tft.png,"Realistic Fritzing-style hardware wiring diagram, flat vector product-illustration look, soft light-grey studio background, slight top-down angle, one microcontroller board on the LEFT and one module on the RIGHT connected by coloured jumper wires with correctly-spelled pin labels on both sides; wire colours RED=power BLACK=GND BLUE=I2C-SDA YELLOW=I2C-SCL GREEN=analog ORANGE=digital CYAN=UART PURPLE=SPI; 16:9 high resolution. Title ""NodeMCU ESP8266 (Amica) + TFT Touch Display"". LEFT a NodeMCU ESP8266 (Amica) (3.3V logic). RIGHT a TFT Touch Display (Displays). Connect EXACTLY these 9 wires and no others: SCK to D5 (PURPLE); MOSI to D7 (PURPLE); MISO to D6 (PURPLE); CS to D8 (PURPLE); DC to D0 (ORANGE); T_CS to D3 (ORANGE); T_IRQ to D4 (ORANGE); VCC to 3V3 (RED); GND to GND (BLACK). Show these exact pin labels; do not invent or add any wire."
nodemcu__seven-seg.png,"Realistic Fritzing-style hardware wiring diagram, flat vector product-illustration look, soft light-grey studio background, slight top-down angle, one microcontroller board on the LEFT and one module on the RIGHT connected by coloured jumper wires with correctly-spelled pin labels on both sides; wire colours RED=power BLACK=GND BLUE=I2C-SDA YELLOW=I2C-SCL GREEN=analog ORANGE=digital CYAN=UART PURPLE=SPI; 16:9 high resolution. Title ""NodeMCU ESP8266 (Amica) + 7-Segment Display"". LEFT a NodeMCU ESP8266 (Amica) (3.3V logic). RIGHT a 7-Segment Display (Displays). Connect EXACTLY these 3 wires and no others: a–g to D5 (ORANGE); dp to D6 (ORANGE); GND to GND (BLACK). Show these exact pin labels; do not invent or add any wire."
nodemcu__led-matrix.png,"Realistic Fritzing-style hardware wiring diagram, flat vector product-illustration look, soft light-grey studio background, slight top-down angle, one microcontroller board on the LEFT and one module on the RIGHT connected by coloured jumper wires with correctly-spelled pin labels on both sides; wire colours RED=power BLACK=GND BLUE=I2C-SDA YELLOW=I2C-SCL GREEN=analog ORANGE=digital CYAN=UART PURPLE=SPI; 16:9 high resolution. Title ""NodeMCU ESP8266 (Amica) + LED Matrix (MAX7219)"". LEFT a NodeMCU ESP8266 (Amica) (3.3V logic). RIGHT a LED Matrix (MAX7219) (Displays). Connect EXACTLY these 5 wires and no others: DIN to D7 (PURPLE); CS to D8 (PURPLE); CLK to D5 (ORANGE); VCC to 3V3 (RED); GND to GND (BLACK). Show these exact pin labels; do not invent or add any wire."
nodemcu__neopixel.png,"Realistic Fritzing-style hardware wiring diagram, flat vector product-illustration look, soft light-grey studio background, slight top-down angle, one microcontroller board on the LEFT and one module on the RIGHT connected by coloured jumper wires with correctly-spelled pin labels on both sides; wire colours RED=power BLACK=GND BLUE=I2C-SDA YELLOW=I2C-SCL GREEN=analog ORANGE=digital CYAN=UART PURPLE=SPI; 16:9 high resolution. Title ""NodeMCU ESP8266 (Amica) + NeoPixel (WS2812)"". LEFT a NodeMCU ESP8266 (Amica) (3.3V logic). RIGHT a NeoPixel (WS2812) (Displays). Connect EXACTLY these 3 wires and no others: DIN to D7 (PURPLE); 5V to 3V3 (RED); GND to GND (BLACK). Show these exact pin labels; do not invent or add any wire."
nodemcu__epaper.png,"Realistic Fritzing-style hardware wiring diagram, flat vector product-illustration look, soft light-grey studio background, slight top-down angle, one microcontroller board on the LEFT and one module on the RIGHT connected by coloured jumper wires with correctly-spelled pin labels on both sides; wire colours RED=power BLACK=GND BLUE=I2C-SDA YELLOW=I2C-SCL GREEN=analog ORANGE=digital CYAN=UART PURPLE=SPI; 16:9 high resolution. Title ""NodeMCU ESP8266 (Amica) + E-Paper Display"". LEFT a NodeMCU ESP8266 (Amica) (3.3V logic). RIGHT an E-Paper Display (Displays). Connect EXACTLY these 8 wires and no others: SCK to D5 (PURPLE); MOSI to D7 (PURPLE); CS to D8 (PURPLE); DC to D6 (ORANGE); BUSY to D0 (ORANGE); RST to D3 (ORANGE); VCC to 3V3 (RED); GND to GND (BLACK). Show these exact pin labels; do not invent or add any wire."
nodemcu__hc05.png,"Realistic Fritzing-style hardware wiring diagram, flat vector product-illustration look, soft light-grey studio background, slight top-down angle, one microcontroller board on the LEFT and one module on the RIGHT connected by coloured jumper wires with correctly-spelled pin labels on both sides; wire colours RED=power BLACK=GND BLUE=I2C-SDA YELLOW=I2C-SCL GREEN=analog ORANGE=digital CYAN=UART PURPLE=SPI; 16:9 high resolution. Title ""NodeMCU ESP8266 (Amica) + HC-05 Bluetooth"". LEFT a NodeMCU ESP8266 (Amica) (3.3V logic). RIGHT a HC-05 Bluetooth (Connectivity). Connect EXACTLY these 6 wires and no others: RXD to D5 (ORANGE); TXD to D6 (ORANGE); VCC to 3V3 (RED); GND to GND (BLACK); EN to D7 (ORANGE); KEY to D0 (ORANGE). Show these exact pin labels; do not invent or add any wire."
nodemcu__ble.png,"Realistic Fritzing-style hardware wiring diagram, flat vector product-illustration look, soft light-grey studio background, slight top-down angle, one microcontroller board on the LEFT and one module on the RIGHT connected by coloured jumper wires with correctly-spelled pin labels on both sides; wire colours RED=power BLACK=GND BLUE=I2C-SDA YELLOW=I2C-SCL GREEN=analog ORANGE=digital CYAN=UART PURPLE=SPI; 16:9 high resolution. Title ""NodeMCU ESP8266 (Amica) + BLE Module"". LEFT a NodeMCU ESP8266 (Amica) (3.3V logic). RIGHT a BLE Module (Connectivity). Connect EXACTLY these 4 wires and no others: RXD to D5 (ORANGE); TXD to D6 (ORANGE); VCC to 3V3 (RED); GND to GND (BLACK). Show these exact pin labels; do not invent or add any wire."
nodemcu__nrf24.png,"Realistic Fritzing-style hardware wiring diagram, flat vector product-illustration look, soft light-grey studio background, slight top-down angle, one microcontroller board on the LEFT and one module on the RIGHT connected by coloured jumper wires with correctly-spelled pin labels on both sides; wire colours RED=power BLACK=GND BLUE=I2C-SDA YELLOW=I2C-SCL GREEN=analog ORANGE=digital CYAN=UART PURPLE=SPI; 16:9 high resolution. Title ""NodeMCU ESP8266 (Amica) + nRF24L01"". LEFT a NodeMCU ESP8266 (Amica) (3.3V logic). RIGHT a nRF24L01 (Connectivity). Connect EXACTLY these 7 wires and no others: SCK to D5 (PURPLE); MOSI to D7 (PURPLE); MISO to D6 (PURPLE); CSN to D0 (ORANGE); CE to D8 (PURPLE); VCC to 3V3 (RED); GND to GND (BLACK). Show these exact pin labels; do not invent or add any wire."
nodemcu__lora.png,"Realistic Fritzing-style hardware wiring diagram, flat vector product-illustration look, soft light-grey studio background, slight top-down angle, one microcontroller board on the LEFT and one module on the RIGHT connected by coloured jumper wires with correctly-spelled pin labels on both sides; wire colours RED=power BLACK=GND BLUE=I2C-SDA YELLOW=I2C-SCL GREEN=analog ORANGE=digital CYAN=UART PURPLE=SPI; 16:9 high resolution. Title ""NodeMCU ESP8266 (Amica) + LoRa Module"". LEFT a NodeMCU ESP8266 (Amica) (3.3V logic). RIGHT a LoRa Module (Connectivity). Connect EXACTLY these 8 wires and no others: SCK to D5 (PURPLE); MOSI to D7 (PURPLE); MISO to D6 (PURPLE); NSS to D8 (PURPLE); DIO0 to D0 (ORANGE); RST to D3 (ORANGE); VCC to 3V3 (RED); GND to GND (BLACK). Show these exact pin labels; do not invent or add any wire."
nodemcu__sim800.png,"Realistic Fritzing-style hardware wiring diagram, flat vector product-illustration look, soft light-grey studio background, slight top-down angle, one microcontroller board on the LEFT and one module on the RIGHT connected by coloured jumper wires with correctly-spelled pin labels on both sides; wire colours RED=power BLACK=GND BLUE=I2C-SDA YELLOW=I2C-SCL GREEN=analog ORANGE=digital CYAN=UART PURPLE=SPI; 16:9 high resolution. Title ""NodeMCU ESP8266 (Amica) + SIM800L GSM"". LEFT a NodeMCU ESP8266 (Amica) (3.3V logic). RIGHT a SIM800L GSM (Connectivity). Connect EXACTLY these 4 wires and no others: RXD to D5 (ORANGE); TXD to D6 (ORANGE); VCC to 3V3 (RED); GND to GND (BLACK). Show these exact pin labels; do not invent or add any wire."
nodemcu__sim900.png,"Realistic Fritzing-style hardware wiring diagram, flat vector product-illustration look, soft light-grey studio background, slight top-down angle, one microcontroller board on the LEFT and one module on the RIGHT connected by coloured jumper wires with correctly-spelled pin labels on both sides; wire colours RED=power BLACK=GND BLUE=I2C-SDA YELLOW=I2C-SCL GREEN=analog ORANGE=digital CYAN=UART PURPLE=SPI; 16:9 high resolution. Title ""NodeMCU ESP8266 (Amica) + SIM900 GSM"". LEFT a NodeMCU ESP8266 (Amica) (3.3V logic). RIGHT a SIM900 GSM (Connectivity). Connect EXACTLY these 4 wires and no others: RXD to D5 (ORANGE); TXD to D6 (ORANGE); VCC 5V to 3V3 (RED); GND to GND (BLACK). Show these exact pin labels; do not invent or add any wire."
nodemcu__gps-neo6.png,"Realistic Fritzing-style hardware wiring diagram, flat vector product-illustration look, soft light-grey studio background, slight top-down angle, one microcontroller board on the LEFT and one module on the RIGHT connected by coloured jumper wires with correctly-spelled pin labels on both sides; wire colours RED=power BLACK=GND BLUE=I2C-SDA YELLOW=I2C-SCL GREEN=analog ORANGE=digital CYAN=UART PURPLE=SPI; 16:9 high resolution. Title ""NodeMCU ESP8266 (Amica) + NEO-6M GPS"". LEFT a NodeMCU ESP8266 (Amica) (3.3V logic). RIGHT a NEO-6M GPS (Connectivity). Connect EXACTLY these 4 wires and no others: RX to TX (CYAN); TX to RX (CYAN); VCC to 3V3 (RED); GND to GND (BLACK). Show these exact pin labels; do not invent or add any wire."
nodemcu__rfid-rc522.png,"Realistic Fritzing-style hardware wiring diagram, flat vector product-illustration look, soft light-grey studio background, slight top-down angle, one microcontroller board on the LEFT and one module on the RIGHT connected by coloured jumper wires with correctly-spelled pin labels on both sides; wire colours RED=power BLACK=GND BLUE=I2C-SDA YELLOW=I2C-SCL GREEN=analog ORANGE=digital CYAN=UART PURPLE=SPI; 16:9 high resolution. Title ""NodeMCU ESP8266 (Amica) + RFID RC522"". LEFT a NodeMCU ESP8266 (Amica) (3.3V logic). RIGHT a RFID RC522 (Connectivity). Connect EXACTLY these 7 wires and no others: SCK to D5 (PURPLE); MOSI to D7 (PURPLE); MISO to D6 (PURPLE); SS to D8 (PURPLE); RST to D0 (ORANGE); VCC to 3V3 (RED); GND to GND (BLACK). Show these exact pin labels; do not invent or add any wire."
nodemcu__fingerprint-mod.png,"Realistic Fritzing-style hardware wiring diagram, flat vector product-illustration look, soft light-grey studio background, slight top-down angle, one microcontroller board on the LEFT and one module on the RIGHT connected by coloured jumper wires with correctly-spelled pin labels on both sides; wire colours RED=power BLACK=GND BLUE=I2C-SDA YELLOW=I2C-SCL GREEN=analog ORANGE=digital CYAN=UART PURPLE=SPI; 16:9 high resolution. Title ""NodeMCU ESP8266 (Amica) + Fingerprint (R307)"". LEFT a NodeMCU ESP8266 (Amica) (3.3V logic). RIGHT a Fingerprint (R307) (Connectivity). Connect EXACTLY these 4 wires and no others: TX to RX (CYAN); RX to TX (CYAN); VCC to 3V3 (RED); GND to GND (BLACK). Show these exact pin labels; do not invent or add any wire."
nodemcu__ethernet-mod.png,"Realistic Fritzing-style hardware wiring diagram, flat vector product-illustration look, soft light-grey studio background, slight top-down angle, one microcontroller board on the LEFT and one module on the RIGHT connected by coloured jumper wires with correctly-spelled pin labels on both sides; wire colours RED=power BLACK=GND BLUE=I2C-SDA YELLOW=I2C-SCL GREEN=analog ORANGE=digital CYAN=UART PURPLE=SPI; 16:9 high resolution. Title ""NodeMCU ESP8266 (Amica) + Ethernet (W5100)"". LEFT a NodeMCU ESP8266 (Amica) (3.3V logic). RIGHT an Ethernet (W5100) (Connectivity). Connect EXACTLY these 6 wires and no others: SCK to D5 (PURPLE); MOSI to D7 (PURPLE); MISO to D6 (PURPLE); CS to D8 (PURPLE); VCC to 3V3 (RED); GND to GND (BLACK). Show these exact pin labels; do not invent or add any wire."
nodemcu__led.png,"Realistic Fritzing-style hardware wiring diagram, flat vector product-illustration look, soft light-grey studio background, slight top-down angle, one microcontroller board on the LEFT and one module on the RIGHT connected by coloured jumper wires with correctly-spelled pin labels on both sides; wire colours RED=power BLACK=GND BLUE=I2C-SDA YELLOW=I2C-SCL GREEN=analog ORANGE=digital CYAN=UART PURPLE=SPI; 16:9 high resolution. Title ""NodeMCU ESP8266 (Amica) + LED"". LEFT a NodeMCU ESP8266 (Amica) (3.3V logic). RIGHT a LED (Passive & Discrete). Connect EXACTLY these 2 wires and no others: Anode to D5 (ORANGE); GND to GND (BLACK). Show these exact pin labels; do not invent or add any wire."
nodemcu__potentiometer.png,"Realistic Fritzing-style hardware wiring diagram, flat vector product-illustration look, soft light-grey studio background, slight top-down angle, one microcontroller board on the LEFT and one module on the RIGHT connected by coloured jumper wires with correctly-spelled pin labels on both sides; wire colours RED=power BLACK=GND BLUE=I2C-SDA YELLOW=I2C-SCL GREEN=analog ORANGE=digital CYAN=UART PURPLE=SPI; 16:9 high resolution. Title ""NodeMCU ESP8266 (Amica) + Potentiometer"". LEFT a NodeMCU ESP8266 (Amica) (3.3V logic). RIGHT a Potentiometer (Passive & Discrete). Connect EXACTLY these 3 wires and no others: VCC to 3V3 (RED); GND to GND (BLACK); Wiper to A0 (0–3.3V) (GREEN). Show these exact pin labels; do not invent or add any wire."
nodemcu__push-button.png,"Realistic Fritzing-style hardware wiring diagram, flat vector product-illustration look, soft light-grey studio background, slight top-down angle, one microcontroller board on the LEFT and one module on the RIGHT connected by coloured jumper wires with correctly-spelled pin labels on both sides; wire colours RED=power BLACK=GND BLUE=I2C-SDA YELLOW=I2C-SCL GREEN=analog ORANGE=digital CYAN=UART PURPLE=SPI; 16:9 high resolution. Title ""NodeMCU ESP8266 (Amica) + Push Button"". LEFT a NodeMCU ESP8266 (Amica) (3.3V logic). RIGHT a Push Button (Input / Output). Connect EXACTLY these 1 wires and no others: 4 legs to D5 (ORANGE). Show these exact pin labels; do not invent or add any wire."
nodemcu__keypad.png,"Realistic Fritzing-style hardware wiring diagram, flat vector product-illustration look, soft light-grey studio background, slight top-down angle, one microcontroller board on the LEFT and one module on the RIGHT connected by coloured jumper wires with correctly-spelled pin labels on both sides; wire colours RED=power BLACK=GND BLUE=I2C-SDA YELLOW=I2C-SCL GREEN=analog ORANGE=digital CYAN=UART PURPLE=SPI; 16:9 high resolution. Title ""NodeMCU ESP8266 (Amica) + Matrix Keypad 4×4"". LEFT a NodeMCU ESP8266 (Amica) (3.3V logic). RIGHT a Matrix Keypad 4×4 (Input / Output). Connect EXACTLY these 1 wires and no others: 8 pins to D5 (ORANGE). Show these exact pin labels; do not invent or add any wire."
nodemcu__joystick.png,"Realistic Fritzing-style hardware wiring diagram, flat vector product-illustration look, soft light-grey studio background, slight top-down angle, one microcontroller board on the LEFT and one module on the RIGHT connected by coloured jumper wires with correctly-spelled pin labels on both sides; wire colours RED=power BLACK=GND BLUE=I2C-SDA YELLOW=I2C-SCL GREEN=analog ORANGE=digital CYAN=UART PURPLE=SPI; 16:9 high resolution. Title ""NodeMCU ESP8266 (Amica) + Joystick Module"". LEFT a NodeMCU ESP8266 (Amica) (3.3V logic). RIGHT a Joystick Module (Input / Output). Connect EXACTLY these 5 wires and no others: VRx to D5 (ORANGE); VRy to D6 (ORANGE); SW to D7 (ORANGE); VCC to 3V3 (RED); GND to GND (BLACK). Show these exact pin labels; do not invent or add any wire."
nodemcu__rotary-encoder.png,"Realistic Fritzing-style hardware wiring diagram, flat vector product-illustration look, soft light-grey studio background, slight top-down angle, one microcontroller board on the LEFT and one module on the RIGHT connected by coloured jumper wires with correctly-spelled pin labels on both sides; wire colours RED=power BLACK=GND BLUE=I2C-SDA YELLOW=I2C-SCL GREEN=analog ORANGE=digital CYAN=UART PURPLE=SPI; 16:9 high resolution. Title ""NodeMCU ESP8266 (Amica) + Rotary Encoder"". LEFT a NodeMCU ESP8266 (Amica) (3.3V logic). RIGHT a Rotary Encoder (Input / Output). Connect EXACTLY these 5 wires and no others: CLK to D5 (ORANGE); DT to D6 (ORANGE); SW to D7 (ORANGE); VCC to 3V3 (RED); GND to GND (BLACK). Show these exact pin labels; do not invent or add any wire."
nodemcu__sd-module.png,"Realistic Fritzing-style hardware wiring diagram, flat vector product-illustration look, soft light-grey studio background, slight top-down angle, one microcontroller board on the LEFT and one module on the RIGHT connected by coloured jumper wires with correctly-spelled pin labels on both sides; wire colours RED=power BLACK=GND BLUE=I2C-SDA YELLOW=I2C-SCL GREEN=analog ORANGE=digital CYAN=UART PURPLE=SPI; 16:9 high resolution. Title ""NodeMCU ESP8266 (Amica) + MicroSD Module"". LEFT a NodeMCU ESP8266 (Amica) (3.3V logic). RIGHT a MicroSD Module (Input / Output). Connect EXACTLY these 6 wires and no others: SCK to D5 (PURPLE); MOSI to D7 (PURPLE); MISO to D6 (PURPLE); CS to D8 (PURPLE); VCC to 3V3 (RED); GND to GND (BLACK). Show these exact pin labels; do not invent or add any wire."
nodemcu__rtc.png,"Realistic Fritzing-style hardware wiring diagram, flat vector product-illustration look, soft light-grey studio background, slight top-down angle, one microcontroller board on the LEFT and one module on the RIGHT connected by coloured jumper wires with correctly-spelled pin labels on both sides; wire colours RED=power BLACK=GND BLUE=I2C-SDA YELLOW=I2C-SCL GREEN=analog ORANGE=digital CYAN=UART PURPLE=SPI; 16:9 high resolution. Title ""NodeMCU ESP8266 (Amica) + RTC (DS3231)"". LEFT a NodeMCU ESP8266 (Amica) (3.3V logic). RIGHT a RTC (DS3231) (Input / Output). Connect EXACTLY these 4 wires and no others: SDA to D2 (GPIO4) (BLUE); SCL to D1 (GPIO5) (YELLOW); VCC to 3V3 (RED); GND to GND (BLACK). Show these exact pin labels; do not invent or add any wire."
nodemcu__speaker.png,"Realistic Fritzing-style hardware wiring diagram, flat vector product-illustration look, soft light-grey studio background, slight top-down angle, one microcontroller board on the LEFT and one module on the RIGHT connected by coloured jumper wires with correctly-spelled pin labels on both sides; wire colours RED=power BLACK=GND BLUE=I2C-SDA YELLOW=I2C-SCL GREEN=analog ORANGE=digital CYAN=UART PURPLE=SPI; 16:9 high resolution. Title ""NodeMCU ESP8266 (Amica) + Speaker / DFPlayer"". LEFT a NodeMCU ESP8266 (Amica) (3.3V logic). RIGHT a Speaker / DFPlayer (Input / Output). Connect EXACTLY these 4 wires and no others: RX to TX (CYAN); TX to RX (CYAN); VCC to 3V3 (RED); GND to GND (BLACK). Show these exact pin labels; do not invent or add any wire."
nodemcu__imu-robot.png,"Realistic Fritzing-style hardware wiring diagram, flat vector product-illustration look, soft light-grey studio background, slight top-down angle, one microcontroller board on the LEFT and one module on the RIGHT connected by coloured jumper wires with correctly-spelled pin labels on both sides; wire colours RED=power BLACK=GND BLUE=I2C-SDA YELLOW=I2C-SCL GREEN=analog ORANGE=digital CYAN=UART PURPLE=SPI; 16:9 high resolution. Title ""NodeMCU ESP8266 (Amica) + IMU / Balance"". LEFT a NodeMCU ESP8266 (Amica) (3.3V logic). RIGHT an IMU / Balance (Robotics). Connect EXACTLY these 5 wires and no others: SDA to D2 (GPIO4) (BLUE); SCL to D1 (GPIO5) (YELLOW); INT to D5 (ORANGE); VCC to 3V3 (RED); GND to GND (BLACK). Show these exact pin labels; do not invent or add any wire."
nodemcu__lidar-robot.png,"Realistic Fritzing-style hardware wiring diagram, flat vector product-illustration look, soft light-grey studio background, slight top-down angle, one microcontroller board on the LEFT and one module on the RIGHT connected by coloured jumper wires with correctly-spelled pin labels on both sides; wire colours RED=power BLACK=GND BLUE=I2C-SDA YELLOW=I2C-SCL GREEN=analog ORANGE=digital CYAN=UART PURPLE=SPI; 16:9 high resolution. Title ""NodeMCU ESP8266 (Amica) + LiDAR Scanner"". LEFT a NodeMCU ESP8266 (Amica) (3.3V logic). RIGHT a LiDAR Scanner (Robotics). Connect EXACTLY these 4 wires and no others: TX to RX (CYAN); RX to TX (CYAN); VCC to 3V3 (RED); GND to GND (BLACK). Show these exact pin labels; do not invent or add any wire."
raspberry-pi-pico__dht11.png,"Realistic Fritzing-style hardware wiring diagram, flat vector product-illustration look, soft light-grey studio background, slight top-down angle, one microcontroller board on the LEFT and one module on the RIGHT connected by coloured jumper wires with correctly-spelled pin labels on both sides; wire colours RED=power BLACK=GND BLUE=I2C-SDA YELLOW=I2C-SCL GREEN=analog ORANGE=digital CYAN=UART PURPLE=SPI; 16:9 high resolution. Title ""Raspberry Pi Pico (RP2040) + DHT11 / DHT22"". LEFT a Raspberry Pi Pico (RP2040) (3.3V logic). RIGHT a DHT11 / DHT22 (Sensors). Connect EXACTLY these 3 wires and no others: VCC to 3V3 (OUT) (RED); DATA to GP6 (ORANGE); GND to GND (BLACK). Show these exact pin labels; do not invent or add any wire."
raspberry-pi-pico__ds18b20.png,"Realistic Fritzing-style hardware wiring diagram, flat vector product-illustration look, soft light-grey studio background, slight top-down angle, one microcontroller board on the LEFT and one module on the RIGHT connected by coloured jumper wires with correctly-spelled pin labels on both sides; wire colours RED=power BLACK=GND BLUE=I2C-SDA YELLOW=I2C-SCL GREEN=analog ORANGE=digital CYAN=UART PURPLE=SPI; 16:9 high resolution. Title ""Raspberry Pi Pico (RP2040) + DS18B20"". LEFT a Raspberry Pi Pico (RP2040) (3.3V logic). RIGHT a DS18B20 (Sensors). Connect EXACTLY these 3 wires and no others: VDD to 3V3 (OUT) (RED); DQ to GP6 (ORANGE); GND to GND (BLACK). Show these exact pin labels; do not invent or add any wire."
raspberry-pi-pico__lm35.png,"Realistic Fritzing-style hardware wiring diagram, flat vector product-illustration look, soft light-grey studio background, slight top-down angle, one microcontroller board on the LEFT and one module on the RIGHT connected by coloured jumper wires with correctly-spelled pin labels on both sides; wire colours RED=power BLACK=GND BLUE=I2C-SDA YELLOW=I2C-SCL GREEN=analog ORANGE=digital CYAN=UART PURPLE=SPI; 16:9 high resolution. Title ""Raspberry Pi Pico (RP2040) + LM35"". LEFT a Raspberry Pi Pico (RP2040) (3.3V logic). RIGHT a LM35 (Sensors). Connect EXACTLY these 3 wires and no others: VCC to 3V3 (OUT) (RED); OUT to GP26 (ADC0) (GREEN); GND to GND (BLACK). Show these exact pin labels; do not invent or add any wire."
raspberry-pi-pico__hc-sr04.png,"Realistic Fritzing-style hardware wiring diagram, flat vector product-illustration look, soft light-grey studio background, slight top-down angle, one microcontroller board on the LEFT and one module on the RIGHT connected by coloured jumper wires with correctly-spelled pin labels on both sides; wire colours RED=power BLACK=GND BLUE=I2C-SDA YELLOW=I2C-SCL GREEN=analog ORANGE=digital CYAN=UART PURPLE=SPI; 16:9 high resolution. Title ""Raspberry Pi Pico (RP2040) + HC-SR04"". LEFT a Raspberry Pi Pico (RP2040) (3.3V logic). RIGHT a HC-SR04 (Sensors). Connect EXACTLY these 4 wires and no others: VCC to 3V3 (OUT) (RED); TRIG to GP6 (ORANGE); ECHO to GP7 (ORANGE); GND to GND (BLACK). Show these exact pin labels; do not invent or add any wire."
raspberry-pi-pico__pir.png,"Realistic Fritzing-style hardware wiring diagram, flat vector product-illustration look, soft light-grey studio background, slight top-down angle, one microcontroller board on the LEFT and one module on the RIGHT connected by coloured jumper wires with correctly-spelled pin labels on both sides; wire colours RED=power BLACK=GND BLUE=I2C-SDA YELLOW=I2C-SCL GREEN=analog ORANGE=digital CYAN=UART PURPLE=SPI; 16:9 high resolution. Title ""Raspberry Pi Pico (RP2040) + PIR Motion (HC-SR501)"". LEFT a Raspberry Pi Pico (RP2040) (3.3V logic). RIGHT a PIR Motion (HC-SR501) (Sensors). Connect EXACTLY these 3 wires and no others: VCC to 3V3 (OUT) (RED); OUT to GP6 (ORANGE); GND to GND (BLACK). Show these exact pin labels; do not invent or add any wire."
raspberry-pi-pico__ldr.png,"Realistic Fritzing-style hardware wiring diagram, flat vector product-illustration look, soft light-grey studio background, slight top-down angle, one microcontroller board on the LEFT and one module on the RIGHT connected by coloured jumper wires with correctly-spelled pin labels on both sides; wire colours RED=power BLACK=GND BLUE=I2C-SDA YELLOW=I2C-SCL GREEN=analog ORANGE=digital CYAN=UART PURPLE=SPI; 16:9 high resolution. Title ""Raspberry Pi Pico (RP2040) + LDR (Photoresistor)"". LEFT a Raspberry Pi Pico (RP2040) (3.3V logic). RIGHT a LDR (Photoresistor) (Sensors). Connect EXACTLY these 3 wires and no others: VCC to 3V3 (OUT) (RED); AO to GP26 (ADC0) (GREEN); GND to GND (BLACK). Show these exact pin labels; do not invent or add any wire."
raspberry-pi-pico__bh1750.png,"Realistic Fritzing-style hardware wiring diagram, flat vector product-illustration look, soft light-grey studio background, slight top-down angle, one microcontroller board on the LEFT and one module on the RIGHT connected by coloured jumper wires with correctly-spelled pin labels on both sides; wire colours RED=power BLACK=GND BLUE=I2C-SDA YELLOW=I2C-SCL GREEN=analog ORANGE=digital CYAN=UART PURPLE=SPI; 16:9 high resolution. Title ""Raspberry Pi Pico (RP2040) + BH1750"". LEFT a Raspberry Pi Pico (RP2040) (3.3V logic). RIGHT a BH1750 (Sensors). Connect EXACTLY these 5 wires and no others: VCC to 3V3 (OUT) (RED); GND to GND (BLACK); SDA to GP0 (SDA) (BLUE); SCL to GP1 (SCL) (YELLOW); ADDR to GP6 (ORANGE). Show these exact pin labels; do not invent or add any wire."
raspberry-pi-pico__mq2.png,"Realistic Fritzing-style hardware wiring diagram, flat vector product-illustration look, soft light-grey studio background, slight top-down angle, one microcontroller board on the LEFT and one module on the RIGHT connected by coloured jumper wires with correctly-spelled pin labels on both sides; wire colours RED=power BLACK=GND BLUE=I2C-SDA YELLOW=I2C-SCL GREEN=analog ORANGE=digital CYAN=UART PURPLE=SPI; 16:9 high resolution. Title ""Raspberry Pi Pico (RP2040) + MQ-2 Gas"". LEFT a Raspberry Pi Pico (RP2040) (3.3V logic). RIGHT a MQ-2 Gas (Sensors). Connect EXACTLY these 4 wires and no others: VCC to 3V3 (OUT) (RED); AO to GP26 (ADC0) (GREEN); DO to GP6 (ORANGE); GND to GND (BLACK). Show these exact pin labels; do not invent or add any wire."
raspberry-pi-pico__mq135.png,"Realistic Fritzing-style hardware wiring diagram, flat vector product-illustration look, soft light-grey studio background, slight top-down angle, one microcontroller board on the LEFT and one module on the RIGHT connected by coloured jumper wires with correctly-spelled pin labels on both sides; wire colours RED=power BLACK=GND BLUE=I2C-SDA YELLOW=I2C-SCL GREEN=analog ORANGE=digital CYAN=UART PURPLE=SPI; 16:9 high resolution. Title ""Raspberry Pi Pico (RP2040) + MQ-135 Air Quality"". LEFT a Raspberry Pi Pico (RP2040) (3.3V logic). RIGHT a MQ-135 Air Quality (Sensors). Connect EXACTLY these 4 wires and no others: VCC to 3V3 (OUT) (RED); AO to GP26 (ADC0) (GREEN); DO to GP6 (ORANGE); GND to GND (BLACK). Show these exact pin labels; do not invent or add any wire."
raspberry-pi-pico__mq7.png,"Realistic Fritzing-style hardware wiring diagram, flat vector product-illustration look, soft light-grey studio background, slight top-down angle, one microcontroller board on the LEFT and one module on the RIGHT connected by coloured jumper wires with correctly-spelled pin labels on both sides; wire colours RED=power BLACK=GND BLUE=I2C-SDA YELLOW=I2C-SCL GREEN=analog ORANGE=digital CYAN=UART PURPLE=SPI; 16:9 high resolution. Title ""Raspberry Pi Pico (RP2040) + MQ-7 CO"". LEFT a Raspberry Pi Pico (RP2040) (3.3V logic). RIGHT a MQ-7 CO (Sensors). Connect EXACTLY these 4 wires and no others: VCC to 3V3 (OUT) (RED); AO to GP26 (ADC0) (GREEN); DO to GP6 (ORANGE); GND to GND (BLACK). Show these exact pin labels; do not invent or add any wire."
raspberry-pi-pico__soil-moisture.png,"Realistic Fritzing-style hardware wiring diagram, flat vector product-illustration look, soft light-grey studio background, slight top-down angle, one microcontroller board on the LEFT and one module on the RIGHT connected by coloured jumper wires with correctly-spelled pin labels on both sides; wire colours RED=power BLACK=GND BLUE=I2C-SDA YELLOW=I2C-SCL GREEN=analog ORANGE=digital CYAN=UART PURPLE=SPI; 16:9 high resolution. Title ""Raspberry Pi Pico (RP2040) + Soil Moisture"". LEFT a Raspberry Pi Pico (RP2040) (3.3V logic). RIGHT a Soil Moisture (Sensors). Connect EXACTLY these 4 wires and no others: VCC to 3V3 (OUT) (RED); AO to GP26 (ADC0) (GREEN); DO to GP6 (ORANGE); GND to GND (BLACK). Show these exact pin labels; do not invent or add any wire."
raspberry-pi-pico__rain-sensor.png,"Realistic Fritzing-style hardware wiring diagram, flat vector product-illustration look, soft light-grey studio background, slight top-down angle, one microcontroller board on the LEFT and one module on the RIGHT connected by coloured jumper wires with correctly-spelled pin labels on both sides; wire colours RED=power BLACK=GND BLUE=I2C-SDA YELLOW=I2C-SCL GREEN=analog ORANGE=digital CYAN=UART PURPLE=SPI; 16:9 high resolution. Title ""Raspberry Pi Pico (RP2040) + Rain Sensor"". LEFT a Raspberry Pi Pico (RP2040) (3.3V logic). RIGHT a Rain Sensor (Sensors). Connect EXACTLY these 4 wires and no others: VCC to 3V3 (OUT) (RED); AO to GP26 (ADC0) (GREEN); DO to GP6 (ORANGE); GND to GND (BLACK). Show these exact pin labels; do not invent or add any wire."
raspberry-pi-pico__water-level.png,"Realistic Fritzing-style hardware wiring diagram, flat vector product-illustration look, soft light-grey studio background, slight top-down angle, one microcontroller board on the LEFT and one module on the RIGHT connected by coloured jumper wires with correctly-spelled pin labels on both sides; wire colours RED=power BLACK=GND BLUE=I2C-SDA YELLOW=I2C-SCL GREEN=analog ORANGE=digital CYAN=UART PURPLE=SPI; 16:9 high resolution. Title ""Raspberry Pi Pico (RP2040) + Water Level Sensor"". LEFT a Raspberry Pi Pico (RP2040) (3.3V logic). RIGHT a Water Level Sensor (Sensors). Connect EXACTLY these 3 wires and no others: + to 3V3 (OUT) (RED); S to GP26 (ADC0) (GREEN); - to GND (BLACK). Show these exact pin labels; do not invent or add any wire."
raspberry-pi-pico__flow-sensor.png,"Realistic Fritzing-style hardware wiring diagram, flat vector product-illustration look, soft light-grey studio background, slight top-down angle, one microcontroller board on the LEFT and one module on the RIGHT connected by coloured jumper wires with correctly-spelled pin labels on both sides; wire colours RED=power BLACK=GND BLUE=I2C-SDA YELLOW=I2C-SCL GREEN=analog ORANGE=digital CYAN=UART PURPLE=SPI; 16:9 high resolution. Title ""Raspberry Pi Pico (RP2040) + Water Flow (YF-S201)"". LEFT a Raspberry Pi Pico (RP2040) (3.3V logic). RIGHT a Water Flow (YF-S201) (Sensors). Connect EXACTLY these 3 wires and no others: VCC to 3V3 (OUT) (RED); SIGNAL to GP6 (ORANGE); GND to GND (BLACK). Show these exact pin labels; do not invent or add any wire."
raspberry-pi-pico__flame-sensor.png,"Realistic Fritzing-style hardware wiring diagram, flat vector product-illustration look, soft light-grey studio background, slight top-down angle, one microcontroller board on the LEFT and one module on the RIGHT connected by coloured jumper wires with correctly-spelled pin labels on both sides; wire colours RED=power BLACK=GND BLUE=I2C-SDA YELLOW=I2C-SCL GREEN=analog ORANGE=digital CYAN=UART PURPLE=SPI; 16:9 high resolution. Title ""Raspberry Pi Pico (RP2040) + Flame Sensor"". LEFT a Raspberry Pi Pico (RP2040) (3.3V logic). RIGHT a Flame Sensor (Sensors). Connect EXACTLY these 4 wires and no others: VCC to 3V3 (OUT) (RED); AO to GP26 (ADC0) (GREEN); DO to GP6 (ORANGE); GND to GND (BLACK). Show these exact pin labels; do not invent or add any wire."
raspberry-pi-pico__mpu6050.png,"Realistic Fritzing-style hardware wiring diagram, flat vector product-illustration look, soft light-grey studio background, slight top-down angle, one microcontroller board on the LEFT and one module on the RIGHT connected by coloured jumper wires with correctly-spelled pin labels on both sides; wire colours RED=power BLACK=GND BLUE=I2C-SDA YELLOW=I2C-SCL GREEN=analog ORANGE=digital CYAN=UART PURPLE=SPI; 16:9 high resolution. Title ""Raspberry Pi Pico (RP2040) + MPU-6050 IMU"". LEFT a Raspberry Pi Pico (RP2040) (3.3V logic). RIGHT a MPU-6050 IMU (Sensors). Connect EXACTLY these 5 wires and no others: VCC to 3V3 (OUT) (RED); SDA to GP0 (SDA) (BLUE); SCL to GP1 (SCL) (YELLOW); INT to GP6 (ORANGE); GND to GND (BLACK). Show these exact pin labels; do not invent or add any wire."
raspberry-pi-pico__hmc5883l.png,"Realistic Fritzing-style hardware wiring diagram, flat vector product-illustration look, soft light-grey studio background, slight top-down angle, one microcontroller board on the LEFT and one module on the RIGHT connected by coloured jumper wires with correctly-spelled pin labels on both sides; wire colours RED=power BLACK=GND BLUE=I2C-SDA YELLOW=I2C-SCL GREEN=analog ORANGE=digital CYAN=UART PURPLE=SPI; 16:9 high resolution. Title ""Raspberry Pi Pico (RP2040) + HMC5883L"". LEFT a Raspberry Pi Pico (RP2040) (3.3V logic). RIGHT a HMC5883L (Sensors). Connect EXACTLY these 5 wires and no others: VCC to 3V3 (OUT) (RED); SDA to GP0 (SDA) (BLUE); SCL to GP1 (SCL) (YELLOW); DRDY to GP6 (ORANGE); GND to GND (BLACK). Show these exact pin labels; do not invent or add any wire."
raspberry-pi-pico__bmp280.png,"Realistic Fritzing-style hardware wiring diagram, flat vector product-illustration look, soft light-grey studio background, slight top-down angle, one microcontroller board on the LEFT and one module on the RIGHT connected by coloured jumper wires with correctly-spelled pin labels on both sides; wire colours RED=power BLACK=GND BLUE=I2C-SDA YELLOW=I2C-SCL GREEN=analog ORANGE=digital CYAN=UART PURPLE=SPI; 16:9 high resolution. Title ""Raspberry Pi Pico (RP2040) + BMP280 / BME280"". LEFT a Raspberry Pi Pico (RP2040) (3.3V logic). RIGHT a BMP280 / BME280 (Sensors). Connect EXACTLY these 4 wires and no others: VCC to 3V3 (OUT) (RED); SDA to GP0 (SDA) (BLUE); SCL to GP1 (SCL) (YELLOW); GND to GND (BLACK). Show these exact pin labels; do not invent or add any wire."
raspberry-pi-pico__load-cell.png,"Realistic Fritzing-style hardware wiring diagram, flat vector product-illustration look, soft light-grey studio background, slight top-down angle, one microcontroller board on the LEFT and one module on the RIGHT connected by coloured jumper wires with correctly-spelled pin labels on both sides; wire colours RED=power BLACK=GND BLUE=I2C-SDA YELLOW=I2C-SCL GREEN=analog ORANGE=digital CYAN=UART PURPLE=SPI; 16:9 high resolution. Title ""Raspberry Pi Pico (RP2040) + Load Cell + HX711"". LEFT a Raspberry Pi Pico (RP2040) (3.3V logic). RIGHT a Load Cell + HX711 (Sensors). Connect EXACTLY these 4 wires and no others: DT to GP6 (ORANGE); CLK to GP7 (ORANGE); VCC to 3V3 (OUT) (RED); GND to GND (BLACK). Show these exact pin labels; do not invent or add any wire."
raspberry-pi-pico__ir-sensor.png,"Realistic Fritzing-style hardware wiring diagram, flat vector product-illustration look, soft light-grey studio background, slight top-down angle, one microcontroller board on the LEFT and one module on the RIGHT connected by coloured jumper wires with correctly-spelled pin labels on both sides; wire colours RED=power BLACK=GND BLUE=I2C-SDA YELLOW=I2C-SCL GREEN=analog ORANGE=digital CYAN=UART PURPLE=SPI; 16:9 high resolution. Title ""Raspberry Pi Pico (RP2040) + IR Obstacle Sensor"". LEFT a Raspberry Pi Pico (RP2040) (3.3V logic). RIGHT an IR Obstacle Sensor (Sensors). Connect EXACTLY these 3 wires and no others: VCC to 3V3 (OUT) (RED); OUT to GP6 (ORANGE); GND to GND (BLACK). Show these exact pin labels; do not invent or add any wire."
raspberry-pi-pico__color-sensor.png,"Realistic Fritzing-style hardware wiring diagram, flat vector product-illustration look, soft light-grey studio background, slight top-down angle, one microcontroller board on the LEFT and one module on the RIGHT connected by coloured jumper wires with correctly-spelled pin labels on both sides; wire colours RED=power BLACK=GND BLUE=I2C-SDA YELLOW=I2C-SCL GREEN=analog ORANGE=digital CYAN=UART PURPLE=SPI; 16:9 high resolution. Title ""Raspberry Pi Pico (RP2040) + TCS3200 Color"". LEFT a Raspberry Pi Pico (RP2040) (3.3V logic). RIGHT a TCS3200 Color (Sensors). Connect EXACTLY these 4 wires and no others: VCC to 3V3 (OUT) (RED); GND to GND (BLACK); S0–S3 to GP6 (ORANGE); OUT to GP7 (ORANGE). Show these exact pin labels; do not invent or add any wire."
raspberry-pi-pico__heart-rate.png,"Realistic Fritzing-style hardware wiring diagram, flat vector product-illustration look, soft light-grey studio background, slight top-down angle, one microcontroller board on the LEFT and one module on the RIGHT connected by coloured jumper wires with correctly-spelled pin labels on both sides; wire colours RED=power BLACK=GND BLUE=I2C-SDA YELLOW=I2C-SCL GREEN=analog ORANGE=digital CYAN=UART PURPLE=SPI; 16:9 high resolution. Title ""Raspberry Pi Pico (RP2040) + MAX30100 Pulse"". LEFT a Raspberry Pi Pico (RP2040) (3.3V logic). RIGHT a MAX30100 Pulse (Sensors). Connect EXACTLY these 5 wires and no others: VIN to 3V3 (OUT) (RED); SDA to GP0 (SDA) (BLUE); SCL to GP1 (SCL) (YELLOW); INT to GP6 (ORANGE); GND to GND (BLACK). Show these exact pin labels; do not invent or add any wire."
raspberry-pi-pico__ph-sensor.png,"Realistic Fritzing-style hardware wiring diagram, flat vector product-illustration look, soft light-grey studio background, slight top-down angle, one microcontroller board on the LEFT and one module on the RIGHT connected by coloured jumper wires with correctly-spelled pin labels on both sides; wire colours RED=power BLACK=GND BLUE=I2C-SDA YELLOW=I2C-SCL GREEN=analog ORANGE=digital CYAN=UART PURPLE=SPI; 16:9 high resolution. Title ""Raspberry Pi Pico (RP2040) + pH Sensor"". LEFT a Raspberry Pi Pico (RP2040) (3.3V logic). RIGHT a pH Sensor (Sensors). Connect EXACTLY these 3 wires and no others: VCC to 3V3 (OUT) (RED); GND to GND (BLACK); PO to GP26 (ADC0) (GREEN). Show these exact pin labels; do not invent or add any wire."
raspberry-pi-pico__current-sensor.png,"Realistic Fritzing-style hardware wiring diagram, flat vector product-illustration look, soft light-grey studio background, slight top-down angle, one microcontroller board on the LEFT and one module on the RIGHT connected by coloured jumper wires with correctly-spelled pin labels on both sides; wire colours RED=power BLACK=GND BLUE=I2C-SDA YELLOW=I2C-SCL GREEN=analog ORANGE=digital CYAN=UART PURPLE=SPI; 16:9 high resolution. Title ""Raspberry Pi Pico (RP2040) + ACS712 Current"". LEFT a Raspberry Pi Pico (RP2040) (3.3V logic). RIGHT an ACS712 Current (Sensors). Connect EXACTLY these 5 wires and no others: VCC to 3V3 (OUT) (RED); GND to GND (BLACK); OUT to GP26 (ADC0) (GREEN); IP+ to GP6 (ORANGE); IP- to GP7 (ORANGE). Show these exact pin labels; do not invent or add any wire."
raspberry-pi-pico__voltage-sensor.png,"Realistic Fritzing-style hardware wiring diagram, flat vector product-illustration look, soft light-grey studio background, slight top-down angle, one microcontroller board on the LEFT and one module on the RIGHT connected by coloured jumper wires with correctly-spelled pin labels on both sides; wire colours RED=power BLACK=GND BLUE=I2C-SDA YELLOW=I2C-SCL GREEN=analog ORANGE=digital CYAN=UART PURPLE=SPI; 16:9 high resolution. Title ""Raspberry Pi Pico (RP2040) + Voltage Sensor"". LEFT a Raspberry Pi Pico (RP2040) (3.3V logic). RIGHT a Voltage Sensor (Sensors). Connect EXACTLY these 2 wires and no others: S to GP26 (ADC0) (GREEN); - to GND (BLACK). Show these exact pin labels; do not invent or add any wire."
raspberry-pi-pico__ir-flame-array.png,"Realistic Fritzing-style hardware wiring diagram, flat vector product-illustration look, soft light-grey studio background, slight top-down angle, one microcontroller board on the LEFT and one module on the RIGHT connected by coloured jumper wires with correctly-spelled pin labels on both sides; wire colours RED=power BLACK=GND BLUE=I2C-SDA YELLOW=I2C-SCL GREEN=analog ORANGE=digital CYAN=UART PURPLE=SPI; 16:9 high resolution. Title ""Raspberry Pi Pico (RP2040) + Vibration (SW-420)"". LEFT a Raspberry Pi Pico (RP2040) (3.3V logic). RIGHT a Vibration (SW-420) (Sensors). Connect EXACTLY these 3 wires and no others: VCC to 3V3 (OUT) (RED); GND to GND (BLACK); DO to GP6 (ORANGE). Show these exact pin labels; do not invent or add any wire."
raspberry-pi-pico__lidar-sensor.png,"Realistic Fritzing-style hardware wiring diagram, flat vector product-illustration look, soft light-grey studio background, slight top-down angle, one microcontroller board on the LEFT and one module on the RIGHT connected by coloured jumper wires with correctly-spelled pin labels on both sides; wire colours RED=power BLACK=GND BLUE=I2C-SDA YELLOW=I2C-SCL GREEN=analog ORANGE=digital CYAN=UART PURPLE=SPI; 16:9 high resolution. Title ""Raspberry Pi Pico (RP2040) + LiDAR (TF-Luna)"". LEFT a Raspberry Pi Pico (RP2040) (3.3V logic). RIGHT a LiDAR (TF-Luna) (Sensors). Connect EXACTLY these 4 wires and no others: VCC to 3V3 (OUT) (RED); RXD to GP6 (ORANGE); TXD to GP7 (ORANGE); GND to GND (BLACK). Show these exact pin labels; do not invent or add any wire."
raspberry-pi-pico__servo.png,"Realistic Fritzing-style hardware wiring diagram, flat vector product-illustration look, soft light-grey studio background, slight top-down angle, one microcontroller board on the LEFT and one module on the RIGHT connected by coloured jumper wires with correctly-spelled pin labels on both sides; wire colours RED=power BLACK=GND BLUE=I2C-SDA YELLOW=I2C-SCL GREEN=analog ORANGE=digital CYAN=UART PURPLE=SPI; 16:9 high resolution. Title ""Raspberry Pi Pico (RP2040) + Servo (SG90/MG996)"". LEFT a Raspberry Pi Pico (RP2040) (3.3V logic). RIGHT a Servo (SG90/MG996) (Actuators & Motors). Connect EXACTLY these 3 wires and no others: Signal to GP6 (ORANGE); VCC to 3V3 (OUT) (RED); GND to GND (BLACK). Show these exact pin labels; do not invent or add any wire."
raspberry-pi-pico__stepper.png,"Realistic Fritzing-style hardware wiring diagram, flat vector product-illustration look, soft light-grey studio background, slight top-down angle, one microcontroller board on the LEFT and one module on the RIGHT connected by coloured jumper wires with correctly-spelled pin labels on both sides; wire colours RED=power BLACK=GND BLUE=I2C-SDA YELLOW=I2C-SCL GREEN=analog ORANGE=digital CYAN=UART PURPLE=SPI; 16:9 high resolution. Title ""Raspberry Pi Pico (RP2040) + Stepper (28BYJ-48)"". LEFT a Raspberry Pi Pico (RP2040) (3.3V logic). RIGHT a Stepper (28BYJ-48) (Actuators & Motors). Connect EXACTLY these 3 wires and no others: IN1–IN4 to GP6 (ORANGE); VCC to 3V3 (OUT) (RED); GND to GND (BLACK). Show these exact pin labels; do not invent or add any wire."
raspberry-pi-pico__l298n.png,"Realistic Fritzing-style hardware wiring diagram, flat vector product-illustration look, soft light-grey studio background, slight top-down angle, one microcontroller board on the LEFT and one module on the RIGHT connected by coloured jumper wires with correctly-spelled pin labels on both sides; wire colours RED=power BLACK=GND BLUE=I2C-SDA YELLOW=I2C-SCL GREEN=analog ORANGE=digital CYAN=UART PURPLE=SPI; 16:9 high resolution. Title ""Raspberry Pi Pico (RP2040) + L298N Driver"". LEFT a Raspberry Pi Pico (RP2040) (3.3V logic). RIGHT a L298N Driver (Actuators & Motors). Connect EXACTLY these 5 wires and no others: IN1–IN4 to GP6 (ORANGE); ENA to GP7 (ORANGE); ENB to GP8 (ORANGE); 5V to 3V3 (OUT) (RED); GND to GND (BLACK). Show these exact pin labels; do not invent or add any wire."
raspberry-pi-pico__l293d.png,"Realistic Fritzing-style hardware wiring diagram, flat vector product-illustration look, soft light-grey studio background, slight top-down angle, one microcontroller board on the LEFT and one module on the RIGHT connected by coloured jumper wires with correctly-spelled pin labels on both sides; wire colours RED=power BLACK=GND BLUE=I2C-SDA YELLOW=I2C-SCL GREEN=analog ORANGE=digital CYAN=UART PURPLE=SPI; 16:9 high resolution. Title ""Raspberry Pi Pico (RP2040) + L293D Driver"". LEFT a Raspberry Pi Pico (RP2040) (3.3V logic). RIGHT a L293D Driver (Actuators & Motors). Connect EXACTLY these 5 wires and no others: IN1–IN4 to GP6 (ORANGE); EN1 to GP7 (ORANGE); EN2 to GP8 (ORANGE); Vcc1 to 3V3 (OUT) (RED); GND to GND (BLACK). Show these exact pin labels; do not invent or add any wire."
raspberry-pi-pico__a4988.png,"Realistic Fritzing-style hardware wiring diagram, flat vector product-illustration look, soft light-grey studio background, slight top-down angle, one microcontroller board on the LEFT and one module on the RIGHT connected by coloured jumper wires with correctly-spelled pin labels on both sides; wire colours RED=power BLACK=GND BLUE=I2C-SDA YELLOW=I2C-SCL GREEN=analog ORANGE=digital CYAN=UART PURPLE=SPI; 16:9 high resolution. Title ""Raspberry Pi Pico (RP2040) + A4988 Driver"". LEFT a Raspberry Pi Pico (RP2040) (3.3V logic). RIGHT an A4988 Driver (Actuators & Motors). Connect EXACTLY these 5 wires and no others: STEP to GP6 (ORANGE); DIR to GP7 (ORANGE); VDD to 3V3 (OUT) (RED); GND to GND (BLACK); MS1 to GP8 (ORANGE). Show these exact pin labels; do not invent or add any wire."
raspberry-pi-pico__relay-module.png,"Realistic Fritzing-style hardware wiring diagram, flat vector product-illustration look, soft light-grey studio background, slight top-down angle, one microcontroller board on the LEFT and one module on the RIGHT connected by coloured jumper wires with correctly-spelled pin labels on both sides; wire colours RED=power BLACK=GND BLUE=I2C-SDA YELLOW=I2C-SCL GREEN=analog ORANGE=digital CYAN=UART PURPLE=SPI; 16:9 high resolution. Title ""Raspberry Pi Pico (RP2040) + Relay Module"". LEFT a Raspberry Pi Pico (RP2040) (3.3V logic). RIGHT a Relay Module (Actuators & Motors). Connect EXACTLY these 6 wires and no others: IN to GP6 (ORANGE); VCC to 3V3 (OUT) (RED); GND to GND (BLACK); COM to GP7 (ORANGE); NO to GP8 (ORANGE); NC to GP9 (ORANGE). Show these exact pin labels; do not invent or add any wire."
raspberry-pi-pico__water-pump.png,"Realistic Fritzing-style hardware wiring diagram, flat vector product-illustration look, soft light-grey studio background, slight top-down angle, one microcontroller board on the LEFT and one module on the RIGHT connected by coloured jumper wires with correctly-spelled pin labels on both sides; wire colours RED=power BLACK=GND BLUE=I2C-SDA YELLOW=I2C-SCL GREEN=analog ORANGE=digital CYAN=UART PURPLE=SPI; 16:9 high resolution. Title ""Raspberry Pi Pico (RP2040) + Water Pump"". LEFT a Raspberry Pi Pico (RP2040) (3.3V logic). RIGHT a Water Pump (Actuators & Motors). Connect EXACTLY these 2 wires and no others: + to 3V3 (OUT) (RED); - to GND (BLACK). Show these exact pin labels; do not invent or add any wire."
raspberry-pi-pico__servo-continuous.png,"Realistic Fritzing-style hardware wiring diagram, flat vector product-illustration look, soft light-grey studio background, slight top-down angle, one microcontroller board on the LEFT and one module on the RIGHT connected by coloured jumper wires with correctly-spelled pin labels on both sides; wire colours RED=power BLACK=GND BLUE=I2C-SDA YELLOW=I2C-SCL GREEN=analog ORANGE=digital CYAN=UART PURPLE=SPI; 16:9 high resolution. Title ""Raspberry Pi Pico (RP2040) + Continuous Servo"". LEFT a Raspberry Pi Pico (RP2040) (3.3V logic). RIGHT a Continuous Servo (Actuators & Motors). Connect EXACTLY these 3 wires and no others: Signal to GP6 (ORANGE); VCC to 3V3 (OUT) (RED); GND to GND (BLACK). Show these exact pin labels; do not invent or add any wire."
raspberry-pi-pico__buzzer.png,"Realistic Fritzing-style hardware wiring diagram, flat vector product-illustration look, soft light-grey studio background, slight top-down angle, one microcontroller board on the LEFT and one module on the RIGHT connected by coloured jumper wires with correctly-spelled pin labels on both sides; wire colours RED=power BLACK=GND BLUE=I2C-SDA YELLOW=I2C-SCL GREEN=analog ORANGE=digital CYAN=UART PURPLE=SPI; 16:9 high resolution. Title ""Raspberry Pi Pico (RP2040) + Buzzer"". LEFT a Raspberry Pi Pico (RP2040) (3.3V logic). RIGHT a Buzzer (Actuators & Motors). Connect EXACTLY these 2 wires and no others: + to 3V3 (OUT) (RED); - to GND (BLACK). Show these exact pin labels; do not invent or add any wire."
raspberry-pi-pico__lcd1602.png,"Realistic Fritzing-style hardware wiring diagram, flat vector product-illustration look, soft light-grey studio background, slight top-down angle, one microcontroller board on the LEFT and one module on the RIGHT connected by coloured jumper wires with correctly-spelled pin labels on both sides; wire colours RED=power BLACK=GND BLUE=I2C-SDA YELLOW=I2C-SCL GREEN=analog ORANGE=digital CYAN=UART PURPLE=SPI; 16:9 high resolution. Title ""Raspberry Pi Pico (RP2040) + LCD 16×2"". LEFT a Raspberry Pi Pico (RP2040) (3.3V logic). RIGHT a LCD 16×2 (Displays). Connect EXACTLY these 4 wires and no others: SDA to GP0 (SDA) (BLUE); SCL to GP1 (SCL) (YELLOW); VCC to 3V3 (OUT) (RED); GND to GND (BLACK). Show these exact pin labels; do not invent or add any wire."
raspberry-pi-pico__lcd2004.png,"Realistic Fritzing-style hardware wiring diagram, flat vector product-illustration look, soft light-grey studio background, slight top-down angle, one microcontroller board on the LEFT and one module on the RIGHT connected by coloured jumper wires with correctly-spelled pin labels on both sides; wire colours RED=power BLACK=GND BLUE=I2C-SDA YELLOW=I2C-SCL GREEN=analog ORANGE=digital CYAN=UART PURPLE=SPI; 16:9 high resolution. Title ""Raspberry Pi Pico (RP2040) + LCD 20×4"". LEFT a Raspberry Pi Pico (RP2040) (3.3V logic). RIGHT a LCD 20×4 (Displays). Connect EXACTLY these 4 wires and no others: SDA to GP0 (SDA) (BLUE); SCL to GP1 (SCL) (YELLOW); VCC to 3V3 (OUT) (RED); GND to GND (BLACK). Show these exact pin labels; do not invent or add any wire."
raspberry-pi-pico__oled.png,"Realistic Fritzing-style hardware wiring diagram, flat vector product-illustration look, soft light-grey studio background, slight top-down angle, one microcontroller board on the LEFT and one module on the RIGHT connected by coloured jumper wires with correctly-spelled pin labels on both sides; wire colours RED=power BLACK=GND BLUE=I2C-SDA YELLOW=I2C-SCL GREEN=analog ORANGE=digital CYAN=UART PURPLE=SPI; 16:9 high resolution. Title ""Raspberry Pi Pico (RP2040) + OLED 0.96"" (SSD1306)"". LEFT a Raspberry Pi Pico (RP2040) (3.3V logic). RIGHT an OLED 0.96"" (SSD1306) (Displays). Connect EXACTLY these 4 wires and no others: SDA to GP0 (SDA) (BLUE); SCL to GP1 (SCL) (YELLOW); VCC to 3V3 (OUT) (RED); GND to GND (BLACK). Show these exact pin labels; do not invent or add any wire."
raspberry-pi-pico__tft.png,"Realistic Fritzing-style hardware wiring diagram, flat vector product-illustration look, soft light-grey studio background, slight top-down angle, one microcontroller board on the LEFT and one module on the RIGHT connected by coloured jumper wires with correctly-spelled pin labels on both sides; wire colours RED=power BLACK=GND BLUE=I2C-SDA YELLOW=I2C-SCL GREEN=analog ORANGE=digital CYAN=UART PURPLE=SPI; 16:9 high resolution. Title ""Raspberry Pi Pico (RP2040) + TFT Touch Display"". LEFT a Raspberry Pi Pico (RP2040) (3.3V logic). RIGHT a TFT Touch Display (Displays). Connect EXACTLY these 9 wires and no others: SCK to GP2 (SCK) (PURPLE); MOSI to GP3 (TX) (PURPLE); MISO to GP4 (RX) (PURPLE); CS to GP5 (CSn) (PURPLE); DC to GP6 (ORANGE); T_CS to GP7 (ORANGE); T_IRQ to GP8 (ORANGE); VCC to 3V3 (OUT) (RED); GND to GND (BLACK). Show these exact pin labels; do not invent or add any wire."
raspberry-pi-pico__seven-seg.png,"Realistic Fritzing-style hardware wiring diagram, flat vector product-illustration look, soft light-grey studio background, slight top-down angle, one microcontroller board on the LEFT and one module on the RIGHT connected by coloured jumper wires with correctly-spelled pin labels on both sides; wire colours RED=power BLACK=GND BLUE=I2C-SDA YELLOW=I2C-SCL GREEN=analog ORANGE=digital CYAN=UART PURPLE=SPI; 16:9 high resolution. Title ""Raspberry Pi Pico (RP2040) + 7-Segment Display"". LEFT a Raspberry Pi Pico (RP2040) (3.3V logic). RIGHT a 7-Segment Display (Displays). Connect EXACTLY these 3 wires and no others: a–g to GP6 (ORANGE); dp to GP7 (ORANGE); GND to GND (BLACK). Show these exact pin labels; do not invent or add any wire."
raspberry-pi-pico__led-matrix.png,"Realistic Fritzing-style hardware wiring diagram, flat vector product-illustration look, soft light-grey studio background, slight top-down angle, one microcontroller board on the LEFT and one module on the RIGHT connected by coloured jumper wires with correctly-spelled pin labels on both sides; wire colours RED=power BLACK=GND BLUE=I2C-SDA YELLOW=I2C-SCL GREEN=analog ORANGE=digital CYAN=UART PURPLE=SPI; 16:9 high resolution. Title ""Raspberry Pi Pico (RP2040) + LED Matrix (MAX7219)"". LEFT a Raspberry Pi Pico (RP2040) (3.3V logic). RIGHT a LED Matrix (MAX7219) (Displays). Connect EXACTLY these 5 wires and no others: DIN to GP3 (TX) (PURPLE); CS to GP5 (CSn) (PURPLE); CLK to GP6 (ORANGE); VCC to 3V3 (OUT) (RED); GND to GND (BLACK). Show these exact pin labels; do not invent or add any wire."
raspberry-pi-pico__neopixel.png,"Realistic Fritzing-style hardware wiring diagram, flat vector product-illustration look, soft light-grey studio background, slight top-down angle, one microcontroller board on the LEFT and one module on the RIGHT connected by coloured jumper wires with correctly-spelled pin labels on both sides; wire colours RED=power BLACK=GND BLUE=I2C-SDA YELLOW=I2C-SCL GREEN=analog ORANGE=digital CYAN=UART PURPLE=SPI; 16:9 high resolution. Title ""Raspberry Pi Pico (RP2040) + NeoPixel (WS2812)"". LEFT a Raspberry Pi Pico (RP2040) (3.3V logic). RIGHT a NeoPixel (WS2812) (Displays). Connect EXACTLY these 3 wires and no others: DIN to GP3 (TX) (PURPLE); 5V to 3V3 (OUT) (RED); GND to GND (BLACK). Show these exact pin labels; do not invent or add any wire."
raspberry-pi-pico__epaper.png,"Realistic Fritzing-style hardware wiring diagram, flat vector product-illustration look, soft light-grey studio background, slight top-down angle, one microcontroller board on the LEFT and one module on the RIGHT connected by coloured jumper wires with correctly-spelled pin labels on both sides; wire colours RED=power BLACK=GND BLUE=I2C-SDA YELLOW=I2C-SCL GREEN=analog ORANGE=digital CYAN=UART PURPLE=SPI; 16:9 high resolution. Title ""Raspberry Pi Pico (RP2040) + E-Paper Display"". LEFT a Raspberry Pi Pico (RP2040) (3.3V logic). RIGHT an E-Paper Display (Displays). Connect EXACTLY these 8 wires and no others: SCK to GP2 (SCK) (PURPLE); MOSI to GP3 (TX) (PURPLE); CS to GP5 (CSn) (PURPLE); DC to GP6 (ORANGE); BUSY to GP7 (ORANGE); RST to GP8 (ORANGE); VCC to 3V3 (OUT) (RED); GND to GND (BLACK). Show these exact pin labels; do not invent or add any wire."
raspberry-pi-pico__hc05.png,"Realistic Fritzing-style hardware wiring diagram, flat vector product-illustration look, soft light-grey studio background, slight top-down angle, one microcontroller board on the LEFT and one module on the RIGHT connected by coloured jumper wires with correctly-spelled pin labels on both sides; wire colours RED=power BLACK=GND BLUE=I2C-SDA YELLOW=I2C-SCL GREEN=analog ORANGE=digital CYAN=UART PURPLE=SPI; 16:9 high resolution. Title ""Raspberry Pi Pico (RP2040) + HC-05 Bluetooth"". LEFT a Raspberry Pi Pico (RP2040) (3.3V logic). RIGHT a HC-05 Bluetooth (Connectivity). Connect EXACTLY these 6 wires and no others: RXD to GP6 (ORANGE); TXD to GP7 (ORANGE); VCC to 3V3 (OUT) (RED); GND to GND (BLACK); EN to GP8 (ORANGE); KEY to GP9 (ORANGE). Show these exact pin labels; do not invent or add any wire."
raspberry-pi-pico__ble.png,"Realistic Fritzing-style hardware wiring diagram, flat vector product-illustration look, soft light-grey studio background, slight top-down angle, one microcontroller board on the LEFT and one module on the RIGHT connected by coloured jumper wires with correctly-spelled pin labels on both sides; wire colours RED=power BLACK=GND BLUE=I2C-SDA YELLOW=I2C-SCL GREEN=analog ORANGE=digital CYAN=UART PURPLE=SPI; 16:9 high resolution. Title ""Raspberry Pi Pico (RP2040) + BLE Module"". LEFT a Raspberry Pi Pico (RP2040) (3.3V logic). RIGHT a BLE Module (Connectivity). Connect EXACTLY these 4 wires and no others: RXD to GP6 (ORANGE); TXD to GP7 (ORANGE); VCC to 3V3 (OUT) (RED); GND to GND (BLACK). Show these exact pin labels; do not invent or add any wire."
raspberry-pi-pico__nrf24.png,"Realistic Fritzing-style hardware wiring diagram, flat vector product-illustration look, soft light-grey studio background, slight top-down angle, one microcontroller board on the LEFT and one module on the RIGHT connected by coloured jumper wires with correctly-spelled pin labels on both sides; wire colours RED=power BLACK=GND BLUE=I2C-SDA YELLOW=I2C-SCL GREEN=analog ORANGE=digital CYAN=UART PURPLE=SPI; 16:9 high resolution. Title ""Raspberry Pi Pico (RP2040) + nRF24L01"". LEFT a Raspberry Pi Pico (RP2040) (3.3V logic). RIGHT a nRF24L01 (Connectivity). Connect EXACTLY these 7 wires and no others: SCK to GP2 (SCK) (PURPLE); MOSI to GP3 (TX) (PURPLE); MISO to GP4 (RX) (PURPLE); CSN to GP6 (ORANGE); CE to GP5 (CSn) (PURPLE); VCC to 3V3 (OUT) (RED); GND to GND (BLACK). Show these exact pin labels; do not invent or add any wire."
raspberry-pi-pico__lora.png,"Realistic Fritzing-style hardware wiring diagram, flat vector product-illustration look, soft light-grey studio background, slight top-down angle, one microcontroller board on the LEFT and one module on the RIGHT connected by coloured jumper wires with correctly-spelled pin labels on both sides; wire colours RED=power BLACK=GND BLUE=I2C-SDA YELLOW=I2C-SCL GREEN=analog ORANGE=digital CYAN=UART PURPLE=SPI; 16:9 high resolution. Title ""Raspberry Pi Pico (RP2040) + LoRa Module"". LEFT a Raspberry Pi Pico (RP2040) (3.3V logic). RIGHT a LoRa Module (Connectivity). Connect EXACTLY these 8 wires and no others: SCK to GP2 (SCK) (PURPLE); MOSI to GP3 (TX) (PURPLE); MISO to GP4 (RX) (PURPLE); NSS to GP5 (CSn) (PURPLE); DIO0 to GP6 (ORANGE); RST to GP7 (ORANGE); VCC to 3V3 (OUT) (RED); GND to GND (BLACK). Show these exact pin labels; do not invent or add any wire."
raspberry-pi-pico__sim800.png,"Realistic Fritzing-style hardware wiring diagram, flat vector product-illustration look, soft light-grey studio background, slight top-down angle, one microcontroller board on the LEFT and one module on the RIGHT connected by coloured jumper wires with correctly-spelled pin labels on both sides; wire colours RED=power BLACK=GND BLUE=I2C-SDA YELLOW=I2C-SCL GREEN=analog ORANGE=digital CYAN=UART PURPLE=SPI; 16:9 high resolution. Title ""Raspberry Pi Pico (RP2040) + SIM800L GSM"". LEFT a Raspberry Pi Pico (RP2040) (3.3V logic). RIGHT a SIM800L GSM (Connectivity). Connect EXACTLY these 4 wires and no others: RXD to GP6 (ORANGE); TXD to GP7 (ORANGE); VCC to 3V3 (OUT) (RED); GND to GND (BLACK). Show these exact pin labels; do not invent or add any wire."
raspberry-pi-pico__sim900.png,"Realistic Fritzing-style hardware wiring diagram, flat vector product-illustration look, soft light-grey studio background, slight top-down angle, one microcontroller board on the LEFT and one module on the RIGHT connected by coloured jumper wires with correctly-spelled pin labels on both sides; wire colours RED=power BLACK=GND BLUE=I2C-SDA YELLOW=I2C-SCL GREEN=analog ORANGE=digital CYAN=UART PURPLE=SPI; 16:9 high resolution. Title ""Raspberry Pi Pico (RP2040) + SIM900 GSM"". LEFT a Raspberry Pi Pico (RP2040) (3.3V logic). RIGHT a SIM900 GSM (Connectivity). Connect EXACTLY these 4 wires and no others: RXD to GP6 (ORANGE); TXD to GP7 (ORANGE); VCC 5V to 3V3 (OUT) (RED); GND to GND (BLACK). Show these exact pin labels; do not invent or add any wire."
raspberry-pi-pico__gps-neo6.png,"Realistic Fritzing-style hardware wiring diagram, flat vector product-illustration look, soft light-grey studio background, slight top-down angle, one microcontroller board on the LEFT and one module on the RIGHT connected by coloured jumper wires with correctly-spelled pin labels on both sides; wire colours RED=power BLACK=GND BLUE=I2C-SDA YELLOW=I2C-SCL GREEN=analog ORANGE=digital CYAN=UART PURPLE=SPI; 16:9 high resolution. Title ""Raspberry Pi Pico (RP2040) + NEO-6M GPS"". LEFT a Raspberry Pi Pico (RP2040) (3.3V logic). RIGHT a NEO-6M GPS (Connectivity). Connect EXACTLY these 4 wires and no others: RX to GP0 (TX) (CYAN); TX to GP1 (RX) (CYAN); VCC to 3V3 (OUT) (RED); GND to GND (BLACK). Show these exact pin labels; do not invent or add any wire."
raspberry-pi-pico__rfid-rc522.png,"Realistic Fritzing-style hardware wiring diagram, flat vector product-illustration look, soft light-grey studio background, slight top-down angle, one microcontroller board on the LEFT and one module on the RIGHT connected by coloured jumper wires with correctly-spelled pin labels on both sides; wire colours RED=power BLACK=GND BLUE=I2C-SDA YELLOW=I2C-SCL GREEN=analog ORANGE=digital CYAN=UART PURPLE=SPI; 16:9 high resolution. Title ""Raspberry Pi Pico (RP2040) + RFID RC522"". LEFT a Raspberry Pi Pico (RP2040) (3.3V logic). RIGHT a RFID RC522 (Connectivity). Connect EXACTLY these 7 wires and no others: SCK to GP2 (SCK) (PURPLE); MOSI to GP3 (TX) (PURPLE); MISO to GP4 (RX) (PURPLE); SS to GP5 (CSn) (PURPLE); RST to GP6 (ORANGE); VCC to 3V3 (OUT) (RED); GND to GND (BLACK). Show these exact pin labels; do not invent or add any wire."
raspberry-pi-pico__fingerprint-mod.png,"Realistic Fritzing-style hardware wiring diagram, flat vector product-illustration look, soft light-grey studio background, slight top-down angle, one microcontroller board on the LEFT and one module on the RIGHT connected by coloured jumper wires with correctly-spelled pin labels on both sides; wire colours RED=power BLACK=GND BLUE=I2C-SDA YELLOW=I2C-SCL GREEN=analog ORANGE=digital CYAN=UART PURPLE=SPI; 16:9 high resolution. Title ""Raspberry Pi Pico (RP2040) + Fingerprint (R307)"". LEFT a Raspberry Pi Pico (RP2040) (3.3V logic). RIGHT a Fingerprint (R307) (Connectivity). Connect EXACTLY these 4 wires and no others: TX to GP1 (RX) (CYAN); RX to GP0 (TX) (CYAN); VCC to 3V3 (OUT) (RED); GND to GND (BLACK). Show these exact pin labels; do not invent or add any wire."
raspberry-pi-pico__ethernet-mod.png,"Realistic Fritzing-style hardware wiring diagram, flat vector product-illustration look, soft light-grey studio background, slight top-down angle, one microcontroller board on the LEFT and one module on the RIGHT connected by coloured jumper wires with correctly-spelled pin labels on both sides; wire colours RED=power BLACK=GND BLUE=I2C-SDA YELLOW=I2C-SCL GREEN=analog ORANGE=digital CYAN=UART PURPLE=SPI; 16:9 high resolution. Title ""Raspberry Pi Pico (RP2040) + Ethernet (W5100)"". LEFT a Raspberry Pi Pico (RP2040) (3.3V logic). RIGHT an Ethernet (W5100) (Connectivity). Connect EXACTLY these 6 wires and no others: SCK to GP2 (SCK) (PURPLE); MOSI to GP3 (TX) (PURPLE); MISO to GP4 (RX) (PURPLE); CS to GP5 (CSn) (PURPLE); VCC to 3V3 (OUT) (RED); GND to GND (BLACK). Show these exact pin labels; do not invent or add any wire."
raspberry-pi-pico__led.png,"Realistic Fritzing-style hardware wiring diagram, flat vector product-illustration look, soft light-grey studio background, slight top-down angle, one microcontroller board on the LEFT and one module on the RIGHT connected by coloured jumper wires with correctly-spelled pin labels on both sides; wire colours RED=power BLACK=GND BLUE=I2C-SDA YELLOW=I2C-SCL GREEN=analog ORANGE=digital CYAN=UART PURPLE=SPI; 16:9 high resolution. Title ""Raspberry Pi Pico (RP2040) + LED"". LEFT a Raspberry Pi Pico (RP2040) (3.3V logic). RIGHT a LED (Passive & Discrete). Connect EXACTLY these 2 wires and no others: Anode to GP6 (ORANGE); GND to GND (BLACK). Show these exact pin labels; do not invent or add any wire."
raspberry-pi-pico__potentiometer.png,"Realistic Fritzing-style hardware wiring diagram, flat vector product-illustration look, soft light-grey studio background, slight top-down angle, one microcontroller board on the LEFT and one module on the RIGHT connected by coloured jumper wires with correctly-spelled pin labels on both sides; wire colours RED=power BLACK=GND BLUE=I2C-SDA YELLOW=I2C-SCL GREEN=analog ORANGE=digital CYAN=UART PURPLE=SPI; 16:9 high resolution. Title ""Raspberry Pi Pico (RP2040) + Potentiometer"". LEFT a Raspberry Pi Pico (RP2040) (3.3V logic). RIGHT a Potentiometer (Passive & Discrete). Connect EXACTLY these 3 wires and no others: VCC to 3V3 (OUT) (RED); GND to GND (BLACK); Wiper to GP26 (ADC0) (GREEN). Show these exact pin labels; do not invent or add any wire."
raspberry-pi-pico__push-button.png,"Realistic Fritzing-style hardware wiring diagram, flat vector product-illustration look, soft light-grey studio background, slight top-down angle, one microcontroller board on the LEFT and one module on the RIGHT connected by coloured jumper wires with correctly-spelled pin labels on both sides; wire colours RED=power BLACK=GND BLUE=I2C-SDA YELLOW=I2C-SCL GREEN=analog ORANGE=digital CYAN=UART PURPLE=SPI; 16:9 high resolution. Title ""Raspberry Pi Pico (RP2040) + Push Button"". LEFT a Raspberry Pi Pico (RP2040) (3.3V logic). RIGHT a Push Button (Input / Output). Connect EXACTLY these 1 wires and no others: 4 legs to GP6 (ORANGE). Show these exact pin labels; do not invent or add any wire."
raspberry-pi-pico__keypad.png,"Realistic Fritzing-style hardware wiring diagram, flat vector product-illustration look, soft light-grey studio background, slight top-down angle, one microcontroller board on the LEFT and one module on the RIGHT connected by coloured jumper wires with correctly-spelled pin labels on both sides; wire colours RED=power BLACK=GND BLUE=I2C-SDA YELLOW=I2C-SCL GREEN=analog ORANGE=digital CYAN=UART PURPLE=SPI; 16:9 high resolution. Title ""Raspberry Pi Pico (RP2040) + Matrix Keypad 4×4"". LEFT a Raspberry Pi Pico (RP2040) (3.3V logic). RIGHT a Matrix Keypad 4×4 (Input / Output). Connect EXACTLY these 1 wires and no others: 8 pins to GP6 (ORANGE). Show these exact pin labels; do not invent or add any wire."
raspberry-pi-pico__joystick.png,"Realistic Fritzing-style hardware wiring diagram, flat vector product-illustration look, soft light-grey studio background, slight top-down angle, one microcontroller board on the LEFT and one module on the RIGHT connected by coloured jumper wires with correctly-spelled pin labels on both sides; wire colours RED=power BLACK=GND BLUE=I2C-SDA YELLOW=I2C-SCL GREEN=analog ORANGE=digital CYAN=UART PURPLE=SPI; 16:9 high resolution. Title ""Raspberry Pi Pico (RP2040) + Joystick Module"". LEFT a Raspberry Pi Pico (RP2040) (3.3V logic). RIGHT a Joystick Module (Input / Output). Connect EXACTLY these 5 wires and no others: VRx to GP6 (ORANGE); VRy to GP7 (ORANGE); SW to GP8 (ORANGE); VCC to 3V3 (OUT) (RED); GND to GND (BLACK). Show these exact pin labels; do not invent or add any wire."
raspberry-pi-pico__rotary-encoder.png,"Realistic Fritzing-style hardware wiring diagram, flat vector product-illustration look, soft light-grey studio background, slight top-down angle, one microcontroller board on the LEFT and one module on the RIGHT connected by coloured jumper wires with correctly-spelled pin labels on both sides; wire colours RED=power BLACK=GND BLUE=I2C-SDA YELLOW=I2C-SCL GREEN=analog ORANGE=digital CYAN=UART PURPLE=SPI; 16:9 high resolution. Title ""Raspberry Pi Pico (RP2040) + Rotary Encoder"". LEFT a Raspberry Pi Pico (RP2040) (3.3V logic). RIGHT a Rotary Encoder (Input / Output). Connect EXACTLY these 5 wires and no others: CLK to GP6 (ORANGE); DT to GP7 (ORANGE); SW to GP8 (ORANGE); VCC to 3V3 (OUT) (RED); GND to GND (BLACK). Show these exact pin labels; do not invent or add any wire."
raspberry-pi-pico__sd-module.png,"Realistic Fritzing-style hardware wiring diagram, flat vector product-illustration look, soft light-grey studio background, slight top-down angle, one microcontroller board on the LEFT and one module on the RIGHT connected by coloured jumper wires with correctly-spelled pin labels on both sides; wire colours RED=power BLACK=GND BLUE=I2C-SDA YELLOW=I2C-SCL GREEN=analog ORANGE=digital CYAN=UART PURPLE=SPI; 16:9 high resolution. Title ""Raspberry Pi Pico (RP2040) + MicroSD Module"". LEFT a Raspberry Pi Pico (RP2040) (3.3V logic). RIGHT a MicroSD Module (Input / Output). Connect EXACTLY these 6 wires and no others: SCK to GP2 (SCK) (PURPLE); MOSI to GP3 (TX) (PURPLE); MISO to GP4 (RX) (PURPLE); CS to GP5 (CSn) (PURPLE); VCC to 3V3 (OUT) (RED); GND to GND (BLACK). Show these exact pin labels; do not invent or add any wire."
raspberry-pi-pico__rtc.png,"Realistic Fritzing-style hardware wiring diagram, flat vector product-illustration look, soft light-grey studio background, slight top-down angle, one microcontroller board on the LEFT and one module on the RIGHT connected by coloured jumper wires with correctly-spelled pin labels on both sides; wire colours RED=power BLACK=GND BLUE=I2C-SDA YELLOW=I2C-SCL GREEN=analog ORANGE=digital CYAN=UART PURPLE=SPI; 16:9 high resolution. Title ""Raspberry Pi Pico (RP2040) + RTC (DS3231)"". LEFT a Raspberry Pi Pico (RP2040) (3.3V logic). RIGHT a RTC (DS3231) (Input / Output). Connect EXACTLY these 4 wires and no others: SDA to GP0 (SDA) (BLUE); SCL to GP1 (SCL) (YELLOW); VCC to 3V3 (OUT) (RED); GND to GND (BLACK). Show these exact pin labels; do not invent or add any wire."
raspberry-pi-pico__speaker.png,"Realistic Fritzing-style hardware wiring diagram, flat vector product-illustration look, soft light-grey studio background, slight top-down angle, one microcontroller board on the LEFT and one module on the RIGHT connected by coloured jumper wires with correctly-spelled pin labels on both sides; wire colours RED=power BLACK=GND BLUE=I2C-SDA YELLOW=I2C-SCL GREEN=analog ORANGE=digital CYAN=UART PURPLE=SPI; 16:9 high resolution. Title ""Raspberry Pi Pico (RP2040) + Speaker / DFPlayer"". LEFT a Raspberry Pi Pico (RP2040) (3.3V logic). RIGHT a Speaker / DFPlayer (Input / Output). Connect EXACTLY these 4 wires and no others: RX to GP0 (TX) (CYAN); TX to GP1 (RX) (CYAN); VCC to 3V3 (OUT) (RED); GND to GND (BLACK). Show these exact pin labels; do not invent or add any wire."
raspberry-pi-pico__imu-robot.png,"Realistic Fritzing-style hardware wiring diagram, flat vector product-illustration look, soft light-grey studio background, slight top-down angle, one microcontroller board on the LEFT and one module on the RIGHT connected by coloured jumper wires with correctly-spelled pin labels on both sides; wire colours RED=power BLACK=GND BLUE=I2C-SDA YELLOW=I2C-SCL GREEN=analog ORANGE=digital CYAN=UART PURPLE=SPI; 16:9 high resolution. Title ""Raspberry Pi Pico (RP2040) + IMU / Balance"". LEFT a Raspberry Pi Pico (RP2040) (3.3V logic). RIGHT an IMU / Balance (Robotics). Connect EXACTLY these 5 wires and no others: SDA to GP0 (SDA) (BLUE); SCL to GP1 (SCL) (YELLOW); INT to GP6 (ORANGE); VCC to 3V3 (OUT) (RED); GND to GND (BLACK). Show these exact pin labels; do not invent or add any wire."
raspberry-pi-pico__lidar-robot.png,"Realistic Fritzing-style hardware wiring diagram, flat vector product-illustration look, soft light-grey studio background, slight top-down angle, one microcontroller board on the LEFT and one module on the RIGHT connected by coloured jumper wires with correctly-spelled pin labels on both sides; wire colours RED=power BLACK=GND BLUE=I2C-SDA YELLOW=I2C-SCL GREEN=analog ORANGE=digital CYAN=UART PURPLE=SPI; 16:9 high resolution. Title ""Raspberry Pi Pico (RP2040) + LiDAR Scanner"". LEFT a Raspberry Pi Pico (RP2040) (3.3V logic). RIGHT a LiDAR Scanner (Robotics). Connect EXACTLY these 4 wires and no others: TX to GP1 (RX) (CYAN); RX to GP0 (TX) (CYAN); VCC to 3V3 (OUT) (RED); GND to GND (BLACK). Show these exact pin labels; do not invent or add any wire."
raspberry-pi__dht11.png,"Realistic Fritzing-style hardware wiring diagram, flat vector product-illustration look, soft light-grey studio background, slight top-down angle, one microcontroller board on the LEFT and one module on the RIGHT connected by coloured jumper wires with correctly-spelled pin labels on both sides; wire colours RED=power BLACK=GND BLUE=I2C-SDA YELLOW=I2C-SCL GREEN=analog ORANGE=digital CYAN=UART PURPLE=SPI; 16:9 high resolution. Title ""Raspberry Pi 4 Model B + DHT11 / DHT22"". LEFT a Raspberry Pi 4 Model B (3.3V logic). RIGHT a DHT11 / DHT22 (Sensors). Connect EXACTLY these 3 wires and no others: VCC to 3V3 (pin1) (RED); DATA to GPIO4 (ORANGE); GND to GND (BLACK). Show these exact pin labels; do not invent or add any wire."
raspberry-pi__ds18b20.png,"Realistic Fritzing-style hardware wiring diagram, flat vector product-illustration look, soft light-grey studio background, slight top-down angle, one microcontroller board on the LEFT and one module on the RIGHT connected by coloured jumper wires with correctly-spelled pin labels on both sides; wire colours RED=power BLACK=GND BLUE=I2C-SDA YELLOW=I2C-SCL GREEN=analog ORANGE=digital CYAN=UART PURPLE=SPI; 16:9 high resolution. Title ""Raspberry Pi 4 Model B + DS18B20"". LEFT a Raspberry Pi 4 Model B (3.3V logic). RIGHT a DS18B20 (Sensors). Connect EXACTLY these 3 wires and no others: VDD to 3V3 (pin1) (RED); DQ to GPIO4 (ORANGE); GND to GND (BLACK). Show these exact pin labels; do not invent or add any wire."
raspberry-pi__lm35.png,"Realistic Fritzing-style hardware wiring diagram, flat vector product-illustration look, soft light-grey studio background, slight top-down angle, one microcontroller board on the LEFT and one module on the RIGHT connected by coloured jumper wires with correctly-spelled pin labels on both sides; wire colours RED=power BLACK=GND BLUE=I2C-SDA YELLOW=I2C-SCL GREEN=analog ORANGE=digital CYAN=UART PURPLE=SPI; 16:9 high resolution. Title ""Raspberry Pi 4 Model B + LM35"". LEFT a Raspberry Pi 4 Model B (3.3V logic). RIGHT a LM35 (Sensors). Connect EXACTLY these 3 wires and no others: VCC to 3V3 (pin1) (RED); OUT to GPIO4 (needs ext. ADC) (GREEN); GND to GND (BLACK). Show these exact pin labels; do not invent or add any wire."
raspberry-pi__hc-sr04.png,"Realistic Fritzing-style hardware wiring diagram, flat vector product-illustration look, soft light-grey studio background, slight top-down angle, one microcontroller board on the LEFT and one module on the RIGHT connected by coloured jumper wires with correctly-spelled pin labels on both sides; wire colours RED=power BLACK=GND BLUE=I2C-SDA YELLOW=I2C-SCL GREEN=analog ORANGE=digital CYAN=UART PURPLE=SPI; 16:9 high resolution. Title ""Raspberry Pi 4 Model B + HC-SR04"". LEFT a Raspberry Pi 4 Model B (3.3V logic). RIGHT a HC-SR04 (Sensors). Connect EXACTLY these 4 wires and no others: VCC to 3V3 (pin1) (RED); TRIG to GPIO4 (ORANGE); ECHO to GPIO17 (ORANGE); GND to GND (BLACK). Show these exact pin labels; do not invent or add any wire."
raspberry-pi__pir.png,"Realistic Fritzing-style hardware wiring diagram, flat vector product-illustration look, soft light-grey studio background, slight top-down angle, one microcontroller board on the LEFT and one module on the RIGHT connected by coloured jumper wires with correctly-spelled pin labels on both sides; wire colours RED=power BLACK=GND BLUE=I2C-SDA YELLOW=I2C-SCL GREEN=analog ORANGE=digital CYAN=UART PURPLE=SPI; 16:9 high resolution. Title ""Raspberry Pi 4 Model B + PIR Motion (HC-SR501)"". LEFT a Raspberry Pi 4 Model B (3.3V logic). RIGHT a PIR Motion (HC-SR501) (Sensors). Connect EXACTLY these 3 wires and no others: VCC to 3V3 (pin1) (RED); OUT to GPIO4 (ORANGE); GND to GND (BLACK). Show these exact pin labels; do not invent or add any wire."
raspberry-pi__ldr.png,"Realistic Fritzing-style hardware wiring diagram, flat vector product-illustration look, soft light-grey studio background, slight top-down angle, one microcontroller board on the LEFT and one module on the RIGHT connected by coloured jumper wires with correctly-spelled pin labels on both sides; wire colours RED=power BLACK=GND BLUE=I2C-SDA YELLOW=I2C-SCL GREEN=analog ORANGE=digital CYAN=UART PURPLE=SPI; 16:9 high resolution. Title ""Raspberry Pi 4 Model B + LDR (Photoresistor)"". LEFT a Raspberry Pi 4 Model B (3.3V logic). RIGHT a LDR (Photoresistor) (Sensors). Connect EXACTLY these 3 wires and no others: VCC to 3V3 (pin1) (RED); AO to GPIO4 (needs ext. ADC) (GREEN); GND to GND (BLACK). Show these exact pin labels; do not invent or add any wire."
raspberry-pi__bh1750.png,"Realistic Fritzing-style hardware wiring diagram, flat vector product-illustration look, soft light-grey studio background, slight top-down angle, one microcontroller board on the LEFT and one module on the RIGHT connected by coloured jumper wires with correctly-spelled pin labels on both sides; wire colours RED=power BLACK=GND BLUE=I2C-SDA YELLOW=I2C-SCL GREEN=analog ORANGE=digital CYAN=UART PURPLE=SPI; 16:9 high resolution. Title ""Raspberry Pi 4 Model B + BH1750"". LEFT a Raspberry Pi 4 Model B (3.3V logic). RIGHT a BH1750 (Sensors). Connect EXACTLY these 5 wires and no others: VCC to 3V3 (pin1) (RED); GND to GND (BLACK); SDA to GPIO2 (pin3) (BLUE); SCL to GPIO3 (pin5) (YELLOW); ADDR to GPIO4 (ORANGE). Show these exact pin labels; do not invent or add any wire."
raspberry-pi__mq2.png,"Realistic Fritzing-style hardware wiring diagram, flat vector product-illustration look, soft light-grey studio background, slight top-down angle, one microcontroller board on the LEFT and one module on the RIGHT connected by coloured jumper wires with correctly-spelled pin labels on both sides; wire colours RED=power BLACK=GND BLUE=I2C-SDA YELLOW=I2C-SCL GREEN=analog ORANGE=digital CYAN=UART PURPLE=SPI; 16:9 high resolution. Title ""Raspberry Pi 4 Model B + MQ-2 Gas"". LEFT a Raspberry Pi 4 Model B (3.3V logic). RIGHT a MQ-2 Gas (Sensors). Connect EXACTLY these 4 wires and no others: VCC to 3V3 (pin1) (RED); AO to GPIO4 (needs ext. ADC) (GREEN); DO to GPIO17 (ORANGE); GND to GND (BLACK). Show these exact pin labels; do not invent or add any wire."
raspberry-pi__mq135.png,"Realistic Fritzing-style hardware wiring diagram, flat vector product-illustration look, soft light-grey studio background, slight top-down angle, one microcontroller board on the LEFT and one module on the RIGHT connected by coloured jumper wires with correctly-spelled pin labels on both sides; wire colours RED=power BLACK=GND BLUE=I2C-SDA YELLOW=I2C-SCL GREEN=analog ORANGE=digital CYAN=UART PURPLE=SPI; 16:9 high resolution. Title ""Raspberry Pi 4 Model B + MQ-135 Air Quality"". LEFT a Raspberry Pi 4 Model B (3.3V logic). RIGHT a MQ-135 Air Quality (Sensors). Connect EXACTLY these 4 wires and no others: VCC to 3V3 (pin1) (RED); AO to GPIO4 (needs ext. ADC) (GREEN); DO to GPIO17 (ORANGE); GND to GND (BLACK). Show these exact pin labels; do not invent or add any wire."
raspberry-pi__mq7.png,"Realistic Fritzing-style hardware wiring diagram, flat vector product-illustration look, soft light-grey studio background, slight top-down angle, one microcontroller board on the LEFT and one module on the RIGHT connected by coloured jumper wires with correctly-spelled pin labels on both sides; wire colours RED=power BLACK=GND BLUE=I2C-SDA YELLOW=I2C-SCL GREEN=analog ORANGE=digital CYAN=UART PURPLE=SPI; 16:9 high resolution. Title ""Raspberry Pi 4 Model B + MQ-7 CO"". LEFT a Raspberry Pi 4 Model B (3.3V logic). RIGHT a MQ-7 CO (Sensors). Connect EXACTLY these 4 wires and no others: VCC to 3V3 (pin1) (RED); AO to GPIO4 (needs ext. ADC) (GREEN); DO to GPIO17 (ORANGE); GND to GND (BLACK). Show these exact pin labels; do not invent or add any wire."
raspberry-pi__soil-moisture.png,"Realistic Fritzing-style hardware wiring diagram, flat vector product-illustration look, soft light-grey studio background, slight top-down angle, one microcontroller board on the LEFT and one module on the RIGHT connected by coloured jumper wires with correctly-spelled pin labels on both sides; wire colours RED=power BLACK=GND BLUE=I2C-SDA YELLOW=I2C-SCL GREEN=analog ORANGE=digital CYAN=UART PURPLE=SPI; 16:9 high resolution. Title ""Raspberry Pi 4 Model B + Soil Moisture"". LEFT a Raspberry Pi 4 Model B (3.3V logic). RIGHT a Soil Moisture (Sensors). Connect EXACTLY these 4 wires and no others: VCC to 3V3 (pin1) (RED); AO to GPIO4 (needs ext. ADC) (GREEN); DO to GPIO17 (ORANGE); GND to GND (BLACK). Show these exact pin labels; do not invent or add any wire."
raspberry-pi__rain-sensor.png,"Realistic Fritzing-style hardware wiring diagram, flat vector product-illustration look, soft light-grey studio background, slight top-down angle, one microcontroller board on the LEFT and one module on the RIGHT connected by coloured jumper wires with correctly-spelled pin labels on both sides; wire colours RED=power BLACK=GND BLUE=I2C-SDA YELLOW=I2C-SCL GREEN=analog ORANGE=digital CYAN=UART PURPLE=SPI; 16:9 high resolution. Title ""Raspberry Pi 4 Model B + Rain Sensor"". LEFT a Raspberry Pi 4 Model B (3.3V logic). RIGHT a Rain Sensor (Sensors). Connect EXACTLY these 4 wires and no others: VCC to 3V3 (pin1) (RED); AO to GPIO4 (needs ext. ADC) (GREEN); DO to GPIO17 (ORANGE); GND to GND (BLACK). Show these exact pin labels; do not invent or add any wire."
raspberry-pi__water-level.png,"Realistic Fritzing-style hardware wiring diagram, flat vector product-illustration look, soft light-grey studio background, slight top-down angle, one microcontroller board on the LEFT and one module on the RIGHT connected by coloured jumper wires with correctly-spelled pin labels on both sides; wire colours RED=power BLACK=GND BLUE=I2C-SDA YELLOW=I2C-SCL GREEN=analog ORANGE=digital CYAN=UART PURPLE=SPI; 16:9 high resolution. Title ""Raspberry Pi 4 Model B + Water Level Sensor"". LEFT a Raspberry Pi 4 Model B (3.3V logic). RIGHT a Water Level Sensor (Sensors). Connect EXACTLY these 3 wires and no others: + to 3V3 (pin1) (RED); S to GPIO4 (needs ext. ADC) (GREEN); - to GND (BLACK). Show these exact pin labels; do not invent or add any wire."
raspberry-pi__flow-sensor.png,"Realistic Fritzing-style hardware wiring diagram, flat vector product-illustration look, soft light-grey studio background, slight top-down angle, one microcontroller board on the LEFT and one module on the RIGHT connected by coloured jumper wires with correctly-spelled pin labels on both sides; wire colours RED=power BLACK=GND BLUE=I2C-SDA YELLOW=I2C-SCL GREEN=analog ORANGE=digital CYAN=UART PURPLE=SPI; 16:9 high resolution. Title ""Raspberry Pi 4 Model B + Water Flow (YF-S201)"". LEFT a Raspberry Pi 4 Model B (3.3V logic). RIGHT a Water Flow (YF-S201) (Sensors). Connect EXACTLY these 3 wires and no others: VCC to 3V3 (pin1) (RED); SIGNAL to GPIO4 (ORANGE); GND to GND (BLACK). Show these exact pin labels; do not invent or add any wire."
raspberry-pi__flame-sensor.png,"Realistic Fritzing-style hardware wiring diagram, flat vector product-illustration look, soft light-grey studio background, slight top-down angle, one microcontroller board on the LEFT and one module on the RIGHT connected by coloured jumper wires with correctly-spelled pin labels on both sides; wire colours RED=power BLACK=GND BLUE=I2C-SDA YELLOW=I2C-SCL GREEN=analog ORANGE=digital CYAN=UART PURPLE=SPI; 16:9 high resolution. Title ""Raspberry Pi 4 Model B + Flame Sensor"". LEFT a Raspberry Pi 4 Model B (3.3V logic). RIGHT a Flame Sensor (Sensors). Connect EXACTLY these 4 wires and no others: VCC to 3V3 (pin1) (RED); AO to GPIO4 (needs ext. ADC) (GREEN); DO to GPIO17 (ORANGE); GND to GND (BLACK). Show these exact pin labels; do not invent or add any wire."
raspberry-pi__mpu6050.png,"Realistic Fritzing-style hardware wiring diagram, flat vector product-illustration look, soft light-grey studio background, slight top-down angle, one microcontroller board on the LEFT and one module on the RIGHT connected by coloured jumper wires with correctly-spelled pin labels on both sides; wire colours RED=power BLACK=GND BLUE=I2C-SDA YELLOW=I2C-SCL GREEN=analog ORANGE=digital CYAN=UART PURPLE=SPI; 16:9 high resolution. Title ""Raspberry Pi 4 Model B + MPU-6050 IMU"". LEFT a Raspberry Pi 4 Model B (3.3V logic). RIGHT a MPU-6050 IMU (Sensors). Connect EXACTLY these 5 wires and no others: VCC to 3V3 (pin1) (RED); SDA to GPIO2 (pin3) (BLUE); SCL to GPIO3 (pin5) (YELLOW); INT to GPIO4 (ORANGE); GND to GND (BLACK). Show these exact pin labels; do not invent or add any wire."
raspberry-pi__hmc5883l.png,"Realistic Fritzing-style hardware wiring diagram, flat vector product-illustration look, soft light-grey studio background, slight top-down angle, one microcontroller board on the LEFT and one module on the RIGHT connected by coloured jumper wires with correctly-spelled pin labels on both sides; wire colours RED=power BLACK=GND BLUE=I2C-SDA YELLOW=I2C-SCL GREEN=analog ORANGE=digital CYAN=UART PURPLE=SPI; 16:9 high resolution. Title ""Raspberry Pi 4 Model B + HMC5883L"". LEFT a Raspberry Pi 4 Model B (3.3V logic). RIGHT a HMC5883L (Sensors). Connect EXACTLY these 5 wires and no others: VCC to 3V3 (pin1) (RED); SDA to GPIO2 (pin3) (BLUE); SCL to GPIO3 (pin5) (YELLOW); DRDY to GPIO4 (ORANGE); GND to GND (BLACK). Show these exact pin labels; do not invent or add any wire."
raspberry-pi__bmp280.png,"Realistic Fritzing-style hardware wiring diagram, flat vector product-illustration look, soft light-grey studio background, slight top-down angle, one microcontroller board on the LEFT and one module on the RIGHT connected by coloured jumper wires with correctly-spelled pin labels on both sides; wire colours RED=power BLACK=GND BLUE=I2C-SDA YELLOW=I2C-SCL GREEN=analog ORANGE=digital CYAN=UART PURPLE=SPI; 16:9 high resolution. Title ""Raspberry Pi 4 Model B + BMP280 / BME280"". LEFT a Raspberry Pi 4 Model B (3.3V logic). RIGHT a BMP280 / BME280 (Sensors). Connect EXACTLY these 4 wires and no others: VCC to 3V3 (pin1) (RED); SDA to GPIO2 (pin3) (BLUE); SCL to GPIO3 (pin5) (YELLOW); GND to GND (BLACK). Show these exact pin labels; do not invent or add any wire."
raspberry-pi__load-cell.png,"Realistic Fritzing-style hardware wiring diagram, flat vector product-illustration look, soft light-grey studio background, slight top-down angle, one microcontroller board on the LEFT and one module on the RIGHT connected by coloured jumper wires with correctly-spelled pin labels on both sides; wire colours RED=power BLACK=GND BLUE=I2C-SDA YELLOW=I2C-SCL GREEN=analog ORANGE=digital CYAN=UART PURPLE=SPI; 16:9 high resolution. Title ""Raspberry Pi 4 Model B + Load Cell + HX711"". LEFT a Raspberry Pi 4 Model B (3.3V logic). RIGHT a Load Cell + HX711 (Sensors). Connect EXACTLY these 4 wires and no others: DT to GPIO4 (ORANGE); CLK to GPIO17 (ORANGE); VCC to 3V3 (pin1) (RED); GND to GND (BLACK). Show these exact pin labels; do not invent or add any wire."
raspberry-pi__ir-sensor.png,"Realistic Fritzing-style hardware wiring diagram, flat vector product-illustration look, soft light-grey studio background, slight top-down angle, one microcontroller board on the LEFT and one module on the RIGHT connected by coloured jumper wires with correctly-spelled pin labels on both sides; wire colours RED=power BLACK=GND BLUE=I2C-SDA YELLOW=I2C-SCL GREEN=analog ORANGE=digital CYAN=UART PURPLE=SPI; 16:9 high resolution. Title ""Raspberry Pi 4 Model B + IR Obstacle Sensor"". LEFT a Raspberry Pi 4 Model B (3.3V logic). RIGHT an IR Obstacle Sensor (Sensors). Connect EXACTLY these 3 wires and no others: VCC to 3V3 (pin1) (RED); OUT to GPIO4 (ORANGE); GND to GND (BLACK). Show these exact pin labels; do not invent or add any wire."
raspberry-pi__color-sensor.png,"Realistic Fritzing-style hardware wiring diagram, flat vector product-illustration look, soft light-grey studio background, slight top-down angle, one microcontroller board on the LEFT and one module on the RIGHT connected by coloured jumper wires with correctly-spelled pin labels on both sides; wire colours RED=power BLACK=GND BLUE=I2C-SDA YELLOW=I2C-SCL GREEN=analog ORANGE=digital CYAN=UART PURPLE=SPI; 16:9 high resolution. Title ""Raspberry Pi 4 Model B + TCS3200 Color"". LEFT a Raspberry Pi 4 Model B (3.3V logic). RIGHT a TCS3200 Color (Sensors). Connect EXACTLY these 4 wires and no others: VCC to 3V3 (pin1) (RED); GND to GND (BLACK); S0–S3 to GPIO4 (ORANGE); OUT to GPIO17 (ORANGE). Show these exact pin labels; do not invent or add any wire."
raspberry-pi__heart-rate.png,"Realistic Fritzing-style hardware wiring diagram, flat vector product-illustration look, soft light-grey studio background, slight top-down angle, one microcontroller board on the LEFT and one module on the RIGHT connected by coloured jumper wires with correctly-spelled pin labels on both sides; wire colours RED=power BLACK=GND BLUE=I2C-SDA YELLOW=I2C-SCL GREEN=analog ORANGE=digital CYAN=UART PURPLE=SPI; 16:9 high resolution. Title ""Raspberry Pi 4 Model B + MAX30100 Pulse"". LEFT a Raspberry Pi 4 Model B (3.3V logic). RIGHT a MAX30100 Pulse (Sensors). Connect EXACTLY these 5 wires and no others: VIN to 3V3 (pin1) (RED); SDA to GPIO2 (pin3) (BLUE); SCL to GPIO3 (pin5) (YELLOW); INT to GPIO4 (ORANGE); GND to GND (BLACK). Show these exact pin labels; do not invent or add any wire."
raspberry-pi__ph-sensor.png,"Realistic Fritzing-style hardware wiring diagram, flat vector product-illustration look, soft light-grey studio background, slight top-down angle, one microcontroller board on the LEFT and one module on the RIGHT connected by coloured jumper wires with correctly-spelled pin labels on both sides; wire colours RED=power BLACK=GND BLUE=I2C-SDA YELLOW=I2C-SCL GREEN=analog ORANGE=digital CYAN=UART PURPLE=SPI; 16:9 high resolution. Title ""Raspberry Pi 4 Model B + pH Sensor"". LEFT a Raspberry Pi 4 Model B (3.3V logic). RIGHT a pH Sensor (Sensors). Connect EXACTLY these 3 wires and no others: VCC to 3V3 (pin1) (RED); GND to GND (BLACK); PO to GPIO4 (needs ext. ADC) (GREEN). Show these exact pin labels; do not invent or add any wire."
raspberry-pi__current-sensor.png,"Realistic Fritzing-style hardware wiring diagram, flat vector product-illustration look, soft light-grey studio background, slight top-down angle, one microcontroller board on the LEFT and one module on the RIGHT connected by coloured jumper wires with correctly-spelled pin labels on both sides; wire colours RED=power BLACK=GND BLUE=I2C-SDA YELLOW=I2C-SCL GREEN=analog ORANGE=digital CYAN=UART PURPLE=SPI; 16:9 high resolution. Title ""Raspberry Pi 4 Model B + ACS712 Current"". LEFT a Raspberry Pi 4 Model B (3.3V logic). RIGHT an ACS712 Current (Sensors). Connect EXACTLY these 5 wires and no others: VCC to 3V3 (pin1) (RED); GND to GND (BLACK); OUT to GPIO4 (needs ext. ADC) (GREEN); IP+ to GPIO17 (ORANGE); IP- to GPIO27 (ORANGE). Show these exact pin labels; do not invent or add any wire."
raspberry-pi__voltage-sensor.png,"Realistic Fritzing-style hardware wiring diagram, flat vector product-illustration look, soft light-grey studio background, slight top-down angle, one microcontroller board on the LEFT and one module on the RIGHT connected by coloured jumper wires with correctly-spelled pin labels on both sides; wire colours RED=power BLACK=GND BLUE=I2C-SDA YELLOW=I2C-SCL GREEN=analog ORANGE=digital CYAN=UART PURPLE=SPI; 16:9 high resolution. Title ""Raspberry Pi 4 Model B + Voltage Sensor"". LEFT a Raspberry Pi 4 Model B (3.3V logic). RIGHT a Voltage Sensor (Sensors). Connect EXACTLY these 2 wires and no others: S to GPIO4 (needs ext. ADC) (GREEN); - to GND (BLACK). Show these exact pin labels; do not invent or add any wire."
raspberry-pi__ir-flame-array.png,"Realistic Fritzing-style hardware wiring diagram, flat vector product-illustration look, soft light-grey studio background, slight top-down angle, one microcontroller board on the LEFT and one module on the RIGHT connected by coloured jumper wires with correctly-spelled pin labels on both sides; wire colours RED=power BLACK=GND BLUE=I2C-SDA YELLOW=I2C-SCL GREEN=analog ORANGE=digital CYAN=UART PURPLE=SPI; 16:9 high resolution. Title ""Raspberry Pi 4 Model B + Vibration (SW-420)"". LEFT a Raspberry Pi 4 Model B (3.3V logic). RIGHT a Vibration (SW-420) (Sensors). Connect EXACTLY these 3 wires and no others: VCC to 3V3 (pin1) (RED); GND to GND (BLACK); DO to GPIO4 (ORANGE). Show these exact pin labels; do not invent or add any wire."
raspberry-pi__lidar-sensor.png,"Realistic Fritzing-style hardware wiring diagram, flat vector product-illustration look, soft light-grey studio background, slight top-down angle, one microcontroller board on the LEFT and one module on the RIGHT connected by coloured jumper wires with correctly-spelled pin labels on both sides; wire colours RED=power BLACK=GND BLUE=I2C-SDA YELLOW=I2C-SCL GREEN=analog ORANGE=digital CYAN=UART PURPLE=SPI; 16:9 high resolution. Title ""Raspberry Pi 4 Model B + LiDAR (TF-Luna)"". LEFT a Raspberry Pi 4 Model B (3.3V logic). RIGHT a LiDAR (TF-Luna) (Sensors). Connect EXACTLY these 4 wires and no others: VCC to 3V3 (pin1) (RED); RXD to GPIO4 (ORANGE); TXD to GPIO17 (ORANGE); GND to GND (BLACK). Show these exact pin labels; do not invent or add any wire."
raspberry-pi__servo.png,"Realistic Fritzing-style hardware wiring diagram, flat vector product-illustration look, soft light-grey studio background, slight top-down angle, one microcontroller board on the LEFT and one module on the RIGHT connected by coloured jumper wires with correctly-spelled pin labels on both sides; wire colours RED=power BLACK=GND BLUE=I2C-SDA YELLOW=I2C-SCL GREEN=analog ORANGE=digital CYAN=UART PURPLE=SPI; 16:9 high resolution. Title ""Raspberry Pi 4 Model B + Servo (SG90/MG996)"". LEFT a Raspberry Pi 4 Model B (3.3V logic). RIGHT a Servo (SG90/MG996) (Actuators & Motors). Connect EXACTLY these 3 wires and no others: Signal to GPIO4 (ORANGE); VCC to 3V3 (pin1) (RED); GND to GND (BLACK). Show these exact pin labels; do not invent or add any wire."
raspberry-pi__stepper.png,"Realistic Fritzing-style hardware wiring diagram, flat vector product-illustration look, soft light-grey studio background, slight top-down angle, one microcontroller board on the LEFT and one module on the RIGHT connected by coloured jumper wires with correctly-spelled pin labels on both sides; wire colours RED=power BLACK=GND BLUE=I2C-SDA YELLOW=I2C-SCL GREEN=analog ORANGE=digital CYAN=UART PURPLE=SPI; 16:9 high resolution. Title ""Raspberry Pi 4 Model B + Stepper (28BYJ-48)"". LEFT a Raspberry Pi 4 Model B (3.3V logic). RIGHT a Stepper (28BYJ-48) (Actuators & Motors). Connect EXACTLY these 3 wires and no others: IN1–IN4 to GPIO4 (ORANGE); VCC to 3V3 (pin1) (RED); GND to GND (BLACK). Show these exact pin labels; do not invent or add any wire."
raspberry-pi__l298n.png,"Realistic Fritzing-style hardware wiring diagram, flat vector product-illustration look, soft light-grey studio background, slight top-down angle, one microcontroller board on the LEFT and one module on the RIGHT connected by coloured jumper wires with correctly-spelled pin labels on both sides; wire colours RED=power BLACK=GND BLUE=I2C-SDA YELLOW=I2C-SCL GREEN=analog ORANGE=digital CYAN=UART PURPLE=SPI; 16:9 high resolution. Title ""Raspberry Pi 4 Model B + L298N Driver"". LEFT a Raspberry Pi 4 Model B (3.3V logic). RIGHT a L298N Driver (Actuators & Motors). Connect EXACTLY these 5 wires and no others: IN1–IN4 to GPIO4 (ORANGE); ENA to GPIO17 (ORANGE); ENB to GPIO27 (ORANGE); 5V to 3V3 (pin1) (RED); GND to GND (BLACK). Show these exact pin labels; do not invent or add any wire."
raspberry-pi__l293d.png,"Realistic Fritzing-style hardware wiring diagram, flat vector product-illustration look, soft light-grey studio background, slight top-down angle, one microcontroller board on the LEFT and one module on the RIGHT connected by coloured jumper wires with correctly-spelled pin labels on both sides; wire colours RED=power BLACK=GND BLUE=I2C-SDA YELLOW=I2C-SCL GREEN=analog ORANGE=digital CYAN=UART PURPLE=SPI; 16:9 high resolution. Title ""Raspberry Pi 4 Model B + L293D Driver"". LEFT a Raspberry Pi 4 Model B (3.3V logic). RIGHT a L293D Driver (Actuators & Motors). Connect EXACTLY these 5 wires and no others: IN1–IN4 to GPIO4 (ORANGE); EN1 to GPIO17 (ORANGE); EN2 to GPIO27 (ORANGE); Vcc1 to 3V3 (pin1) (RED); GND to GND (BLACK). Show these exact pin labels; do not invent or add any wire."
raspberry-pi__a4988.png,"Realistic Fritzing-style hardware wiring diagram, flat vector product-illustration look, soft light-grey studio background, slight top-down angle, one microcontroller board on the LEFT and one module on the RIGHT connected by coloured jumper wires with correctly-spelled pin labels on both sides; wire colours RED=power BLACK=GND BLUE=I2C-SDA YELLOW=I2C-SCL GREEN=analog ORANGE=digital CYAN=UART PURPLE=SPI; 16:9 high resolution. Title ""Raspberry Pi 4 Model B + A4988 Driver"". LEFT a Raspberry Pi 4 Model B (3.3V logic). RIGHT an A4988 Driver (Actuators & Motors). Connect EXACTLY these 5 wires and no others: STEP to GPIO4 (ORANGE); DIR to GPIO17 (ORANGE); VDD to 3V3 (pin1) (RED); GND to GND (BLACK); MS1 to GPIO27 (ORANGE). Show these exact pin labels; do not invent or add any wire."
raspberry-pi__relay-module.png,"Realistic Fritzing-style hardware wiring diagram, flat vector product-illustration look, soft light-grey studio background, slight top-down angle, one microcontroller board on the LEFT and one module on the RIGHT connected by coloured jumper wires with correctly-spelled pin labels on both sides; wire colours RED=power BLACK=GND BLUE=I2C-SDA YELLOW=I2C-SCL GREEN=analog ORANGE=digital CYAN=UART PURPLE=SPI; 16:9 high resolution. Title ""Raspberry Pi 4 Model B + Relay Module"". LEFT a Raspberry Pi 4 Model B (3.3V logic). RIGHT a Relay Module (Actuators & Motors). Connect EXACTLY these 6 wires and no others: IN to GPIO4 (ORANGE); VCC to 3V3 (pin1) (RED); GND to GND (BLACK); COM to GPIO17 (ORANGE); NO to GPIO27 (ORANGE); NC to GPIO22 (ORANGE). Show these exact pin labels; do not invent or add any wire."
raspberry-pi__water-pump.png,"Realistic Fritzing-style hardware wiring diagram, flat vector product-illustration look, soft light-grey studio background, slight top-down angle, one microcontroller board on the LEFT and one module on the RIGHT connected by coloured jumper wires with correctly-spelled pin labels on both sides; wire colours RED=power BLACK=GND BLUE=I2C-SDA YELLOW=I2C-SCL GREEN=analog ORANGE=digital CYAN=UART PURPLE=SPI; 16:9 high resolution. Title ""Raspberry Pi 4 Model B + Water Pump"". LEFT a Raspberry Pi 4 Model B (3.3V logic). RIGHT a Water Pump (Actuators & Motors). Connect EXACTLY these 2 wires and no others: + to 3V3 (pin1) (RED); - to GND (BLACK). Show these exact pin labels; do not invent or add any wire."
raspberry-pi__servo-continuous.png,"Realistic Fritzing-style hardware wiring diagram, flat vector product-illustration look, soft light-grey studio background, slight top-down angle, one microcontroller board on the LEFT and one module on the RIGHT connected by coloured jumper wires with correctly-spelled pin labels on both sides; wire colours RED=power BLACK=GND BLUE=I2C-SDA YELLOW=I2C-SCL GREEN=analog ORANGE=digital CYAN=UART PURPLE=SPI; 16:9 high resolution. Title ""Raspberry Pi 4 Model B + Continuous Servo"". LEFT a Raspberry Pi 4 Model B (3.3V logic). RIGHT a Continuous Servo (Actuators & Motors). Connect EXACTLY these 3 wires and no others: Signal to GPIO4 (ORANGE); VCC to 3V3 (pin1) (RED); GND to GND (BLACK). Show these exact pin labels; do not invent or add any wire."
raspberry-pi__buzzer.png,"Realistic Fritzing-style hardware wiring diagram, flat vector product-illustration look, soft light-grey studio background, slight top-down angle, one microcontroller board on the LEFT and one module on the RIGHT connected by coloured jumper wires with correctly-spelled pin labels on both sides; wire colours RED=power BLACK=GND BLUE=I2C-SDA YELLOW=I2C-SCL GREEN=analog ORANGE=digital CYAN=UART PURPLE=SPI; 16:9 high resolution. Title ""Raspberry Pi 4 Model B + Buzzer"". LEFT a Raspberry Pi 4 Model B (3.3V logic). RIGHT a Buzzer (Actuators & Motors). Connect EXACTLY these 2 wires and no others: + to 3V3 (pin1) (RED); - to GND (BLACK). Show these exact pin labels; do not invent or add any wire."
raspberry-pi__lcd1602.png,"Realistic Fritzing-style hardware wiring diagram, flat vector product-illustration look, soft light-grey studio background, slight top-down angle, one microcontroller board on the LEFT and one module on the RIGHT connected by coloured jumper wires with correctly-spelled pin labels on both sides; wire colours RED=power BLACK=GND BLUE=I2C-SDA YELLOW=I2C-SCL GREEN=analog ORANGE=digital CYAN=UART PURPLE=SPI; 16:9 high resolution. Title ""Raspberry Pi 4 Model B + LCD 16×2"". LEFT a Raspberry Pi 4 Model B (3.3V logic). RIGHT a LCD 16×2 (Displays). Connect EXACTLY these 4 wires and no others: SDA to GPIO2 (pin3) (BLUE); SCL to GPIO3 (pin5) (YELLOW); VCC to 3V3 (pin1) (RED); GND to GND (BLACK). Show these exact pin labels; do not invent or add any wire."
raspberry-pi__lcd2004.png,"Realistic Fritzing-style hardware wiring diagram, flat vector product-illustration look, soft light-grey studio background, slight top-down angle, one microcontroller board on the LEFT and one module on the RIGHT connected by coloured jumper wires with correctly-spelled pin labels on both sides; wire colours RED=power BLACK=GND BLUE=I2C-SDA YELLOW=I2C-SCL GREEN=analog ORANGE=digital CYAN=UART PURPLE=SPI; 16:9 high resolution. Title ""Raspberry Pi 4 Model B + LCD 20×4"". LEFT a Raspberry Pi 4 Model B (3.3V logic). RIGHT a LCD 20×4 (Displays). Connect EXACTLY these 4 wires and no others: SDA to GPIO2 (pin3) (BLUE); SCL to GPIO3 (pin5) (YELLOW); VCC to 3V3 (pin1) (RED); GND to GND (BLACK). Show these exact pin labels; do not invent or add any wire."
raspberry-pi__oled.png,"Realistic Fritzing-style hardware wiring diagram, flat vector product-illustration look, soft light-grey studio background, slight top-down angle, one microcontroller board on the LEFT and one module on the RIGHT connected by coloured jumper wires with correctly-spelled pin labels on both sides; wire colours RED=power BLACK=GND BLUE=I2C-SDA YELLOW=I2C-SCL GREEN=analog ORANGE=digital CYAN=UART PURPLE=SPI; 16:9 high resolution. Title ""Raspberry Pi 4 Model B + OLED 0.96"" (SSD1306)"". LEFT a Raspberry Pi 4 Model B (3.3V logic). RIGHT an OLED 0.96"" (SSD1306) (Displays). Connect EXACTLY these 4 wires and no others: SDA to GPIO2 (pin3) (BLUE); SCL to GPIO3 (pin5) (YELLOW); VCC to 3V3 (pin1) (RED); GND to GND (BLACK). Show these exact pin labels; do not invent or add any wire."
raspberry-pi__tft.png,"Realistic Fritzing-style hardware wiring diagram, flat vector product-illustration look, soft light-grey studio background, slight top-down angle, one microcontroller board on the LEFT and one module on the RIGHT connected by coloured jumper wires with correctly-spelled pin labels on both sides; wire colours RED=power BLACK=GND BLUE=I2C-SDA YELLOW=I2C-SCL GREEN=analog ORANGE=digital CYAN=UART PURPLE=SPI; 16:9 high resolution. Title ""Raspberry Pi 4 Model B + TFT Touch Display"". LEFT a Raspberry Pi 4 Model B (3.3V logic). RIGHT a TFT Touch Display (Displays). Connect EXACTLY these 9 wires and no others: SCK to GPIO11 (SCLK) (PURPLE); MOSI to GPIO10 (MOSI) (PURPLE); MISO to GPIO9 (MISO) (PURPLE); CS to GPIO8 (CE0) (PURPLE); DC to GPIO4 (ORANGE); T_CS to GPIO17 (ORANGE); T_IRQ to GPIO27 (ORANGE); VCC to 3V3 (pin1) (RED); GND to GND (BLACK). Show these exact pin labels; do not invent or add any wire."
raspberry-pi__seven-seg.png,"Realistic Fritzing-style hardware wiring diagram, flat vector product-illustration look, soft light-grey studio background, slight top-down angle, one microcontroller board on the LEFT and one module on the RIGHT connected by coloured jumper wires with correctly-spelled pin labels on both sides; wire colours RED=power BLACK=GND BLUE=I2C-SDA YELLOW=I2C-SCL GREEN=analog ORANGE=digital CYAN=UART PURPLE=SPI; 16:9 high resolution. Title ""Raspberry Pi 4 Model B + 7-Segment Display"". LEFT a Raspberry Pi 4 Model B (3.3V logic). RIGHT a 7-Segment Display (Displays). Connect EXACTLY these 3 wires and no others: a–g to GPIO4 (ORANGE); dp to GPIO17 (ORANGE); GND to GND (BLACK). Show these exact pin labels; do not invent or add any wire."
raspberry-pi__led-matrix.png,"Realistic Fritzing-style hardware wiring diagram, flat vector product-illustration look, soft light-grey studio background, slight top-down angle, one microcontroller board on the LEFT and one module on the RIGHT connected by coloured jumper wires with correctly-spelled pin labels on both sides; wire colours RED=power BLACK=GND BLUE=I2C-SDA YELLOW=I2C-SCL GREEN=analog ORANGE=digital CYAN=UART PURPLE=SPI; 16:9 high resolution. Title ""Raspberry Pi 4 Model B + LED Matrix (MAX7219)"". LEFT a Raspberry Pi 4 Model B (3.3V logic). RIGHT a LED Matrix (MAX7219) (Displays). Connect EXACTLY these 5 wires and no others: DIN to GPIO10 (MOSI) (PURPLE); CS to GPIO8 (CE0) (PURPLE); CLK to GPIO4 (ORANGE); VCC to 3V3 (pin1) (RED); GND to GND (BLACK). Show these exact pin labels; do not invent or add any wire."
raspberry-pi__neopixel.png,"Realistic Fritzing-style hardware wiring diagram, flat vector product-illustration look, soft light-grey studio background, slight top-down angle, one microcontroller board on the LEFT and one module on the RIGHT connected by coloured jumper wires with correctly-spelled pin labels on both sides; wire colours RED=power BLACK=GND BLUE=I2C-SDA YELLOW=I2C-SCL GREEN=analog ORANGE=digital CYAN=UART PURPLE=SPI; 16:9 high resolution. Title ""Raspberry Pi 4 Model B + NeoPixel (WS2812)"". LEFT a Raspberry Pi 4 Model B (3.3V logic). RIGHT a NeoPixel (WS2812) (Displays). Connect EXACTLY these 3 wires and no others: DIN to GPIO10 (MOSI) (PURPLE); 5V to 3V3 (pin1) (RED); GND to GND (BLACK). Show these exact pin labels; do not invent or add any wire."
raspberry-pi__epaper.png,"Realistic Fritzing-style hardware wiring diagram, flat vector product-illustration look, soft light-grey studio background, slight top-down angle, one microcontroller board on the LEFT and one module on the RIGHT connected by coloured jumper wires with correctly-spelled pin labels on both sides; wire colours RED=power BLACK=GND BLUE=I2C-SDA YELLOW=I2C-SCL GREEN=analog ORANGE=digital CYAN=UART PURPLE=SPI; 16:9 high resolution. Title ""Raspberry Pi 4 Model B + E-Paper Display"". LEFT a Raspberry Pi 4 Model B (3.3V logic). RIGHT an E-Paper Display (Displays). Connect EXACTLY these 8 wires and no others: SCK to GPIO11 (SCLK) (PURPLE); MOSI to GPIO10 (MOSI) (PURPLE); CS to GPIO8 (CE0) (PURPLE); DC to GPIO4 (ORANGE); BUSY to GPIO17 (ORANGE); RST to GPIO27 (ORANGE); VCC to 3V3 (pin1) (RED); GND to GND (BLACK). Show these exact pin labels; do not invent or add any wire."
raspberry-pi__hc05.png,"Realistic Fritzing-style hardware wiring diagram, flat vector product-illustration look, soft light-grey studio background, slight top-down angle, one microcontroller board on the LEFT and one module on the RIGHT connected by coloured jumper wires with correctly-spelled pin labels on both sides; wire colours RED=power BLACK=GND BLUE=I2C-SDA YELLOW=I2C-SCL GREEN=analog ORANGE=digital CYAN=UART PURPLE=SPI; 16:9 high resolution. Title ""Raspberry Pi 4 Model B + HC-05 Bluetooth"". LEFT a Raspberry Pi 4 Model B (3.3V logic). RIGHT a HC-05 Bluetooth (Connectivity). Connect EXACTLY these 6 wires and no others: RXD to GPIO4 (ORANGE); TXD to GPIO17 (ORANGE); VCC to 3V3 (pin1) (RED); GND to GND (BLACK); EN to GPIO27 (ORANGE); KEY to GPIO22 (ORANGE). Show these exact pin labels; do not invent or add any wire."
raspberry-pi__ble.png,"Realistic Fritzing-style hardware wiring diagram, flat vector product-illustration look, soft light-grey studio background, slight top-down angle, one microcontroller board on the LEFT and one module on the RIGHT connected by coloured jumper wires with correctly-spelled pin labels on both sides; wire colours RED=power BLACK=GND BLUE=I2C-SDA YELLOW=I2C-SCL GREEN=analog ORANGE=digital CYAN=UART PURPLE=SPI; 16:9 high resolution. Title ""Raspberry Pi 4 Model B + BLE Module"". LEFT a Raspberry Pi 4 Model B (3.3V logic). RIGHT a BLE Module (Connectivity). Connect EXACTLY these 4 wires and no others: RXD to GPIO4 (ORANGE); TXD to GPIO17 (ORANGE); VCC to 3V3 (pin1) (RED); GND to GND (BLACK). Show these exact pin labels; do not invent or add any wire."
raspberry-pi__nrf24.png,"Realistic Fritzing-style hardware wiring diagram, flat vector product-illustration look, soft light-grey studio background, slight top-down angle, one microcontroller board on the LEFT and one module on the RIGHT connected by coloured jumper wires with correctly-spelled pin labels on both sides; wire colours RED=power BLACK=GND BLUE=I2C-SDA YELLOW=I2C-SCL GREEN=analog ORANGE=digital CYAN=UART PURPLE=SPI; 16:9 high resolution. Title ""Raspberry Pi 4 Model B + nRF24L01"". LEFT a Raspberry Pi 4 Model B (3.3V logic). RIGHT a nRF24L01 (Connectivity). Connect EXACTLY these 7 wires and no others: SCK to GPIO11 (SCLK) (PURPLE); MOSI to GPIO10 (MOSI) (PURPLE); MISO to GPIO9 (MISO) (PURPLE); CSN to GPIO4 (ORANGE); CE to GPIO8 (CE0) (PURPLE); VCC to 3V3 (pin1) (RED); GND to GND (BLACK). Show these exact pin labels; do not invent or add any wire."
raspberry-pi__lora.png,"Realistic Fritzing-style hardware wiring diagram, flat vector product-illustration look, soft light-grey studio background, slight top-down angle, one microcontroller board on the LEFT and one module on the RIGHT connected by coloured jumper wires with correctly-spelled pin labels on both sides; wire colours RED=power BLACK=GND BLUE=I2C-SDA YELLOW=I2C-SCL GREEN=analog ORANGE=digital CYAN=UART PURPLE=SPI; 16:9 high resolution. Title ""Raspberry Pi 4 Model B + LoRa Module"". LEFT a Raspberry Pi 4 Model B (3.3V logic). RIGHT a LoRa Module (Connectivity). Connect EXACTLY these 8 wires and no others: SCK to GPIO11 (SCLK) (PURPLE); MOSI to GPIO10 (MOSI) (PURPLE); MISO to GPIO9 (MISO) (PURPLE); NSS to GPIO8 (CE0) (PURPLE); DIO0 to GPIO4 (ORANGE); RST to GPIO17 (ORANGE); VCC to 3V3 (pin1) (RED); GND to GND (BLACK). Show these exact pin labels; do not invent or add any wire."
raspberry-pi__sim800.png,"Realistic Fritzing-style hardware wiring diagram, flat vector product-illustration look, soft light-grey studio background, slight top-down angle, one microcontroller board on the LEFT and one module on the RIGHT connected by coloured jumper wires with correctly-spelled pin labels on both sides; wire colours RED=power BLACK=GND BLUE=I2C-SDA YELLOW=I2C-SCL GREEN=analog ORANGE=digital CYAN=UART PURPLE=SPI; 16:9 high resolution. Title ""Raspberry Pi 4 Model B + SIM800L GSM"". LEFT a Raspberry Pi 4 Model B (3.3V logic). RIGHT a SIM800L GSM (Connectivity). Connect EXACTLY these 4 wires and no others: RXD to GPIO4 (ORANGE); TXD to GPIO17 (ORANGE); VCC to 3V3 (pin1) (RED); GND to GND (BLACK). Show these exact pin labels; do not invent or add any wire."
raspberry-pi__sim900.png,"Realistic Fritzing-style hardware wiring diagram, flat vector product-illustration look, soft light-grey studio background, slight top-down angle, one microcontroller board on the LEFT and one module on the RIGHT connected by coloured jumper wires with correctly-spelled pin labels on both sides; wire colours RED=power BLACK=GND BLUE=I2C-SDA YELLOW=I2C-SCL GREEN=analog ORANGE=digital CYAN=UART PURPLE=SPI; 16:9 high resolution. Title ""Raspberry Pi 4 Model B + SIM900 GSM"". LEFT a Raspberry Pi 4 Model B (3.3V logic). RIGHT a SIM900 GSM (Connectivity). Connect EXACTLY these 4 wires and no others: RXD to GPIO4 (ORANGE); TXD to GPIO17 (ORANGE); VCC 5V to 3V3 (pin1) (RED); GND to GND (BLACK). Show these exact pin labels; do not invent or add any wire."
raspberry-pi__gps-neo6.png,"Realistic Fritzing-style hardware wiring diagram, flat vector product-illustration look, soft light-grey studio background, slight top-down angle, one microcontroller board on the LEFT and one module on the RIGHT connected by coloured jumper wires with correctly-spelled pin labels on both sides; wire colours RED=power BLACK=GND BLUE=I2C-SDA YELLOW=I2C-SCL GREEN=analog ORANGE=digital CYAN=UART PURPLE=SPI; 16:9 high resolution. Title ""Raspberry Pi 4 Model B + NEO-6M GPS"". LEFT a Raspberry Pi 4 Model B (3.3V logic). RIGHT a NEO-6M GPS (Connectivity). Connect EXACTLY these 4 wires and no others: RX to GPIO14 (TXD) (CYAN); TX to GPIO15 (RXD) (CYAN); VCC to 3V3 (pin1) (RED); GND to GND (BLACK). Show these exact pin labels; do not invent or add any wire."
raspberry-pi__rfid-rc522.png,"Realistic Fritzing-style hardware wiring diagram, flat vector product-illustration look, soft light-grey studio background, slight top-down angle, one microcontroller board on the LEFT and one module on the RIGHT connected by coloured jumper wires with correctly-spelled pin labels on both sides; wire colours RED=power BLACK=GND BLUE=I2C-SDA YELLOW=I2C-SCL GREEN=analog ORANGE=digital CYAN=UART PURPLE=SPI; 16:9 high resolution. Title ""Raspberry Pi 4 Model B + RFID RC522"". LEFT a Raspberry Pi 4 Model B (3.3V logic). RIGHT a RFID RC522 (Connectivity). Connect EXACTLY these 7 wires and no others: SCK to GPIO11 (SCLK) (PURPLE); MOSI to GPIO10 (MOSI) (PURPLE); MISO to GPIO9 (MISO) (PURPLE); SS to GPIO8 (CE0) (PURPLE); RST to GPIO4 (ORANGE); VCC to 3V3 (pin1) (RED); GND to GND (BLACK). Show these exact pin labels; do not invent or add any wire."
raspberry-pi__fingerprint-mod.png,"Realistic Fritzing-style hardware wiring diagram, flat vector product-illustration look, soft light-grey studio background, slight top-down angle, one microcontroller board on the LEFT and one module on the RIGHT connected by coloured jumper wires with correctly-spelled pin labels on both sides; wire colours RED=power BLACK=GND BLUE=I2C-SDA YELLOW=I2C-SCL GREEN=analog ORANGE=digital CYAN=UART PURPLE=SPI; 16:9 high resolution. Title ""Raspberry Pi 4 Model B + Fingerprint (R307)"". LEFT a Raspberry Pi 4 Model B (3.3V logic). RIGHT a Fingerprint (R307) (Connectivity). Connect EXACTLY these 4 wires and no others: TX to GPIO15 (RXD) (CYAN); RX to GPIO14 (TXD) (CYAN); VCC to 3V3 (pin1) (RED); GND to GND (BLACK). Show these exact pin labels; do not invent or add any wire."
raspberry-pi__ethernet-mod.png,"Realistic Fritzing-style hardware wiring diagram, flat vector product-illustration look, soft light-grey studio background, slight top-down angle, one microcontroller board on the LEFT and one module on the RIGHT connected by coloured jumper wires with correctly-spelled pin labels on both sides; wire colours RED=power BLACK=GND BLUE=I2C-SDA YELLOW=I2C-SCL GREEN=analog ORANGE=digital CYAN=UART PURPLE=SPI; 16:9 high resolution. Title ""Raspberry Pi 4 Model B + Ethernet (W5100)"". LEFT a Raspberry Pi 4 Model B (3.3V logic). RIGHT an Ethernet (W5100) (Connectivity). Connect EXACTLY these 6 wires and no others: SCK to GPIO11 (SCLK) (PURPLE); MOSI to GPIO10 (MOSI) (PURPLE); MISO to GPIO9 (MISO) (PURPLE); CS to GPIO8 (CE0) (PURPLE); VCC to 3V3 (pin1) (RED); GND to GND (BLACK). Show these exact pin labels; do not invent or add any wire."
raspberry-pi__led.png,"Realistic Fritzing-style hardware wiring diagram, flat vector product-illustration look, soft light-grey studio background, slight top-down angle, one microcontroller board on the LEFT and one module on the RIGHT connected by coloured jumper wires with correctly-spelled pin labels on both sides; wire colours RED=power BLACK=GND BLUE=I2C-SDA YELLOW=I2C-SCL GREEN=analog ORANGE=digital CYAN=UART PURPLE=SPI; 16:9 high resolution. Title ""Raspberry Pi 4 Model B + LED"". LEFT a Raspberry Pi 4 Model B (3.3V logic). RIGHT a LED (Passive & Discrete). Connect EXACTLY these 2 wires and no others: Anode to GPIO4 (ORANGE); GND to GND (BLACK). Show these exact pin labels; do not invent or add any wire."
raspberry-pi__potentiometer.png,"Realistic Fritzing-style hardware wiring diagram, flat vector product-illustration look, soft light-grey studio background, slight top-down angle, one microcontroller board on the LEFT and one module on the RIGHT connected by coloured jumper wires with correctly-spelled pin labels on both sides; wire colours RED=power BLACK=GND BLUE=I2C-SDA YELLOW=I2C-SCL GREEN=analog ORANGE=digital CYAN=UART PURPLE=SPI; 16:9 high resolution. Title ""Raspberry Pi 4 Model B + Potentiometer"". LEFT a Raspberry Pi 4 Model B (3.3V logic). RIGHT a Potentiometer (Passive & Discrete). Connect EXACTLY these 3 wires and no others: VCC to 3V3 (pin1) (RED); GND to GND (BLACK); Wiper to GPIO4 (needs ext. ADC) (GREEN). Show these exact pin labels; do not invent or add any wire."
raspberry-pi__push-button.png,"Realistic Fritzing-style hardware wiring diagram, flat vector product-illustration look, soft light-grey studio background, slight top-down angle, one microcontroller board on the LEFT and one module on the RIGHT connected by coloured jumper wires with correctly-spelled pin labels on both sides; wire colours RED=power BLACK=GND BLUE=I2C-SDA YELLOW=I2C-SCL GREEN=analog ORANGE=digital CYAN=UART PURPLE=SPI; 16:9 high resolution. Title ""Raspberry Pi 4 Model B + Push Button"". LEFT a Raspberry Pi 4 Model B (3.3V logic). RIGHT a Push Button (Input / Output). Connect EXACTLY these 1 wires and no others: 4 legs to GPIO4 (ORANGE). Show these exact pin labels; do not invent or add any wire."
raspberry-pi__keypad.png,"Realistic Fritzing-style hardware wiring diagram, flat vector product-illustration look, soft light-grey studio background, slight top-down angle, one microcontroller board on the LEFT and one module on the RIGHT connected by coloured jumper wires with correctly-spelled pin labels on both sides; wire colours RED=power BLACK=GND BLUE=I2C-SDA YELLOW=I2C-SCL GREEN=analog ORANGE=digital CYAN=UART PURPLE=SPI; 16:9 high resolution. Title ""Raspberry Pi 4 Model B + Matrix Keypad 4×4"". LEFT a Raspberry Pi 4 Model B (3.3V logic). RIGHT a Matrix Keypad 4×4 (Input / Output). Connect EXACTLY these 1 wires and no others: 8 pins to GPIO4 (ORANGE). Show these exact pin labels; do not invent or add any wire."
raspberry-pi__joystick.png,"Realistic Fritzing-style hardware wiring diagram, flat vector product-illustration look, soft light-grey studio background, slight top-down angle, one microcontroller board on the LEFT and one module on the RIGHT connected by coloured jumper wires with correctly-spelled pin labels on both sides; wire colours RED=power BLACK=GND BLUE=I2C-SDA YELLOW=I2C-SCL GREEN=analog ORANGE=digital CYAN=UART PURPLE=SPI; 16:9 high resolution. Title ""Raspberry Pi 4 Model B + Joystick Module"". LEFT a Raspberry Pi 4 Model B (3.3V logic). RIGHT a Joystick Module (Input / Output). Connect EXACTLY these 5 wires and no others: VRx to GPIO4 (ORANGE); VRy to GPIO17 (ORANGE); SW to GPIO27 (ORANGE); VCC to 3V3 (pin1) (RED); GND to GND (BLACK). Show these exact pin labels; do not invent or add any wire."
raspberry-pi__rotary-encoder.png,"Realistic Fritzing-style hardware wiring diagram, flat vector product-illustration look, soft light-grey studio background, slight top-down angle, one microcontroller board on the LEFT and one module on the RIGHT connected by coloured jumper wires with correctly-spelled pin labels on both sides; wire colours RED=power BLACK=GND BLUE=I2C-SDA YELLOW=I2C-SCL GREEN=analog ORANGE=digital CYAN=UART PURPLE=SPI; 16:9 high resolution. Title ""Raspberry Pi 4 Model B + Rotary Encoder"". LEFT a Raspberry Pi 4 Model B (3.3V logic). RIGHT a Rotary Encoder (Input / Output). Connect EXACTLY these 5 wires and no others: CLK to GPIO4 (ORANGE); DT to GPIO17 (ORANGE); SW to GPIO27 (ORANGE); VCC to 3V3 (pin1) (RED); GND to GND (BLACK). Show these exact pin labels; do not invent or add any wire."
raspberry-pi__sd-module.png,"Realistic Fritzing-style hardware wiring diagram, flat vector product-illustration look, soft light-grey studio background, slight top-down angle, one microcontroller board on the LEFT and one module on the RIGHT connected by coloured jumper wires with correctly-spelled pin labels on both sides; wire colours RED=power BLACK=GND BLUE=I2C-SDA YELLOW=I2C-SCL GREEN=analog ORANGE=digital CYAN=UART PURPLE=SPI; 16:9 high resolution. Title ""Raspberry Pi 4 Model B + MicroSD Module"". LEFT a Raspberry Pi 4 Model B (3.3V logic). RIGHT a MicroSD Module (Input / Output). Connect EXACTLY these 6 wires and no others: SCK to GPIO11 (SCLK) (PURPLE); MOSI to GPIO10 (MOSI) (PURPLE); MISO to GPIO9 (MISO) (PURPLE); CS to GPIO8 (CE0) (PURPLE); VCC to 3V3 (pin1) (RED); GND to GND (BLACK). Show these exact pin labels; do not invent or add any wire."
raspberry-pi__rtc.png,"Realistic Fritzing-style hardware wiring diagram, flat vector product-illustration look, soft light-grey studio background, slight top-down angle, one microcontroller board on the LEFT and one module on the RIGHT connected by coloured jumper wires with correctly-spelled pin labels on both sides; wire colours RED=power BLACK=GND BLUE=I2C-SDA YELLOW=I2C-SCL GREEN=analog ORANGE=digital CYAN=UART PURPLE=SPI; 16:9 high resolution. Title ""Raspberry Pi 4 Model B + RTC (DS3231)"". LEFT a Raspberry Pi 4 Model B (3.3V logic). RIGHT a RTC (DS3231) (Input / Output). Connect EXACTLY these 4 wires and no others: SDA to GPIO2 (pin3) (BLUE); SCL to GPIO3 (pin5) (YELLOW); VCC to 3V3 (pin1) (RED); GND to GND (BLACK). Show these exact pin labels; do not invent or add any wire."
raspberry-pi__speaker.png,"Realistic Fritzing-style hardware wiring diagram, flat vector product-illustration look, soft light-grey studio background, slight top-down angle, one microcontroller board on the LEFT and one module on the RIGHT connected by coloured jumper wires with correctly-spelled pin labels on both sides; wire colours RED=power BLACK=GND BLUE=I2C-SDA YELLOW=I2C-SCL GREEN=analog ORANGE=digital CYAN=UART PURPLE=SPI; 16:9 high resolution. Title ""Raspberry Pi 4 Model B + Speaker / DFPlayer"". LEFT a Raspberry Pi 4 Model B (3.3V logic). RIGHT a Speaker / DFPlayer (Input / Output). Connect EXACTLY these 4 wires and no others: RX to GPIO14 (TXD) (CYAN); TX to GPIO15 (RXD) (CYAN); VCC to 3V3 (pin1) (RED); GND to GND (BLACK). Show these exact pin labels; do not invent or add any wire."
raspberry-pi__imu-robot.png,"Realistic Fritzing-style hardware wiring diagram, flat vector product-illustration look, soft light-grey studio background, slight top-down angle, one microcontroller board on the LEFT and one module on the RIGHT connected by coloured jumper wires with correctly-spelled pin labels on both sides; wire colours RED=power BLACK=GND BLUE=I2C-SDA YELLOW=I2C-SCL GREEN=analog ORANGE=digital CYAN=UART PURPLE=SPI; 16:9 high resolution. Title ""Raspberry Pi 4 Model B + IMU / Balance"". LEFT a Raspberry Pi 4 Model B (3.3V logic). RIGHT an IMU / Balance (Robotics). Connect EXACTLY these 5 wires and no others: SDA to GPIO2 (pin3) (BLUE); SCL to GPIO3 (pin5) (YELLOW); INT to GPIO4 (ORANGE); VCC to 3V3 (pin1) (RED); GND to GND (BLACK). Show these exact pin labels; do not invent or add any wire."
raspberry-pi__lidar-robot.png,"Realistic Fritzing-style hardware wiring diagram, flat vector product-illustration look, soft light-grey studio background, slight top-down angle, one microcontroller board on the LEFT and one module on the RIGHT connected by coloured jumper wires with correctly-spelled pin labels on both sides; wire colours RED=power BLACK=GND BLUE=I2C-SDA YELLOW=I2C-SCL GREEN=analog ORANGE=digital CYAN=UART PURPLE=SPI; 16:9 high resolution. Title ""Raspberry Pi 4 Model B + LiDAR Scanner"". LEFT a Raspberry Pi 4 Model B (3.3V logic). RIGHT a LiDAR Scanner (Robotics). Connect EXACTLY these 4 wires and no others: TX to GPIO15 (RXD) (CYAN); RX to GPIO14 (TXD) (CYAN); VCC to 3V3 (pin1) (RED); GND to GND (BLACK). Show these exact pin labels; do not invent or add any wire."
stm32__dht11.png,"Realistic Fritzing-style hardware wiring diagram, flat vector product-illustration look, soft light-grey studio background, slight top-down angle, one microcontroller board on the LEFT and one module on the RIGHT connected by coloured jumper wires with correctly-spelled pin labels on both sides; wire colours RED=power BLACK=GND BLUE=I2C-SDA YELLOW=I2C-SCL GREEN=analog ORANGE=digital CYAN=UART PURPLE=SPI; 16:9 high resolution. Title ""STM32 Blue Pill (STM32F103C8T6) + DHT11 / DHT22"". LEFT a STM32 Blue Pill (STM32F103C8T6) (3.3V logic). RIGHT a DHT11 / DHT22 (Sensors). Connect EXACTLY these 3 wires and no others: VCC to 3.3V (RED); DATA to PB0 (ORANGE); GND to GND (BLACK). Show these exact pin labels; do not invent or add any wire."
stm32__ds18b20.png,"Realistic Fritzing-style hardware wiring diagram, flat vector product-illustration look, soft light-grey studio background, slight top-down angle, one microcontroller board on the LEFT and one module on the RIGHT connected by coloured jumper wires with correctly-spelled pin labels on both sides; wire colours RED=power BLACK=GND BLUE=I2C-SDA YELLOW=I2C-SCL GREEN=analog ORANGE=digital CYAN=UART PURPLE=SPI; 16:9 high resolution. Title ""STM32 Blue Pill (STM32F103C8T6) + DS18B20"". LEFT a STM32 Blue Pill (STM32F103C8T6) (3.3V logic). RIGHT a DS18B20 (Sensors). Connect EXACTLY these 3 wires and no others: VDD to 3.3V (RED); DQ to PB0 (ORANGE); GND to GND (BLACK). Show these exact pin labels; do not invent or add any wire."
stm32__lm35.png,"Realistic Fritzing-style hardware wiring diagram, flat vector product-illustration look, soft light-grey studio background, slight top-down angle, one microcontroller board on the LEFT and one module on the RIGHT connected by coloured jumper wires with correctly-spelled pin labels on both sides; wire colours RED=power BLACK=GND BLUE=I2C-SDA YELLOW=I2C-SCL GREEN=analog ORANGE=digital CYAN=UART PURPLE=SPI; 16:9 high resolution. Title ""STM32 Blue Pill (STM32F103C8T6) + LM35"". LEFT a STM32 Blue Pill (STM32F103C8T6) (3.3V logic). RIGHT a LM35 (Sensors). Connect EXACTLY these 3 wires and no others: VCC to 3.3V (RED); OUT to PA0 (GREEN); GND to GND (BLACK). Show these exact pin labels; do not invent or add any wire."
stm32__hc-sr04.png,"Realistic Fritzing-style hardware wiring diagram, flat vector product-illustration look, soft light-grey studio background, slight top-down angle, one microcontroller board on the LEFT and one module on the RIGHT connected by coloured jumper wires with correctly-spelled pin labels on both sides; wire colours RED=power BLACK=GND BLUE=I2C-SDA YELLOW=I2C-SCL GREEN=analog ORANGE=digital CYAN=UART PURPLE=SPI; 16:9 high resolution. Title ""STM32 Blue Pill (STM32F103C8T6) + HC-SR04"". LEFT a STM32 Blue Pill (STM32F103C8T6) (3.3V logic). RIGHT a HC-SR04 (Sensors). Connect EXACTLY these 4 wires and no others: VCC to 3.3V (RED); TRIG to PB0 (ORANGE); ECHO to PB1 (ORANGE); GND to GND (BLACK). Show these exact pin labels; do not invent or add any wire."
stm32__pir.png,"Realistic Fritzing-style hardware wiring diagram, flat vector product-illustration look, soft light-grey studio background, slight top-down angle, one microcontroller board on the LEFT and one module on the RIGHT connected by coloured jumper wires with correctly-spelled pin labels on both sides; wire colours RED=power BLACK=GND BLUE=I2C-SDA YELLOW=I2C-SCL GREEN=analog ORANGE=digital CYAN=UART PURPLE=SPI; 16:9 high resolution. Title ""STM32 Blue Pill (STM32F103C8T6) + PIR Motion (HC-SR501)"". LEFT a STM32 Blue Pill (STM32F103C8T6) (3.3V logic). RIGHT a PIR Motion (HC-SR501) (Sensors). Connect EXACTLY these 3 wires and no others: VCC to 3.3V (RED); OUT to PB0 (ORANGE); GND to GND (BLACK). Show these exact pin labels; do not invent or add any wire."
stm32__ldr.png,"Realistic Fritzing-style hardware wiring diagram, flat vector product-illustration look, soft light-grey studio background, slight top-down angle, one microcontroller board on the LEFT and one module on the RIGHT connected by coloured jumper wires with correctly-spelled pin labels on both sides; wire colours RED=power BLACK=GND BLUE=I2C-SDA YELLOW=I2C-SCL GREEN=analog ORANGE=digital CYAN=UART PURPLE=SPI; 16:9 high resolution. Title ""STM32 Blue Pill (STM32F103C8T6) + LDR (Photoresistor)"". LEFT a STM32 Blue Pill (STM32F103C8T6) (3.3V logic). RIGHT a LDR (Photoresistor) (Sensors). Connect EXACTLY these 3 wires and no others: VCC to 3.3V (RED); AO to PA0 (GREEN); GND to GND (BLACK). Show these exact pin labels; do not invent or add any wire."
stm32__bh1750.png,"Realistic Fritzing-style hardware wiring diagram, flat vector product-illustration look, soft light-grey studio background, slight top-down angle, one microcontroller board on the LEFT and one module on the RIGHT connected by coloured jumper wires with correctly-spelled pin labels on both sides; wire colours RED=power BLACK=GND BLUE=I2C-SDA YELLOW=I2C-SCL GREEN=analog ORANGE=digital CYAN=UART PURPLE=SPI; 16:9 high resolution. Title ""STM32 Blue Pill (STM32F103C8T6) + BH1750"". LEFT a STM32 Blue Pill (STM32F103C8T6) (3.3V logic). RIGHT a BH1750 (Sensors). Connect EXACTLY these 5 wires and no others: VCC to 3.3V (RED); GND to GND (BLACK); SDA to PB7 (SDA) (BLUE); SCL to PB6 (SCL) (YELLOW); ADDR to PB0 (ORANGE). Show these exact pin labels; do not invent or add any wire."
stm32__mq2.png,"Realistic Fritzing-style hardware wiring diagram, flat vector product-illustration look, soft light-grey studio background, slight top-down angle, one microcontroller board on the LEFT and one module on the RIGHT connected by coloured jumper wires with correctly-spelled pin labels on both sides; wire colours RED=power BLACK=GND BLUE=I2C-SDA YELLOW=I2C-SCL GREEN=analog ORANGE=digital CYAN=UART PURPLE=SPI; 16:9 high resolution. Title ""STM32 Blue Pill (STM32F103C8T6) + MQ-2 Gas"". LEFT a STM32 Blue Pill (STM32F103C8T6) (3.3V logic). RIGHT a MQ-2 Gas (Sensors). Connect EXACTLY these 4 wires and no others: VCC to 3.3V (RED); AO to PA0 (GREEN); DO to PB0 (ORANGE); GND to GND (BLACK). Show these exact pin labels; do not invent or add any wire."
stm32__mq135.png,"Realistic Fritzing-style hardware wiring diagram, flat vector product-illustration look, soft light-grey studio background, slight top-down angle, one microcontroller board on the LEFT and one module on the RIGHT connected by coloured jumper wires with correctly-spelled pin labels on both sides; wire colours RED=power BLACK=GND BLUE=I2C-SDA YELLOW=I2C-SCL GREEN=analog ORANGE=digital CYAN=UART PURPLE=SPI; 16:9 high resolution. Title ""STM32 Blue Pill (STM32F103C8T6) + MQ-135 Air Quality"". LEFT a STM32 Blue Pill (STM32F103C8T6) (3.3V logic). RIGHT a MQ-135 Air Quality (Sensors). Connect EXACTLY these 4 wires and no others: VCC to 3.3V (RED); AO to PA0 (GREEN); DO to PB0 (ORANGE); GND to GND (BLACK). Show these exact pin labels; do not invent or add any wire."
stm32__mq7.png,"Realistic Fritzing-style hardware wiring diagram, flat vector product-illustration look, soft light-grey studio background, slight top-down angle, one microcontroller board on the LEFT and one module on the RIGHT connected by coloured jumper wires with correctly-spelled pin labels on both sides; wire colours RED=power BLACK=GND BLUE=I2C-SDA YELLOW=I2C-SCL GREEN=analog ORANGE=digital CYAN=UART PURPLE=SPI; 16:9 high resolution. Title ""STM32 Blue Pill (STM32F103C8T6) + MQ-7 CO"". LEFT a STM32 Blue Pill (STM32F103C8T6) (3.3V logic). RIGHT a MQ-7 CO (Sensors). Connect EXACTLY these 4 wires and no others: VCC to 3.3V (RED); AO to PA0 (GREEN); DO to PB0 (ORANGE); GND to GND (BLACK). Show these exact pin labels; do not invent or add any wire."
stm32__soil-moisture.png,"Realistic Fritzing-style hardware wiring diagram, flat vector product-illustration look, soft light-grey studio background, slight top-down angle, one microcontroller board on the LEFT and one module on the RIGHT connected by coloured jumper wires with correctly-spelled pin labels on both sides; wire colours RED=power BLACK=GND BLUE=I2C-SDA YELLOW=I2C-SCL GREEN=analog ORANGE=digital CYAN=UART PURPLE=SPI; 16:9 high resolution. Title ""STM32 Blue Pill (STM32F103C8T6) + Soil Moisture"". LEFT a STM32 Blue Pill (STM32F103C8T6) (3.3V logic). RIGHT a Soil Moisture (Sensors). Connect EXACTLY these 4 wires and no others: VCC to 3.3V (RED); AO to PA0 (GREEN); DO to PB0 (ORANGE); GND to GND (BLACK). Show these exact pin labels; do not invent or add any wire."
stm32__rain-sensor.png,"Realistic Fritzing-style hardware wiring diagram, flat vector product-illustration look, soft light-grey studio background, slight top-down angle, one microcontroller board on the LEFT and one module on the RIGHT connected by coloured jumper wires with correctly-spelled pin labels on both sides; wire colours RED=power BLACK=GND BLUE=I2C-SDA YELLOW=I2C-SCL GREEN=analog ORANGE=digital CYAN=UART PURPLE=SPI; 16:9 high resolution. Title ""STM32 Blue Pill (STM32F103C8T6) + Rain Sensor"". LEFT a STM32 Blue Pill (STM32F103C8T6) (3.3V logic). RIGHT a Rain Sensor (Sensors). Connect EXACTLY these 4 wires and no others: VCC to 3.3V (RED); AO to PA0 (GREEN); DO to PB0 (ORANGE); GND to GND (BLACK). Show these exact pin labels; do not invent or add any wire."
stm32__water-level.png,"Realistic Fritzing-style hardware wiring diagram, flat vector product-illustration look, soft light-grey studio background, slight top-down angle, one microcontroller board on the LEFT and one module on the RIGHT connected by coloured jumper wires with correctly-spelled pin labels on both sides; wire colours RED=power BLACK=GND BLUE=I2C-SDA YELLOW=I2C-SCL GREEN=analog ORANGE=digital CYAN=UART PURPLE=SPI; 16:9 high resolution. Title ""STM32 Blue Pill (STM32F103C8T6) + Water Level Sensor"". LEFT a STM32 Blue Pill (STM32F103C8T6) (3.3V logic). RIGHT a Water Level Sensor (Sensors). Connect EXACTLY these 3 wires and no others: + to 3.3V (RED); S to PA0 (GREEN); - to GND (BLACK). Show these exact pin labels; do not invent or add any wire."
stm32__flow-sensor.png,"Realistic Fritzing-style hardware wiring diagram, flat vector product-illustration look, soft light-grey studio background, slight top-down angle, one microcontroller board on the LEFT and one module on the RIGHT connected by coloured jumper wires with correctly-spelled pin labels on both sides; wire colours RED=power BLACK=GND BLUE=I2C-SDA YELLOW=I2C-SCL GREEN=analog ORANGE=digital CYAN=UART PURPLE=SPI; 16:9 high resolution. Title ""STM32 Blue Pill (STM32F103C8T6) + Water Flow (YF-S201)"". LEFT a STM32 Blue Pill (STM32F103C8T6) (3.3V logic). RIGHT a Water Flow (YF-S201) (Sensors). Connect EXACTLY these 3 wires and no others: VCC to 3.3V (RED); SIGNAL to PB0 (ORANGE); GND to GND (BLACK). Show these exact pin labels; do not invent or add any wire."
stm32__flame-sensor.png,"Realistic Fritzing-style hardware wiring diagram, flat vector product-illustration look, soft light-grey studio background, slight top-down angle, one microcontroller board on the LEFT and one module on the RIGHT connected by coloured jumper wires with correctly-spelled pin labels on both sides; wire colours RED=power BLACK=GND BLUE=I2C-SDA YELLOW=I2C-SCL GREEN=analog ORANGE=digital CYAN=UART PURPLE=SPI; 16:9 high resolution. Title ""STM32 Blue Pill (STM32F103C8T6) + Flame Sensor"". LEFT a STM32 Blue Pill (STM32F103C8T6) (3.3V logic). RIGHT a Flame Sensor (Sensors). Connect EXACTLY these 4 wires and no others: VCC to 3.3V (RED); AO to PA0 (GREEN); DO to PB0 (ORANGE); GND to GND (BLACK). Show these exact pin labels; do not invent or add any wire."
stm32__mpu6050.png,"Realistic Fritzing-style hardware wiring diagram, flat vector product-illustration look, soft light-grey studio background, slight top-down angle, one microcontroller board on the LEFT and one module on the RIGHT connected by coloured jumper wires with correctly-spelled pin labels on both sides; wire colours RED=power BLACK=GND BLUE=I2C-SDA YELLOW=I2C-SCL GREEN=analog ORANGE=digital CYAN=UART PURPLE=SPI; 16:9 high resolution. Title ""STM32 Blue Pill (STM32F103C8T6) + MPU-6050 IMU"". LEFT a STM32 Blue Pill (STM32F103C8T6) (3.3V logic). RIGHT a MPU-6050 IMU (Sensors). Connect EXACTLY these 5 wires and no others: VCC to 3.3V (RED); SDA to PB7 (SDA) (BLUE); SCL to PB6 (SCL) (YELLOW); INT to PB0 (ORANGE); GND to GND (BLACK). Show these exact pin labels; do not invent or add any wire."
stm32__hmc5883l.png,"Realistic Fritzing-style hardware wiring diagram, flat vector product-illustration look, soft light-grey studio background, slight top-down angle, one microcontroller board on the LEFT and one module on the RIGHT connected by coloured jumper wires with correctly-spelled pin labels on both sides; wire colours RED=power BLACK=GND BLUE=I2C-SDA YELLOW=I2C-SCL GREEN=analog ORANGE=digital CYAN=UART PURPLE=SPI; 16:9 high resolution. Title ""STM32 Blue Pill (STM32F103C8T6) + HMC5883L"". LEFT a STM32 Blue Pill (STM32F103C8T6) (3.3V logic). RIGHT a HMC5883L (Sensors). Connect EXACTLY these 5 wires and no others: VCC to 3.3V (RED); SDA to PB7 (SDA) (BLUE); SCL to PB6 (SCL) (YELLOW); DRDY to PB0 (ORANGE); GND to GND (BLACK). Show these exact pin labels; do not invent or add any wire."
stm32__bmp280.png,"Realistic Fritzing-style hardware wiring diagram, flat vector product-illustration look, soft light-grey studio background, slight top-down angle, one microcontroller board on the LEFT and one module on the RIGHT connected by coloured jumper wires with correctly-spelled pin labels on both sides; wire colours RED=power BLACK=GND BLUE=I2C-SDA YELLOW=I2C-SCL GREEN=analog ORANGE=digital CYAN=UART PURPLE=SPI; 16:9 high resolution. Title ""STM32 Blue Pill (STM32F103C8T6) + BMP280 / BME280"". LEFT a STM32 Blue Pill (STM32F103C8T6) (3.3V logic). RIGHT a BMP280 / BME280 (Sensors). Connect EXACTLY these 4 wires and no others: VCC to 3.3V (RED); SDA to PB7 (SDA) (BLUE); SCL to PB6 (SCL) (YELLOW); GND to GND (BLACK). Show these exact pin labels; do not invent or add any wire."
stm32__load-cell.png,"Realistic Fritzing-style hardware wiring diagram, flat vector product-illustration look, soft light-grey studio background, slight top-down angle, one microcontroller board on the LEFT and one module on the RIGHT connected by coloured jumper wires with correctly-spelled pin labels on both sides; wire colours RED=power BLACK=GND BLUE=I2C-SDA YELLOW=I2C-SCL GREEN=analog ORANGE=digital CYAN=UART PURPLE=SPI; 16:9 high resolution. Title ""STM32 Blue Pill (STM32F103C8T6) + Load Cell + HX711"". LEFT a STM32 Blue Pill (STM32F103C8T6) (3.3V logic). RIGHT a Load Cell + HX711 (Sensors). Connect EXACTLY these 4 wires and no others: DT to PB0 (ORANGE); CLK to PB1 (ORANGE); VCC to 3.3V (RED); GND to GND (BLACK). Show these exact pin labels; do not invent or add any wire."
stm32__ir-sensor.png,"Realistic Fritzing-style hardware wiring diagram, flat vector product-illustration look, soft light-grey studio background, slight top-down angle, one microcontroller board on the LEFT and one module on the RIGHT connected by coloured jumper wires with correctly-spelled pin labels on both sides; wire colours RED=power BLACK=GND BLUE=I2C-SDA YELLOW=I2C-SCL GREEN=analog ORANGE=digital CYAN=UART PURPLE=SPI; 16:9 high resolution. Title ""STM32 Blue Pill (STM32F103C8T6) + IR Obstacle Sensor"". LEFT a STM32 Blue Pill (STM32F103C8T6) (3.3V logic). RIGHT an IR Obstacle Sensor (Sensors). Connect EXACTLY these 3 wires and no others: VCC to 3.3V (RED); OUT to PB0 (ORANGE); GND to GND (BLACK). Show these exact pin labels; do not invent or add any wire."
stm32__color-sensor.png,"Realistic Fritzing-style hardware wiring diagram, flat vector product-illustration look, soft light-grey studio background, slight top-down angle, one microcontroller board on the LEFT and one module on the RIGHT connected by coloured jumper wires with correctly-spelled pin labels on both sides; wire colours RED=power BLACK=GND BLUE=I2C-SDA YELLOW=I2C-SCL GREEN=analog ORANGE=digital CYAN=UART PURPLE=SPI; 16:9 high resolution. Title ""STM32 Blue Pill (STM32F103C8T6) + TCS3200 Color"". LEFT a STM32 Blue Pill (STM32F103C8T6) (3.3V logic). RIGHT a TCS3200 Color (Sensors). Connect EXACTLY these 4 wires and no others: VCC to 3.3V (RED); GND to GND (BLACK); S0–S3 to PB0 (ORANGE); OUT to PB1 (ORANGE). Show these exact pin labels; do not invent or add any wire."
stm32__heart-rate.png,"Realistic Fritzing-style hardware wiring diagram, flat vector product-illustration look, soft light-grey studio background, slight top-down angle, one microcontroller board on the LEFT and one module on the RIGHT connected by coloured jumper wires with correctly-spelled pin labels on both sides; wire colours RED=power BLACK=GND BLUE=I2C-SDA YELLOW=I2C-SCL GREEN=analog ORANGE=digital CYAN=UART PURPLE=SPI; 16:9 high resolution. Title ""STM32 Blue Pill (STM32F103C8T6) + MAX30100 Pulse"". LEFT a STM32 Blue Pill (STM32F103C8T6) (3.3V logic). RIGHT a MAX30100 Pulse (Sensors). Connect EXACTLY these 5 wires and no others: VIN to 3.3V (RED); SDA to PB7 (SDA) (BLUE); SCL to PB6 (SCL) (YELLOW); INT to PB0 (ORANGE); GND to GND (BLACK). Show these exact pin labels; do not invent or add any wire."
stm32__ph-sensor.png,"Realistic Fritzing-style hardware wiring diagram, flat vector product-illustration look, soft light-grey studio background, slight top-down angle, one microcontroller board on the LEFT and one module on the RIGHT connected by coloured jumper wires with correctly-spelled pin labels on both sides; wire colours RED=power BLACK=GND BLUE=I2C-SDA YELLOW=I2C-SCL GREEN=analog ORANGE=digital CYAN=UART PURPLE=SPI; 16:9 high resolution. Title ""STM32 Blue Pill (STM32F103C8T6) + pH Sensor"". LEFT a STM32 Blue Pill (STM32F103C8T6) (3.3V logic). RIGHT a pH Sensor (Sensors). Connect EXACTLY these 3 wires and no others: VCC to 3.3V (RED); GND to GND (BLACK); PO to PA0 (GREEN). Show these exact pin labels; do not invent or add any wire."
stm32__current-sensor.png,"Realistic Fritzing-style hardware wiring diagram, flat vector product-illustration look, soft light-grey studio background, slight top-down angle, one microcontroller board on the LEFT and one module on the RIGHT connected by coloured jumper wires with correctly-spelled pin labels on both sides; wire colours RED=power BLACK=GND BLUE=I2C-SDA YELLOW=I2C-SCL GREEN=analog ORANGE=digital CYAN=UART PURPLE=SPI; 16:9 high resolution. Title ""STM32 Blue Pill (STM32F103C8T6) + ACS712 Current"". LEFT a STM32 Blue Pill (STM32F103C8T6) (3.3V logic). RIGHT an ACS712 Current (Sensors). Connect EXACTLY these 5 wires and no others: VCC to 3.3V (RED); GND to GND (BLACK); OUT to PA0 (GREEN); IP+ to PB0 (ORANGE); IP- to PB1 (ORANGE). Show these exact pin labels; do not invent or add any wire."
stm32__voltage-sensor.png,"Realistic Fritzing-style hardware wiring diagram, flat vector product-illustration look, soft light-grey studio background, slight top-down angle, one microcontroller board on the LEFT and one module on the RIGHT connected by coloured jumper wires with correctly-spelled pin labels on both sides; wire colours RED=power BLACK=GND BLUE=I2C-SDA YELLOW=I2C-SCL GREEN=analog ORANGE=digital CYAN=UART PURPLE=SPI; 16:9 high resolution. Title ""STM32 Blue Pill (STM32F103C8T6) + Voltage Sensor"". LEFT a STM32 Blue Pill (STM32F103C8T6) (3.3V logic). RIGHT a Voltage Sensor (Sensors). Connect EXACTLY these 2 wires and no others: S to PA0 (GREEN); - to GND (BLACK). Show these exact pin labels; do not invent or add any wire."
stm32__ir-flame-array.png,"Realistic Fritzing-style hardware wiring diagram, flat vector product-illustration look, soft light-grey studio background, slight top-down angle, one microcontroller board on the LEFT and one module on the RIGHT connected by coloured jumper wires with correctly-spelled pin labels on both sides; wire colours RED=power BLACK=GND BLUE=I2C-SDA YELLOW=I2C-SCL GREEN=analog ORANGE=digital CYAN=UART PURPLE=SPI; 16:9 high resolution. Title ""STM32 Blue Pill (STM32F103C8T6) + Vibration (SW-420)"". LEFT a STM32 Blue Pill (STM32F103C8T6) (3.3V logic). RIGHT a Vibration (SW-420) (Sensors). Connect EXACTLY these 3 wires and no others: VCC to 3.3V (RED); GND to GND (BLACK); DO to PB0 (ORANGE). Show these exact pin labels; do not invent or add any wire."
stm32__lidar-sensor.png,"Realistic Fritzing-style hardware wiring diagram, flat vector product-illustration look, soft light-grey studio background, slight top-down angle, one microcontroller board on the LEFT and one module on the RIGHT connected by coloured jumper wires with correctly-spelled pin labels on both sides; wire colours RED=power BLACK=GND BLUE=I2C-SDA YELLOW=I2C-SCL GREEN=analog ORANGE=digital CYAN=UART PURPLE=SPI; 16:9 high resolution. Title ""STM32 Blue Pill (STM32F103C8T6) + LiDAR (TF-Luna)"". LEFT a STM32 Blue Pill (STM32F103C8T6) (3.3V logic). RIGHT a LiDAR (TF-Luna) (Sensors). Connect EXACTLY these 4 wires and no others: VCC to 3.3V (RED); RXD to PB0 (ORANGE); TXD to PB1 (ORANGE); GND to GND (BLACK). Show these exact pin labels; do not invent or add any wire."
stm32__servo.png,"Realistic Fritzing-style hardware wiring diagram, flat vector product-illustration look, soft light-grey studio background, slight top-down angle, one microcontroller board on the LEFT and one module on the RIGHT connected by coloured jumper wires with correctly-spelled pin labels on both sides; wire colours RED=power BLACK=GND BLUE=I2C-SDA YELLOW=I2C-SCL GREEN=analog ORANGE=digital CYAN=UART PURPLE=SPI; 16:9 high resolution. Title ""STM32 Blue Pill (STM32F103C8T6) + Servo (SG90/MG996)"". LEFT a STM32 Blue Pill (STM32F103C8T6) (3.3V logic). RIGHT a Servo (SG90/MG996) (Actuators & Motors). Connect EXACTLY these 3 wires and no others: Signal to PB0 (ORANGE); VCC to 3.3V (RED); GND to GND (BLACK). Show these exact pin labels; do not invent or add any wire."
stm32__stepper.png,"Realistic Fritzing-style hardware wiring diagram, flat vector product-illustration look, soft light-grey studio background, slight top-down angle, one microcontroller board on the LEFT and one module on the RIGHT connected by coloured jumper wires with correctly-spelled pin labels on both sides; wire colours RED=power BLACK=GND BLUE=I2C-SDA YELLOW=I2C-SCL GREEN=analog ORANGE=digital CYAN=UART PURPLE=SPI; 16:9 high resolution. Title ""STM32 Blue Pill (STM32F103C8T6) + Stepper (28BYJ-48)"". LEFT a STM32 Blue Pill (STM32F103C8T6) (3.3V logic). RIGHT a Stepper (28BYJ-48) (Actuators & Motors). Connect EXACTLY these 3 wires and no others: IN1–IN4 to PB0 (ORANGE); VCC to 3.3V (RED); GND to GND (BLACK). Show these exact pin labels; do not invent or add any wire."
stm32__l298n.png,"Realistic Fritzing-style hardware wiring diagram, flat vector product-illustration look, soft light-grey studio background, slight top-down angle, one microcontroller board on the LEFT and one module on the RIGHT connected by coloured jumper wires with correctly-spelled pin labels on both sides; wire colours RED=power BLACK=GND BLUE=I2C-SDA YELLOW=I2C-SCL GREEN=analog ORANGE=digital CYAN=UART PURPLE=SPI; 16:9 high resolution. Title ""STM32 Blue Pill (STM32F103C8T6) + L298N Driver"". LEFT a STM32 Blue Pill (STM32F103C8T6) (3.3V logic). RIGHT a L298N Driver (Actuators & Motors). Connect EXACTLY these 5 wires and no others: IN1–IN4 to PB0 (ORANGE); ENA to PB1 (ORANGE); ENB to PB10 (ORANGE); 5V to 3.3V (RED); GND to GND (BLACK). Show these exact pin labels; do not invent or add any wire."
stm32__l293d.png,"Realistic Fritzing-style hardware wiring diagram, flat vector product-illustration look, soft light-grey studio background, slight top-down angle, one microcontroller board on the LEFT and one module on the RIGHT connected by coloured jumper wires with correctly-spelled pin labels on both sides; wire colours RED=power BLACK=GND BLUE=I2C-SDA YELLOW=I2C-SCL GREEN=analog ORANGE=digital CYAN=UART PURPLE=SPI; 16:9 high resolution. Title ""STM32 Blue Pill (STM32F103C8T6) + L293D Driver"". LEFT a STM32 Blue Pill (STM32F103C8T6) (3.3V logic). RIGHT a L293D Driver (Actuators & Motors). Connect EXACTLY these 5 wires and no others: IN1–IN4 to PB0 (ORANGE); EN1 to PB1 (ORANGE); EN2 to PB10 (ORANGE); Vcc1 to 3.3V (RED); GND to GND (BLACK). Show these exact pin labels; do not invent or add any wire."
stm32__a4988.png,"Realistic Fritzing-style hardware wiring diagram, flat vector product-illustration look, soft light-grey studio background, slight top-down angle, one microcontroller board on the LEFT and one module on the RIGHT connected by coloured jumper wires with correctly-spelled pin labels on both sides; wire colours RED=power BLACK=GND BLUE=I2C-SDA YELLOW=I2C-SCL GREEN=analog ORANGE=digital CYAN=UART PURPLE=SPI; 16:9 high resolution. Title ""STM32 Blue Pill (STM32F103C8T6) + A4988 Driver"". LEFT a STM32 Blue Pill (STM32F103C8T6) (3.3V logic). RIGHT an A4988 Driver (Actuators & Motors). Connect EXACTLY these 5 wires and no others: STEP to PB0 (ORANGE); DIR to PB1 (ORANGE); VDD to 3.3V (RED); GND to GND (BLACK); MS1 to PB10 (ORANGE). Show these exact pin labels; do not invent or add any wire."
stm32__relay-module.png,"Realistic Fritzing-style hardware wiring diagram, flat vector product-illustration look, soft light-grey studio background, slight top-down angle, one microcontroller board on the LEFT and one module on the RIGHT connected by coloured jumper wires with correctly-spelled pin labels on both sides; wire colours RED=power BLACK=GND BLUE=I2C-SDA YELLOW=I2C-SCL GREEN=analog ORANGE=digital CYAN=UART PURPLE=SPI; 16:9 high resolution. Title ""STM32 Blue Pill (STM32F103C8T6) + Relay Module"". LEFT a STM32 Blue Pill (STM32F103C8T6) (3.3V logic). RIGHT a Relay Module (Actuators & Motors). Connect EXACTLY these 6 wires and no others: IN to PB0 (ORANGE); VCC to 3.3V (RED); GND to GND (BLACK); COM to PB1 (ORANGE); NO to PB10 (ORANGE); NC to PB11 (ORANGE). Show these exact pin labels; do not invent or add any wire."
stm32__water-pump.png,"Realistic Fritzing-style hardware wiring diagram, flat vector product-illustration look, soft light-grey studio background, slight top-down angle, one microcontroller board on the LEFT and one module on the RIGHT connected by coloured jumper wires with correctly-spelled pin labels on both sides; wire colours RED=power BLACK=GND BLUE=I2C-SDA YELLOW=I2C-SCL GREEN=analog ORANGE=digital CYAN=UART PURPLE=SPI; 16:9 high resolution. Title ""STM32 Blue Pill (STM32F103C8T6) + Water Pump"". LEFT a STM32 Blue Pill (STM32F103C8T6) (3.3V logic). RIGHT a Water Pump (Actuators & Motors). Connect EXACTLY these 2 wires and no others: + to 3.3V (RED); - to GND (BLACK). Show these exact pin labels; do not invent or add any wire."
stm32__servo-continuous.png,"Realistic Fritzing-style hardware wiring diagram, flat vector product-illustration look, soft light-grey studio background, slight top-down angle, one microcontroller board on the LEFT and one module on the RIGHT connected by coloured jumper wires with correctly-spelled pin labels on both sides; wire colours RED=power BLACK=GND BLUE=I2C-SDA YELLOW=I2C-SCL GREEN=analog ORANGE=digital CYAN=UART PURPLE=SPI; 16:9 high resolution. Title ""STM32 Blue Pill (STM32F103C8T6) + Continuous Servo"". LEFT a STM32 Blue Pill (STM32F103C8T6) (3.3V logic). RIGHT a Continuous Servo (Actuators & Motors). Connect EXACTLY these 3 wires and no others: Signal to PB0 (ORANGE); VCC to 3.3V (RED); GND to GND (BLACK). Show these exact pin labels; do not invent or add any wire."
stm32__buzzer.png,"Realistic Fritzing-style hardware wiring diagram, flat vector product-illustration look, soft light-grey studio background, slight top-down angle, one microcontroller board on the LEFT and one module on the RIGHT connected by coloured jumper wires with correctly-spelled pin labels on both sides; wire colours RED=power BLACK=GND BLUE=I2C-SDA YELLOW=I2C-SCL GREEN=analog ORANGE=digital CYAN=UART PURPLE=SPI; 16:9 high resolution. Title ""STM32 Blue Pill (STM32F103C8T6) + Buzzer"". LEFT a STM32 Blue Pill (STM32F103C8T6) (3.3V logic). RIGHT a Buzzer (Actuators & Motors). Connect EXACTLY these 2 wires and no others: + to 3.3V (RED); - to GND (BLACK). Show these exact pin labels; do not invent or add any wire."
stm32__lcd1602.png,"Realistic Fritzing-style hardware wiring diagram, flat vector product-illustration look, soft light-grey studio background, slight top-down angle, one microcontroller board on the LEFT and one module on the RIGHT connected by coloured jumper wires with correctly-spelled pin labels on both sides; wire colours RED=power BLACK=GND BLUE=I2C-SDA YELLOW=I2C-SCL GREEN=analog ORANGE=digital CYAN=UART PURPLE=SPI; 16:9 high resolution. Title ""STM32 Blue Pill (STM32F103C8T6) + LCD 16×2"". LEFT a STM32 Blue Pill (STM32F103C8T6) (3.3V logic). RIGHT a LCD 16×2 (Displays). Connect EXACTLY these 4 wires and no others: SDA to PB7 (SDA) (BLUE); SCL to PB6 (SCL) (YELLOW); VCC to 3.3V (RED); GND to GND (BLACK). Show these exact pin labels; do not invent or add any wire."
stm32__lcd2004.png,"Realistic Fritzing-style hardware wiring diagram, flat vector product-illustration look, soft light-grey studio background, slight top-down angle, one microcontroller board on the LEFT and one module on the RIGHT connected by coloured jumper wires with correctly-spelled pin labels on both sides; wire colours RED=power BLACK=GND BLUE=I2C-SDA YELLOW=I2C-SCL GREEN=analog ORANGE=digital CYAN=UART PURPLE=SPI; 16:9 high resolution. Title ""STM32 Blue Pill (STM32F103C8T6) + LCD 20×4"". LEFT a STM32 Blue Pill (STM32F103C8T6) (3.3V logic). RIGHT a LCD 20×4 (Displays). Connect EXACTLY these 4 wires and no others: SDA to PB7 (SDA) (BLUE); SCL to PB6 (SCL) (YELLOW); VCC to 3.3V (RED); GND to GND (BLACK). Show these exact pin labels; do not invent or add any wire."
stm32__oled.png,"Realistic Fritzing-style hardware wiring diagram, flat vector product-illustration look, soft light-grey studio background, slight top-down angle, one microcontroller board on the LEFT and one module on the RIGHT connected by coloured jumper wires with correctly-spelled pin labels on both sides; wire colours RED=power BLACK=GND BLUE=I2C-SDA YELLOW=I2C-SCL GREEN=analog ORANGE=digital CYAN=UART PURPLE=SPI; 16:9 high resolution. Title ""STM32 Blue Pill (STM32F103C8T6) + OLED 0.96"" (SSD1306)"". LEFT a STM32 Blue Pill (STM32F103C8T6) (3.3V logic). RIGHT an OLED 0.96"" (SSD1306) (Displays). Connect EXACTLY these 4 wires and no others: SDA to PB7 (SDA) (BLUE); SCL to PB6 (SCL) (YELLOW); VCC to 3.3V (RED); GND to GND (BLACK). Show these exact pin labels; do not invent or add any wire."
stm32__tft.png,"Realistic Fritzing-style hardware wiring diagram, flat vector product-illustration look, soft light-grey studio background, slight top-down angle, one microcontroller board on the LEFT and one module on the RIGHT connected by coloured jumper wires with correctly-spelled pin labels on both sides; wire colours RED=power BLACK=GND BLUE=I2C-SDA YELLOW=I2C-SCL GREEN=analog ORANGE=digital CYAN=UART PURPLE=SPI; 16:9 high resolution. Title ""STM32 Blue Pill (STM32F103C8T6) + TFT Touch Display"". LEFT a STM32 Blue Pill (STM32F103C8T6) (3.3V logic). RIGHT a TFT Touch Display (Displays). Connect EXACTLY these 9 wires and no others: SCK to PA5 (SCK) (PURPLE); MOSI to PA7 (MOSI) (PURPLE); MISO to PA6 (MISO) (PURPLE); CS to PA4 (NSS) (PURPLE); DC to PB0 (ORANGE); T_CS to PB1 (ORANGE); T_IRQ to PB10 (ORANGE); VCC to 3.3V (RED); GND to GND (BLACK). Show these exact pin labels; do not invent or add any wire."
stm32__seven-seg.png,"Realistic Fritzing-style hardware wiring diagram, flat vector product-illustration look, soft light-grey studio background, slight top-down angle, one microcontroller board on the LEFT and one module on the RIGHT connected by coloured jumper wires with correctly-spelled pin labels on both sides; wire colours RED=power BLACK=GND BLUE=I2C-SDA YELLOW=I2C-SCL GREEN=analog ORANGE=digital CYAN=UART PURPLE=SPI; 16:9 high resolution. Title ""STM32 Blue Pill (STM32F103C8T6) + 7-Segment Display"". LEFT a STM32 Blue Pill (STM32F103C8T6) (3.3V logic). RIGHT a 7-Segment Display (Displays). Connect EXACTLY these 3 wires and no others: a–g to PB0 (ORANGE); dp to PB1 (ORANGE); GND to GND (BLACK). Show these exact pin labels; do not invent or add any wire."
stm32__led-matrix.png,"Realistic Fritzing-style hardware wiring diagram, flat vector product-illustration look, soft light-grey studio background, slight top-down angle, one microcontroller board on the LEFT and one module on the RIGHT connected by coloured jumper wires with correctly-spelled pin labels on both sides; wire colours RED=power BLACK=GND BLUE=I2C-SDA YELLOW=I2C-SCL GREEN=analog ORANGE=digital CYAN=UART PURPLE=SPI; 16:9 high resolution. Title ""STM32 Blue Pill (STM32F103C8T6) + LED Matrix (MAX7219)"". LEFT a STM32 Blue Pill (STM32F103C8T6) (3.3V logic). RIGHT a LED Matrix (MAX7219) (Displays). Connect EXACTLY these 5 wires and no others: DIN to PA7 (MOSI) (PURPLE); CS to PA4 (NSS) (PURPLE); CLK to PB0 (ORANGE); VCC to 3.3V (RED); GND to GND (BLACK). Show these exact pin labels; do not invent or add any wire."
stm32__neopixel.png,"Realistic Fritzing-style hardware wiring diagram, flat vector product-illustration look, soft light-grey studio background, slight top-down angle, one microcontroller board on the LEFT and one module on the RIGHT connected by coloured jumper wires with correctly-spelled pin labels on both sides; wire colours RED=power BLACK=GND BLUE=I2C-SDA YELLOW=I2C-SCL GREEN=analog ORANGE=digital CYAN=UART PURPLE=SPI; 16:9 high resolution. Title ""STM32 Blue Pill (STM32F103C8T6) + NeoPixel (WS2812)"". LEFT a STM32 Blue Pill (STM32F103C8T6) (3.3V logic). RIGHT a NeoPixel (WS2812) (Displays). Connect EXACTLY these 3 wires and no others: DIN to PA7 (MOSI) (PURPLE); 5V to 3.3V (RED); GND to GND (BLACK). Show these exact pin labels; do not invent or add any wire."
stm32__epaper.png,"Realistic Fritzing-style hardware wiring diagram, flat vector product-illustration look, soft light-grey studio background, slight top-down angle, one microcontroller board on the LEFT and one module on the RIGHT connected by coloured jumper wires with correctly-spelled pin labels on both sides; wire colours RED=power BLACK=GND BLUE=I2C-SDA YELLOW=I2C-SCL GREEN=analog ORANGE=digital CYAN=UART PURPLE=SPI; 16:9 high resolution. Title ""STM32 Blue Pill (STM32F103C8T6) + E-Paper Display"". LEFT a STM32 Blue Pill (STM32F103C8T6) (3.3V logic). RIGHT an E-Paper Display (Displays). Connect EXACTLY these 8 wires and no others: SCK to PA5 (SCK) (PURPLE); MOSI to PA7 (MOSI) (PURPLE); CS to PA4 (NSS) (PURPLE); DC to PB0 (ORANGE); BUSY to PB1 (ORANGE); RST to PB10 (ORANGE); VCC to 3.3V (RED); GND to GND (BLACK). Show these exact pin labels; do not invent or add any wire."
stm32__hc05.png,"Realistic Fritzing-style hardware wiring diagram, flat vector product-illustration look, soft light-grey studio background, slight top-down angle, one microcontroller board on the LEFT and one module on the RIGHT connected by coloured jumper wires with correctly-spelled pin labels on both sides; wire colours RED=power BLACK=GND BLUE=I2C-SDA YELLOW=I2C-SCL GREEN=analog ORANGE=digital CYAN=UART PURPLE=SPI; 16:9 high resolution. Title ""STM32 Blue Pill (STM32F103C8T6) + HC-05 Bluetooth"". LEFT a STM32 Blue Pill (STM32F103C8T6) (3.3V logic). RIGHT a HC-05 Bluetooth (Connectivity). Connect EXACTLY these 6 wires and no others: RXD to PB0 (ORANGE); TXD to PB1 (ORANGE); VCC to 3.3V (RED); GND to GND (BLACK); EN to PB10 (ORANGE); KEY to PB11 (ORANGE). Show these exact pin labels; do not invent or add any wire."
stm32__ble.png,"Realistic Fritzing-style hardware wiring diagram, flat vector product-illustration look, soft light-grey studio background, slight top-down angle, one microcontroller board on the LEFT and one module on the RIGHT connected by coloured jumper wires with correctly-spelled pin labels on both sides; wire colours RED=power BLACK=GND BLUE=I2C-SDA YELLOW=I2C-SCL GREEN=analog ORANGE=digital CYAN=UART PURPLE=SPI; 16:9 high resolution. Title ""STM32 Blue Pill (STM32F103C8T6) + BLE Module"". LEFT a STM32 Blue Pill (STM32F103C8T6) (3.3V logic). RIGHT a BLE Module (Connectivity). Connect EXACTLY these 4 wires and no others: RXD to PB0 (ORANGE); TXD to PB1 (ORANGE); VCC to 3.3V (RED); GND to GND (BLACK). Show these exact pin labels; do not invent or add any wire."
stm32__nrf24.png,"Realistic Fritzing-style hardware wiring diagram, flat vector product-illustration look, soft light-grey studio background, slight top-down angle, one microcontroller board on the LEFT and one module on the RIGHT connected by coloured jumper wires with correctly-spelled pin labels on both sides; wire colours RED=power BLACK=GND BLUE=I2C-SDA YELLOW=I2C-SCL GREEN=analog ORANGE=digital CYAN=UART PURPLE=SPI; 16:9 high resolution. Title ""STM32 Blue Pill (STM32F103C8T6) + nRF24L01"". LEFT a STM32 Blue Pill (STM32F103C8T6) (3.3V logic). RIGHT a nRF24L01 (Connectivity). Connect EXACTLY these 7 wires and no others: SCK to PA5 (SCK) (PURPLE); MOSI to PA7 (MOSI) (PURPLE); MISO to PA6 (MISO) (PURPLE); CSN to PB0 (ORANGE); CE to PA4 (NSS) (PURPLE); VCC to 3.3V (RED); GND to GND (BLACK). Show these exact pin labels; do not invent or add any wire."
stm32__lora.png,"Realistic Fritzing-style hardware wiring diagram, flat vector product-illustration look, soft light-grey studio background, slight top-down angle, one microcontroller board on the LEFT and one module on the RIGHT connected by coloured jumper wires with correctly-spelled pin labels on both sides; wire colours RED=power BLACK=GND BLUE=I2C-SDA YELLOW=I2C-SCL GREEN=analog ORANGE=digital CYAN=UART PURPLE=SPI; 16:9 high resolution. Title ""STM32 Blue Pill (STM32F103C8T6) + LoRa Module"". LEFT a STM32 Blue Pill (STM32F103C8T6) (3.3V logic). RIGHT a LoRa Module (Connectivity). Connect EXACTLY these 8 wires and no others: SCK to PA5 (SCK) (PURPLE); MOSI to PA7 (MOSI) (PURPLE); MISO to PA6 (MISO) (PURPLE); NSS to PA4 (NSS) (PURPLE); DIO0 to PB0 (ORANGE); RST to PB1 (ORANGE); VCC to 3.3V (RED); GND to GND (BLACK). Show these exact pin labels; do not invent or add any wire."
stm32__sim800.png,"Realistic Fritzing-style hardware wiring diagram, flat vector product-illustration look, soft light-grey studio background, slight top-down angle, one microcontroller board on the LEFT and one module on the RIGHT connected by coloured jumper wires with correctly-spelled pin labels on both sides; wire colours RED=power BLACK=GND BLUE=I2C-SDA YELLOW=I2C-SCL GREEN=analog ORANGE=digital CYAN=UART PURPLE=SPI; 16:9 high resolution. Title ""STM32 Blue Pill (STM32F103C8T6) + SIM800L GSM"". LEFT a STM32 Blue Pill (STM32F103C8T6) (3.3V logic). RIGHT a SIM800L GSM (Connectivity). Connect EXACTLY these 4 wires and no others: RXD to PB0 (ORANGE); TXD to PB1 (ORANGE); VCC to 3.3V (RED); GND to GND (BLACK). Show these exact pin labels; do not invent or add any wire."
stm32__sim900.png,"Realistic Fritzing-style hardware wiring diagram, flat vector product-illustration look, soft light-grey studio background, slight top-down angle, one microcontroller board on the LEFT and one module on the RIGHT connected by coloured jumper wires with correctly-spelled pin labels on both sides; wire colours RED=power BLACK=GND BLUE=I2C-SDA YELLOW=I2C-SCL GREEN=analog ORANGE=digital CYAN=UART PURPLE=SPI; 16:9 high resolution. Title ""STM32 Blue Pill (STM32F103C8T6) + SIM900 GSM"". LEFT a STM32 Blue Pill (STM32F103C8T6) (3.3V logic). RIGHT a SIM900 GSM (Connectivity). Connect EXACTLY these 4 wires and no others: RXD to PB0 (ORANGE); TXD to PB1 (ORANGE); VCC 5V to 3.3V (RED); GND to GND (BLACK). Show these exact pin labels; do not invent or add any wire."
stm32__gps-neo6.png,"Realistic Fritzing-style hardware wiring diagram, flat vector product-illustration look, soft light-grey studio background, slight top-down angle, one microcontroller board on the LEFT and one module on the RIGHT connected by coloured jumper wires with correctly-spelled pin labels on both sides; wire colours RED=power BLACK=GND BLUE=I2C-SDA YELLOW=I2C-SCL GREEN=analog ORANGE=digital CYAN=UART PURPLE=SPI; 16:9 high resolution. Title ""STM32 Blue Pill (STM32F103C8T6) + NEO-6M GPS"". LEFT a STM32 Blue Pill (STM32F103C8T6) (3.3V logic). RIGHT a NEO-6M GPS (Connectivity). Connect EXACTLY these 4 wires and no others: RX to PA9 (TX1) (CYAN); TX to PA10 (RX1) (CYAN); VCC to 3.3V (RED); GND to GND (BLACK). Show these exact pin labels; do not invent or add any wire."
stm32__rfid-rc522.png,"Realistic Fritzing-style hardware wiring diagram, flat vector product-illustration look, soft light-grey studio background, slight top-down angle, one microcontroller board on the LEFT and one module on the RIGHT connected by coloured jumper wires with correctly-spelled pin labels on both sides; wire colours RED=power BLACK=GND BLUE=I2C-SDA YELLOW=I2C-SCL GREEN=analog ORANGE=digital CYAN=UART PURPLE=SPI; 16:9 high resolution. Title ""STM32 Blue Pill (STM32F103C8T6) + RFID RC522"". LEFT a STM32 Blue Pill (STM32F103C8T6) (3.3V logic). RIGHT a RFID RC522 (Connectivity). Connect EXACTLY these 7 wires and no others: SCK to PA5 (SCK) (PURPLE); MOSI to PA7 (MOSI) (PURPLE); MISO to PA6 (MISO) (PURPLE); SS to PA4 (NSS) (PURPLE); RST to PB0 (ORANGE); VCC to 3.3V (RED); GND to GND (BLACK). Show these exact pin labels; do not invent or add any wire."
stm32__fingerprint-mod.png,"Realistic Fritzing-style hardware wiring diagram, flat vector product-illustration look, soft light-grey studio background, slight top-down angle, one microcontroller board on the LEFT and one module on the RIGHT connected by coloured jumper wires with correctly-spelled pin labels on both sides; wire colours RED=power BLACK=GND BLUE=I2C-SDA YELLOW=I2C-SCL GREEN=analog ORANGE=digital CYAN=UART PURPLE=SPI; 16:9 high resolution. Title ""STM32 Blue Pill (STM32F103C8T6) + Fingerprint (R307)"". LEFT a STM32 Blue Pill (STM32F103C8T6) (3.3V logic). RIGHT a Fingerprint (R307) (Connectivity). Connect EXACTLY these 4 wires and no others: TX to PA10 (RX1) (CYAN); RX to PA9 (TX1) (CYAN); VCC to 3.3V (RED); GND to GND (BLACK). Show these exact pin labels; do not invent or add any wire."
stm32__ethernet-mod.png,"Realistic Fritzing-style hardware wiring diagram, flat vector product-illustration look, soft light-grey studio background, slight top-down angle, one microcontroller board on the LEFT and one module on the RIGHT connected by coloured jumper wires with correctly-spelled pin labels on both sides; wire colours RED=power BLACK=GND BLUE=I2C-SDA YELLOW=I2C-SCL GREEN=analog ORANGE=digital CYAN=UART PURPLE=SPI; 16:9 high resolution. Title ""STM32 Blue Pill (STM32F103C8T6) + Ethernet (W5100)"". LEFT a STM32 Blue Pill (STM32F103C8T6) (3.3V logic). RIGHT an Ethernet (W5100) (Connectivity). Connect EXACTLY these 6 wires and no others: SCK to PA5 (SCK) (PURPLE); MOSI to PA7 (MOSI) (PURPLE); MISO to PA6 (MISO) (PURPLE); CS to PA4 (NSS) (PURPLE); VCC to 3.3V (RED); GND to GND (BLACK). Show these exact pin labels; do not invent or add any wire."
stm32__led.png,"Realistic Fritzing-style hardware wiring diagram, flat vector product-illustration look, soft light-grey studio background, slight top-down angle, one microcontroller board on the LEFT and one module on the RIGHT connected by coloured jumper wires with correctly-spelled pin labels on both sides; wire colours RED=power BLACK=GND BLUE=I2C-SDA YELLOW=I2C-SCL GREEN=analog ORANGE=digital CYAN=UART PURPLE=SPI; 16:9 high resolution. Title ""STM32 Blue Pill (STM32F103C8T6) + LED"". LEFT a STM32 Blue Pill (STM32F103C8T6) (3.3V logic). RIGHT a LED (Passive & Discrete). Connect EXACTLY these 2 wires and no others: Anode to PB0 (ORANGE); GND to GND (BLACK). Show these exact pin labels; do not invent or add any wire."
stm32__potentiometer.png,"Realistic Fritzing-style hardware wiring diagram, flat vector product-illustration look, soft light-grey studio background, slight top-down angle, one microcontroller board on the LEFT and one module on the RIGHT connected by coloured jumper wires with correctly-spelled pin labels on both sides; wire colours RED=power BLACK=GND BLUE=I2C-SDA YELLOW=I2C-SCL GREEN=analog ORANGE=digital CYAN=UART PURPLE=SPI; 16:9 high resolution. Title ""STM32 Blue Pill (STM32F103C8T6) + Potentiometer"". LEFT a STM32 Blue Pill (STM32F103C8T6) (3.3V logic). RIGHT a Potentiometer (Passive & Discrete). Connect EXACTLY these 3 wires and no others: VCC to 3.3V (RED); GND to GND (BLACK); Wiper to PA0 (GREEN). Show these exact pin labels; do not invent or add any wire."
stm32__push-button.png,"Realistic Fritzing-style hardware wiring diagram, flat vector product-illustration look, soft light-grey studio background, slight top-down angle, one microcontroller board on the LEFT and one module on the RIGHT connected by coloured jumper wires with correctly-spelled pin labels on both sides; wire colours RED=power BLACK=GND BLUE=I2C-SDA YELLOW=I2C-SCL GREEN=analog ORANGE=digital CYAN=UART PURPLE=SPI; 16:9 high resolution. Title ""STM32 Blue Pill (STM32F103C8T6) + Push Button"". LEFT a STM32 Blue Pill (STM32F103C8T6) (3.3V logic). RIGHT a Push Button (Input / Output). Connect EXACTLY these 1 wires and no others: 4 legs to PB0 (ORANGE). Show these exact pin labels; do not invent or add any wire."
stm32__keypad.png,"Realistic Fritzing-style hardware wiring diagram, flat vector product-illustration look, soft light-grey studio background, slight top-down angle, one microcontroller board on the LEFT and one module on the RIGHT connected by coloured jumper wires with correctly-spelled pin labels on both sides; wire colours RED=power BLACK=GND BLUE=I2C-SDA YELLOW=I2C-SCL GREEN=analog ORANGE=digital CYAN=UART PURPLE=SPI; 16:9 high resolution. Title ""STM32 Blue Pill (STM32F103C8T6) + Matrix Keypad 4×4"". LEFT a STM32 Blue Pill (STM32F103C8T6) (3.3V logic). RIGHT a Matrix Keypad 4×4 (Input / Output). Connect EXACTLY these 1 wires and no others: 8 pins to PB0 (ORANGE). Show these exact pin labels; do not invent or add any wire."
stm32__joystick.png,"Realistic Fritzing-style hardware wiring diagram, flat vector product-illustration look, soft light-grey studio background, slight top-down angle, one microcontroller board on the LEFT and one module on the RIGHT connected by coloured jumper wires with correctly-spelled pin labels on both sides; wire colours RED=power BLACK=GND BLUE=I2C-SDA YELLOW=I2C-SCL GREEN=analog ORANGE=digital CYAN=UART PURPLE=SPI; 16:9 high resolution. Title ""STM32 Blue Pill (STM32F103C8T6) + Joystick Module"". LEFT a STM32 Blue Pill (STM32F103C8T6) (3.3V logic). RIGHT a Joystick Module (Input / Output). Connect EXACTLY these 5 wires and no others: VRx to PB0 (ORANGE); VRy to PB1 (ORANGE); SW to PB10 (ORANGE); VCC to 3.3V (RED); GND to GND (BLACK). Show these exact pin labels; do not invent or add any wire."
stm32__rotary-encoder.png,"Realistic Fritzing-style hardware wiring diagram, flat vector product-illustration look, soft light-grey studio background, slight top-down angle, one microcontroller board on the LEFT and one module on the RIGHT connected by coloured jumper wires with correctly-spelled pin labels on both sides; wire colours RED=power BLACK=GND BLUE=I2C-SDA YELLOW=I2C-SCL GREEN=analog ORANGE=digital CYAN=UART PURPLE=SPI; 16:9 high resolution. Title ""STM32 Blue Pill (STM32F103C8T6) + Rotary Encoder"". LEFT a STM32 Blue Pill (STM32F103C8T6) (3.3V logic). RIGHT a Rotary Encoder (Input / Output). Connect EXACTLY these 5 wires and no others: CLK to PB0 (ORANGE); DT to PB1 (ORANGE); SW to PB10 (ORANGE); VCC to 3.3V (RED); GND to GND (BLACK). Show these exact pin labels; do not invent or add any wire."
stm32__sd-module.png,"Realistic Fritzing-style hardware wiring diagram, flat vector product-illustration look, soft light-grey studio background, slight top-down angle, one microcontroller board on the LEFT and one module on the RIGHT connected by coloured jumper wires with correctly-spelled pin labels on both sides; wire colours RED=power BLACK=GND BLUE=I2C-SDA YELLOW=I2C-SCL GREEN=analog ORANGE=digital CYAN=UART PURPLE=SPI; 16:9 high resolution. Title ""STM32 Blue Pill (STM32F103C8T6) + MicroSD Module"". LEFT a STM32 Blue Pill (STM32F103C8T6) (3.3V logic). RIGHT a MicroSD Module (Input / Output). Connect EXACTLY these 6 wires and no others: SCK to PA5 (SCK) (PURPLE); MOSI to PA7 (MOSI) (PURPLE); MISO to PA6 (MISO) (PURPLE); CS to PA4 (NSS) (PURPLE); VCC to 3.3V (RED); GND to GND (BLACK). Show these exact pin labels; do not invent or add any wire."
stm32__rtc.png,"Realistic Fritzing-style hardware wiring diagram, flat vector product-illustration look, soft light-grey studio background, slight top-down angle, one microcontroller board on the LEFT and one module on the RIGHT connected by coloured jumper wires with correctly-spelled pin labels on both sides; wire colours RED=power BLACK=GND BLUE=I2C-SDA YELLOW=I2C-SCL GREEN=analog ORANGE=digital CYAN=UART PURPLE=SPI; 16:9 high resolution. Title ""STM32 Blue Pill (STM32F103C8T6) + RTC (DS3231)"". LEFT a STM32 Blue Pill (STM32F103C8T6) (3.3V logic). RIGHT a RTC (DS3231) (Input / Output). Connect EXACTLY these 4 wires and no others: SDA to PB7 (SDA) (BLUE); SCL to PB6 (SCL) (YELLOW); VCC to 3.3V (RED); GND to GND (BLACK). Show these exact pin labels; do not invent or add any wire."
stm32__speaker.png,"Realistic Fritzing-style hardware wiring diagram, flat vector product-illustration look, soft light-grey studio background, slight top-down angle, one microcontroller board on the LEFT and one module on the RIGHT connected by coloured jumper wires with correctly-spelled pin labels on both sides; wire colours RED=power BLACK=GND BLUE=I2C-SDA YELLOW=I2C-SCL GREEN=analog ORANGE=digital CYAN=UART PURPLE=SPI; 16:9 high resolution. Title ""STM32 Blue Pill (STM32F103C8T6) + Speaker / DFPlayer"". LEFT a STM32 Blue Pill (STM32F103C8T6) (3.3V logic). RIGHT a Speaker / DFPlayer (Input / Output). Connect EXACTLY these 4 wires and no others: RX to PA9 (TX1) (CYAN); TX to PA10 (RX1) (CYAN); VCC to 3.3V (RED); GND to GND (BLACK). Show these exact pin labels; do not invent or add any wire."
stm32__imu-robot.png,"Realistic Fritzing-style hardware wiring diagram, flat vector product-illustration look, soft light-grey studio background, slight top-down angle, one microcontroller board on the LEFT and one module on the RIGHT connected by coloured jumper wires with correctly-spelled pin labels on both sides; wire colours RED=power BLACK=GND BLUE=I2C-SDA YELLOW=I2C-SCL GREEN=analog ORANGE=digital CYAN=UART PURPLE=SPI; 16:9 high resolution. Title ""STM32 Blue Pill (STM32F103C8T6) + IMU / Balance"". LEFT a STM32 Blue Pill (STM32F103C8T6) (3.3V logic). RIGHT an IMU / Balance (Robotics). Connect EXACTLY these 5 wires and no others: SDA to PB7 (SDA) (BLUE); SCL to PB6 (SCL) (YELLOW); INT to PB0 (ORANGE); VCC to 3.3V (RED); GND to GND (BLACK). Show these exact pin labels; do not invent or add any wire."
stm32__lidar-robot.png,"Realistic Fritzing-style hardware wiring diagram, flat vector product-illustration look, soft light-grey studio background, slight top-down angle, one microcontroller board on the LEFT and one module on the RIGHT connected by coloured jumper wires with correctly-spelled pin labels on both sides; wire colours RED=power BLACK=GND BLUE=I2C-SDA YELLOW=I2C-SCL GREEN=analog ORANGE=digital CYAN=UART PURPLE=SPI; 16:9 high resolution. Title ""STM32 Blue Pill (STM32F103C8T6) + LiDAR Scanner"". LEFT a STM32 Blue Pill (STM32F103C8T6) (3.3V logic). RIGHT a LiDAR Scanner (Robotics). Connect EXACTLY these 4 wires and no others: TX to PA10 (RX1) (CYAN); RX to PA9 (TX1) (CYAN); VCC to 3.3V (RED); GND to GND (BLACK). Show these exact pin labels; do not invent or add any wire."
teensy__dht11.png,"Realistic Fritzing-style hardware wiring diagram, flat vector product-illustration look, soft light-grey studio background, slight top-down angle, one microcontroller board on the LEFT and one module on the RIGHT connected by coloured jumper wires with correctly-spelled pin labels on both sides; wire colours RED=power BLACK=GND BLUE=I2C-SDA YELLOW=I2C-SCL GREEN=analog ORANGE=digital CYAN=UART PURPLE=SPI; 16:9 high resolution. Title ""Teensy 4.0 + DHT11 / DHT22"". LEFT a Teensy 4.0 (3.3V logic). RIGHT a DHT11 / DHT22 (Sensors). Connect EXACTLY these 3 wires and no others: VCC to 3.3V (RED); DATA to D2 (ORANGE); GND to GND (BLACK). Show these exact pin labels; do not invent or add any wire."
teensy__ds18b20.png,"Realistic Fritzing-style hardware wiring diagram, flat vector product-illustration look, soft light-grey studio background, slight top-down angle, one microcontroller board on the LEFT and one module on the RIGHT connected by coloured jumper wires with correctly-spelled pin labels on both sides; wire colours RED=power BLACK=GND BLUE=I2C-SDA YELLOW=I2C-SCL GREEN=analog ORANGE=digital CYAN=UART PURPLE=SPI; 16:9 high resolution. Title ""Teensy 4.0 + DS18B20"". LEFT a Teensy 4.0 (3.3V logic). RIGHT a DS18B20 (Sensors). Connect EXACTLY these 3 wires and no others: VDD to 3.3V (RED); DQ to D2 (ORANGE); GND to GND (BLACK). Show these exact pin labels; do not invent or add any wire."
teensy__lm35.png,"Realistic Fritzing-style hardware wiring diagram, flat vector product-illustration look, soft light-grey studio background, slight top-down angle, one microcontroller board on the LEFT and one module on the RIGHT connected by coloured jumper wires with correctly-spelled pin labels on both sides; wire colours RED=power BLACK=GND BLUE=I2C-SDA YELLOW=I2C-SCL GREEN=analog ORANGE=digital CYAN=UART PURPLE=SPI; 16:9 high resolution. Title ""Teensy 4.0 + LM35"". LEFT a Teensy 4.0 (3.3V logic). RIGHT a LM35 (Sensors). Connect EXACTLY these 3 wires and no others: VCC to 3.3V (RED); OUT to A0 (GREEN); GND to GND (BLACK). Show these exact pin labels; do not invent or add any wire."
teensy__hc-sr04.png,"Realistic Fritzing-style hardware wiring diagram, flat vector product-illustration look, soft light-grey studio background, slight top-down angle, one microcontroller board on the LEFT and one module on the RIGHT connected by coloured jumper wires with correctly-spelled pin labels on both sides; wire colours RED=power BLACK=GND BLUE=I2C-SDA YELLOW=I2C-SCL GREEN=analog ORANGE=digital CYAN=UART PURPLE=SPI; 16:9 high resolution. Title ""Teensy 4.0 + HC-SR04"". LEFT a Teensy 4.0 (3.3V logic). RIGHT a HC-SR04 (Sensors). Connect EXACTLY these 4 wires and no others: VCC to 3.3V (RED); TRIG to D2 (ORANGE); ECHO to D3 (ORANGE); GND to GND (BLACK). Show these exact pin labels; do not invent or add any wire."
teensy__pir.png,"Realistic Fritzing-style hardware wiring diagram, flat vector product-illustration look, soft light-grey studio background, slight top-down angle, one microcontroller board on the LEFT and one module on the RIGHT connected by coloured jumper wires with correctly-spelled pin labels on both sides; wire colours RED=power BLACK=GND BLUE=I2C-SDA YELLOW=I2C-SCL GREEN=analog ORANGE=digital CYAN=UART PURPLE=SPI; 16:9 high resolution. Title ""Teensy 4.0 + PIR Motion (HC-SR501)"". LEFT a Teensy 4.0 (3.3V logic). RIGHT a PIR Motion (HC-SR501) (Sensors). Connect EXACTLY these 3 wires and no others: VCC to 3.3V (RED); OUT to D2 (ORANGE); GND to GND (BLACK). Show these exact pin labels; do not invent or add any wire."
teensy__ldr.png,"Realistic Fritzing-style hardware wiring diagram, flat vector product-illustration look, soft light-grey studio background, slight top-down angle, one microcontroller board on the LEFT and one module on the RIGHT connected by coloured jumper wires with correctly-spelled pin labels on both sides; wire colours RED=power BLACK=GND BLUE=I2C-SDA YELLOW=I2C-SCL GREEN=analog ORANGE=digital CYAN=UART PURPLE=SPI; 16:9 high resolution. Title ""Teensy 4.0 + LDR (Photoresistor)"". LEFT a Teensy 4.0 (3.3V logic). RIGHT a LDR (Photoresistor) (Sensors). Connect EXACTLY these 3 wires and no others: VCC to 3.3V (RED); AO to A0 (GREEN); GND to GND (BLACK). Show these exact pin labels; do not invent or add any wire."
teensy__bh1750.png,"Realistic Fritzing-style hardware wiring diagram, flat vector product-illustration look, soft light-grey studio background, slight top-down angle, one microcontroller board on the LEFT and one module on the RIGHT connected by coloured jumper wires with correctly-spelled pin labels on both sides; wire colours RED=power BLACK=GND BLUE=I2C-SDA YELLOW=I2C-SCL GREEN=analog ORANGE=digital CYAN=UART PURPLE=SPI; 16:9 high resolution. Title ""Teensy 4.0 + BH1750"". LEFT a Teensy 4.0 (3.3V logic). RIGHT a BH1750 (Sensors). Connect EXACTLY these 5 wires and no others: VCC to 3.3V (RED); GND to GND (BLACK); SDA to pin18 (SDA) (BLUE); SCL to pin19 (SCL) (YELLOW); ADDR to D2 (ORANGE). Show these exact pin labels; do not invent or add any wire."
teensy__mq2.png,"Realistic Fritzing-style hardware wiring diagram, flat vector product-illustration look, soft light-grey studio background, slight top-down angle, one microcontroller board on the LEFT and one module on the RIGHT connected by coloured jumper wires with correctly-spelled pin labels on both sides; wire colours RED=power BLACK=GND BLUE=I2C-SDA YELLOW=I2C-SCL GREEN=analog ORANGE=digital CYAN=UART PURPLE=SPI; 16:9 high resolution. Title ""Teensy 4.0 + MQ-2 Gas"". LEFT a Teensy 4.0 (3.3V logic). RIGHT a MQ-2 Gas (Sensors). Connect EXACTLY these 4 wires and no others: VCC to 3.3V (RED); AO to A0 (GREEN); DO to D2 (ORANGE); GND to GND (BLACK). Show these exact pin labels; do not invent or add any wire."
teensy__mq135.png,"Realistic Fritzing-style hardware wiring diagram, flat vector product-illustration look, soft light-grey studio background, slight top-down angle, one microcontroller board on the LEFT and one module on the RIGHT connected by coloured jumper wires with correctly-spelled pin labels on both sides; wire colours RED=power BLACK=GND BLUE=I2C-SDA YELLOW=I2C-SCL GREEN=analog ORANGE=digital CYAN=UART PURPLE=SPI; 16:9 high resolution. Title ""Teensy 4.0 + MQ-135 Air Quality"". LEFT a Teensy 4.0 (3.3V logic). RIGHT a MQ-135 Air Quality (Sensors). Connect EXACTLY these 4 wires and no others: VCC to 3.3V (RED); AO to A0 (GREEN); DO to D2 (ORANGE); GND to GND (BLACK). Show these exact pin labels; do not invent or add any wire."
teensy__mq7.png,"Realistic Fritzing-style hardware wiring diagram, flat vector product-illustration look, soft light-grey studio background, slight top-down angle, one microcontroller board on the LEFT and one module on the RIGHT connected by coloured jumper wires with correctly-spelled pin labels on both sides; wire colours RED=power BLACK=GND BLUE=I2C-SDA YELLOW=I2C-SCL GREEN=analog ORANGE=digital CYAN=UART PURPLE=SPI; 16:9 high resolution. Title ""Teensy 4.0 + MQ-7 CO"". LEFT a Teensy 4.0 (3.3V logic). RIGHT a MQ-7 CO (Sensors). Connect EXACTLY these 4 wires and no others: VCC to 3.3V (RED); AO to A0 (GREEN); DO to D2 (ORANGE); GND to GND (BLACK). Show these exact pin labels; do not invent or add any wire."
teensy__soil-moisture.png,"Realistic Fritzing-style hardware wiring diagram, flat vector product-illustration look, soft light-grey studio background, slight top-down angle, one microcontroller board on the LEFT and one module on the RIGHT connected by coloured jumper wires with correctly-spelled pin labels on both sides; wire colours RED=power BLACK=GND BLUE=I2C-SDA YELLOW=I2C-SCL GREEN=analog ORANGE=digital CYAN=UART PURPLE=SPI; 16:9 high resolution. Title ""Teensy 4.0 + Soil Moisture"". LEFT a Teensy 4.0 (3.3V logic). RIGHT a Soil Moisture (Sensors). Connect EXACTLY these 4 wires and no others: VCC to 3.3V (RED); AO to A0 (GREEN); DO to D2 (ORANGE); GND to GND (BLACK). Show these exact pin labels; do not invent or add any wire."
teensy__rain-sensor.png,"Realistic Fritzing-style hardware wiring diagram, flat vector product-illustration look, soft light-grey studio background, slight top-down angle, one microcontroller board on the LEFT and one module on the RIGHT connected by coloured jumper wires with correctly-spelled pin labels on both sides; wire colours RED=power BLACK=GND BLUE=I2C-SDA YELLOW=I2C-SCL GREEN=analog ORANGE=digital CYAN=UART PURPLE=SPI; 16:9 high resolution. Title ""Teensy 4.0 + Rain Sensor"". LEFT a Teensy 4.0 (3.3V logic). RIGHT a Rain Sensor (Sensors). Connect EXACTLY these 4 wires and no others: VCC to 3.3V (RED); AO to A0 (GREEN); DO to D2 (ORANGE); GND to GND (BLACK). Show these exact pin labels; do not invent or add any wire."
teensy__water-level.png,"Realistic Fritzing-style hardware wiring diagram, flat vector product-illustration look, soft light-grey studio background, slight top-down angle, one microcontroller board on the LEFT and one module on the RIGHT connected by coloured jumper wires with correctly-spelled pin labels on both sides; wire colours RED=power BLACK=GND BLUE=I2C-SDA YELLOW=I2C-SCL GREEN=analog ORANGE=digital CYAN=UART PURPLE=SPI; 16:9 high resolution. Title ""Teensy 4.0 + Water Level Sensor"". LEFT a Teensy 4.0 (3.3V logic). RIGHT a Water Level Sensor (Sensors). Connect EXACTLY these 3 wires and no others: + to 3.3V (RED); S to A0 (GREEN); - to GND (BLACK). Show these exact pin labels; do not invent or add any wire."
teensy__flow-sensor.png,"Realistic Fritzing-style hardware wiring diagram, flat vector product-illustration look, soft light-grey studio background, slight top-down angle, one microcontroller board on the LEFT and one module on the RIGHT connected by coloured jumper wires with correctly-spelled pin labels on both sides; wire colours RED=power BLACK=GND BLUE=I2C-SDA YELLOW=I2C-SCL GREEN=analog ORANGE=digital CYAN=UART PURPLE=SPI; 16:9 high resolution. Title ""Teensy 4.0 + Water Flow (YF-S201)"". LEFT a Teensy 4.0 (3.3V logic). RIGHT a Water Flow (YF-S201) (Sensors). Connect EXACTLY these 3 wires and no others: VCC to 3.3V (RED); SIGNAL to D2 (ORANGE); GND to GND (BLACK). Show these exact pin labels; do not invent or add any wire."
teensy__flame-sensor.png,"Realistic Fritzing-style hardware wiring diagram, flat vector product-illustration look, soft light-grey studio background, slight top-down angle, one microcontroller board on the LEFT and one module on the RIGHT connected by coloured jumper wires with correctly-spelled pin labels on both sides; wire colours RED=power BLACK=GND BLUE=I2C-SDA YELLOW=I2C-SCL GREEN=analog ORANGE=digital CYAN=UART PURPLE=SPI; 16:9 high resolution. Title ""Teensy 4.0 + Flame Sensor"". LEFT a Teensy 4.0 (3.3V logic). RIGHT a Flame Sensor (Sensors). Connect EXACTLY these 4 wires and no others: VCC to 3.3V (RED); AO to A0 (GREEN); DO to D2 (ORANGE); GND to GND (BLACK). Show these exact pin labels; do not invent or add any wire."
teensy__mpu6050.png,"Realistic Fritzing-style hardware wiring diagram, flat vector product-illustration look, soft light-grey studio background, slight top-down angle, one microcontroller board on the LEFT and one module on the RIGHT connected by coloured jumper wires with correctly-spelled pin labels on both sides; wire colours RED=power BLACK=GND BLUE=I2C-SDA YELLOW=I2C-SCL GREEN=analog ORANGE=digital CYAN=UART PURPLE=SPI; 16:9 high resolution. Title ""Teensy 4.0 + MPU-6050 IMU"". LEFT a Teensy 4.0 (3.3V logic). RIGHT a MPU-6050 IMU (Sensors). Connect EXACTLY these 5 wires and no others: VCC to 3.3V (RED); SDA to pin18 (SDA) (BLUE); SCL to pin19 (SCL) (YELLOW); INT to D2 (ORANGE); GND to GND (BLACK). Show these exact pin labels; do not invent or add any wire."
teensy__hmc5883l.png,"Realistic Fritzing-style hardware wiring diagram, flat vector product-illustration look, soft light-grey studio background, slight top-down angle, one microcontroller board on the LEFT and one module on the RIGHT connected by coloured jumper wires with correctly-spelled pin labels on both sides; wire colours RED=power BLACK=GND BLUE=I2C-SDA YELLOW=I2C-SCL GREEN=analog ORANGE=digital CYAN=UART PURPLE=SPI; 16:9 high resolution. Title ""Teensy 4.0 + HMC5883L"". LEFT a Teensy 4.0 (3.3V logic). RIGHT a HMC5883L (Sensors). Connect EXACTLY these 5 wires and no others: VCC to 3.3V (RED); SDA to pin18 (SDA) (BLUE); SCL to pin19 (SCL) (YELLOW); DRDY to D2 (ORANGE); GND to GND (BLACK). Show these exact pin labels; do not invent or add any wire."
teensy__bmp280.png,"Realistic Fritzing-style hardware wiring diagram, flat vector product-illustration look, soft light-grey studio background, slight top-down angle, one microcontroller board on the LEFT and one module on the RIGHT connected by coloured jumper wires with correctly-spelled pin labels on both sides; wire colours RED=power BLACK=GND BLUE=I2C-SDA YELLOW=I2C-SCL GREEN=analog ORANGE=digital CYAN=UART PURPLE=SPI; 16:9 high resolution. Title ""Teensy 4.0 + BMP280 / BME280"". LEFT a Teensy 4.0 (3.3V logic). RIGHT a BMP280 / BME280 (Sensors). Connect EXACTLY these 4 wires and no others: VCC to 3.3V (RED); SDA to pin18 (SDA) (BLUE); SCL to pin19 (SCL) (YELLOW); GND to GND (BLACK). Show these exact pin labels; do not invent or add any wire."
teensy__load-cell.png,"Realistic Fritzing-style hardware wiring diagram, flat vector product-illustration look, soft light-grey studio background, slight top-down angle, one microcontroller board on the LEFT and one module on the RIGHT connected by coloured jumper wires with correctly-spelled pin labels on both sides; wire colours RED=power BLACK=GND BLUE=I2C-SDA YELLOW=I2C-SCL GREEN=analog ORANGE=digital CYAN=UART PURPLE=SPI; 16:9 high resolution. Title ""Teensy 4.0 + Load Cell + HX711"". LEFT a Teensy 4.0 (3.3V logic). RIGHT a Load Cell + HX711 (Sensors). Connect EXACTLY these 4 wires and no others: DT to D2 (ORANGE); CLK to D3 (ORANGE); VCC to 3.3V (RED); GND to GND (BLACK). Show these exact pin labels; do not invent or add any wire."
teensy__ir-sensor.png,"Realistic Fritzing-style hardware wiring diagram, flat vector product-illustration look, soft light-grey studio background, slight top-down angle, one microcontroller board on the LEFT and one module on the RIGHT connected by coloured jumper wires with correctly-spelled pin labels on both sides; wire colours RED=power BLACK=GND BLUE=I2C-SDA YELLOW=I2C-SCL GREEN=analog ORANGE=digital CYAN=UART PURPLE=SPI; 16:9 high resolution. Title ""Teensy 4.0 + IR Obstacle Sensor"". LEFT a Teensy 4.0 (3.3V logic). RIGHT an IR Obstacle Sensor (Sensors). Connect EXACTLY these 3 wires and no others: VCC to 3.3V (RED); OUT to D2 (ORANGE); GND to GND (BLACK). Show these exact pin labels; do not invent or add any wire."
teensy__color-sensor.png,"Realistic Fritzing-style hardware wiring diagram, flat vector product-illustration look, soft light-grey studio background, slight top-down angle, one microcontroller board on the LEFT and one module on the RIGHT connected by coloured jumper wires with correctly-spelled pin labels on both sides; wire colours RED=power BLACK=GND BLUE=I2C-SDA YELLOW=I2C-SCL GREEN=analog ORANGE=digital CYAN=UART PURPLE=SPI; 16:9 high resolution. Title ""Teensy 4.0 + TCS3200 Color"". LEFT a Teensy 4.0 (3.3V logic). RIGHT a TCS3200 Color (Sensors). Connect EXACTLY these 4 wires and no others: VCC to 3.3V (RED); GND to GND (BLACK); S0–S3 to D2 (ORANGE); OUT to D3 (ORANGE). Show these exact pin labels; do not invent or add any wire."
teensy__heart-rate.png,"Realistic Fritzing-style hardware wiring diagram, flat vector product-illustration look, soft light-grey studio background, slight top-down angle, one microcontroller board on the LEFT and one module on the RIGHT connected by coloured jumper wires with correctly-spelled pin labels on both sides; wire colours RED=power BLACK=GND BLUE=I2C-SDA YELLOW=I2C-SCL GREEN=analog ORANGE=digital CYAN=UART PURPLE=SPI; 16:9 high resolution. Title ""Teensy 4.0 + MAX30100 Pulse"". LEFT a Teensy 4.0 (3.3V logic). RIGHT a MAX30100 Pulse (Sensors). Connect EXACTLY these 5 wires and no others: VIN to 3.3V (RED); SDA to pin18 (SDA) (BLUE); SCL to pin19 (SCL) (YELLOW); INT to D2 (ORANGE); GND to GND (BLACK). Show these exact pin labels; do not invent or add any wire."
teensy__ph-sensor.png,"Realistic Fritzing-style hardware wiring diagram, flat vector product-illustration look, soft light-grey studio background, slight top-down angle, one microcontroller board on the LEFT and one module on the RIGHT connected by coloured jumper wires with correctly-spelled pin labels on both sides; wire colours RED=power BLACK=GND BLUE=I2C-SDA YELLOW=I2C-SCL GREEN=analog ORANGE=digital CYAN=UART PURPLE=SPI; 16:9 high resolution. Title ""Teensy 4.0 + pH Sensor"". LEFT a Teensy 4.0 (3.3V logic). RIGHT a pH Sensor (Sensors). Connect EXACTLY these 3 wires and no others: VCC to 3.3V (RED); GND to GND (BLACK); PO to A0 (GREEN). Show these exact pin labels; do not invent or add any wire."
teensy__current-sensor.png,"Realistic Fritzing-style hardware wiring diagram, flat vector product-illustration look, soft light-grey studio background, slight top-down angle, one microcontroller board on the LEFT and one module on the RIGHT connected by coloured jumper wires with correctly-spelled pin labels on both sides; wire colours RED=power BLACK=GND BLUE=I2C-SDA YELLOW=I2C-SCL GREEN=analog ORANGE=digital CYAN=UART PURPLE=SPI; 16:9 high resolution. Title ""Teensy 4.0 + ACS712 Current"". LEFT a Teensy 4.0 (3.3V logic). RIGHT an ACS712 Current (Sensors). Connect EXACTLY these 5 wires and no others: VCC to 3.3V (RED); GND to GND (BLACK); OUT to A0 (GREEN); IP+ to D2 (ORANGE); IP- to D3 (ORANGE). Show these exact pin labels; do not invent or add any wire."
teensy__voltage-sensor.png,"Realistic Fritzing-style hardware wiring diagram, flat vector product-illustration look, soft light-grey studio background, slight top-down angle, one microcontroller board on the LEFT and one module on the RIGHT connected by coloured jumper wires with correctly-spelled pin labels on both sides; wire colours RED=power BLACK=GND BLUE=I2C-SDA YELLOW=I2C-SCL GREEN=analog ORANGE=digital CYAN=UART PURPLE=SPI; 16:9 high resolution. Title ""Teensy 4.0 + Voltage Sensor"". LEFT a Teensy 4.0 (3.3V logic). RIGHT a Voltage Sensor (Sensors). Connect EXACTLY these 2 wires and no others: S to A0 (GREEN); - to GND (BLACK). Show these exact pin labels; do not invent or add any wire."
teensy__ir-flame-array.png,"Realistic Fritzing-style hardware wiring diagram, flat vector product-illustration look, soft light-grey studio background, slight top-down angle, one microcontroller board on the LEFT and one module on the RIGHT connected by coloured jumper wires with correctly-spelled pin labels on both sides; wire colours RED=power BLACK=GND BLUE=I2C-SDA YELLOW=I2C-SCL GREEN=analog ORANGE=digital CYAN=UART PURPLE=SPI; 16:9 high resolution. Title ""Teensy 4.0 + Vibration (SW-420)"". LEFT a Teensy 4.0 (3.3V logic). RIGHT a Vibration (SW-420) (Sensors). Connect EXACTLY these 3 wires and no others: VCC to 3.3V (RED); GND to GND (BLACK); DO to D2 (ORANGE). Show these exact pin labels; do not invent or add any wire."
teensy__lidar-sensor.png,"Realistic Fritzing-style hardware wiring diagram, flat vector product-illustration look, soft light-grey studio background, slight top-down angle, one microcontroller board on the LEFT and one module on the RIGHT connected by coloured jumper wires with correctly-spelled pin labels on both sides; wire colours RED=power BLACK=GND BLUE=I2C-SDA YELLOW=I2C-SCL GREEN=analog ORANGE=digital CYAN=UART PURPLE=SPI; 16:9 high resolution. Title ""Teensy 4.0 + LiDAR (TF-Luna)"". LEFT a Teensy 4.0 (3.3V logic). RIGHT a LiDAR (TF-Luna) (Sensors). Connect EXACTLY these 4 wires and no others: VCC to 3.3V (RED); RXD to D2 (ORANGE); TXD to D3 (ORANGE); GND to GND (BLACK). Show these exact pin labels; do not invent or add any wire."
teensy__servo.png,"Realistic Fritzing-style hardware wiring diagram, flat vector product-illustration look, soft light-grey studio background, slight top-down angle, one microcontroller board on the LEFT and one module on the RIGHT connected by coloured jumper wires with correctly-spelled pin labels on both sides; wire colours RED=power BLACK=GND BLUE=I2C-SDA YELLOW=I2C-SCL GREEN=analog ORANGE=digital CYAN=UART PURPLE=SPI; 16:9 high resolution. Title ""Teensy 4.0 + Servo (SG90/MG996)"". LEFT a Teensy 4.0 (3.3V logic). RIGHT a Servo (SG90/MG996) (Actuators & Motors). Connect EXACTLY these 3 wires and no others: Signal to D2 (ORANGE); VCC to 3.3V (RED); GND to GND (BLACK). Show these exact pin labels; do not invent or add any wire."
teensy__stepper.png,"Realistic Fritzing-style hardware wiring diagram, flat vector product-illustration look, soft light-grey studio background, slight top-down angle, one microcontroller board on the LEFT and one module on the RIGHT connected by coloured jumper wires with correctly-spelled pin labels on both sides; wire colours RED=power BLACK=GND BLUE=I2C-SDA YELLOW=I2C-SCL GREEN=analog ORANGE=digital CYAN=UART PURPLE=SPI; 16:9 high resolution. Title ""Teensy 4.0 + Stepper (28BYJ-48)"". LEFT a Teensy 4.0 (3.3V logic). RIGHT a Stepper (28BYJ-48) (Actuators & Motors). Connect EXACTLY these 3 wires and no others: IN1–IN4 to D2 (ORANGE); VCC to 3.3V (RED); GND to GND (BLACK). Show these exact pin labels; do not invent or add any wire."
teensy__l298n.png,"Realistic Fritzing-style hardware wiring diagram, flat vector product-illustration look, soft light-grey studio background, slight top-down angle, one microcontroller board on the LEFT and one module on the RIGHT connected by coloured jumper wires with correctly-spelled pin labels on both sides; wire colours RED=power BLACK=GND BLUE=I2C-SDA YELLOW=I2C-SCL GREEN=analog ORANGE=digital CYAN=UART PURPLE=SPI; 16:9 high resolution. Title ""Teensy 4.0 + L298N Driver"". LEFT a Teensy 4.0 (3.3V logic). RIGHT a L298N Driver (Actuators & Motors). Connect EXACTLY these 5 wires and no others: IN1–IN4 to D2 (ORANGE); ENA to D3 (ORANGE); ENB to D4 (ORANGE); 5V to 3.3V (RED); GND to GND (BLACK). Show these exact pin labels; do not invent or add any wire."
teensy__l293d.png,"Realistic Fritzing-style hardware wiring diagram, flat vector product-illustration look, soft light-grey studio background, slight top-down angle, one microcontroller board on the LEFT and one module on the RIGHT connected by coloured jumper wires with correctly-spelled pin labels on both sides; wire colours RED=power BLACK=GND BLUE=I2C-SDA YELLOW=I2C-SCL GREEN=analog ORANGE=digital CYAN=UART PURPLE=SPI; 16:9 high resolution. Title ""Teensy 4.0 + L293D Driver"". LEFT a Teensy 4.0 (3.3V logic). RIGHT a L293D Driver (Actuators & Motors). Connect EXACTLY these 5 wires and no others: IN1–IN4 to D2 (ORANGE); EN1 to D3 (ORANGE); EN2 to D4 (ORANGE); Vcc1 to 3.3V (RED); GND to GND (BLACK). Show these exact pin labels; do not invent or add any wire."
teensy__a4988.png,"Realistic Fritzing-style hardware wiring diagram, flat vector product-illustration look, soft light-grey studio background, slight top-down angle, one microcontroller board on the LEFT and one module on the RIGHT connected by coloured jumper wires with correctly-spelled pin labels on both sides; wire colours RED=power BLACK=GND BLUE=I2C-SDA YELLOW=I2C-SCL GREEN=analog ORANGE=digital CYAN=UART PURPLE=SPI; 16:9 high resolution. Title ""Teensy 4.0 + A4988 Driver"". LEFT a Teensy 4.0 (3.3V logic). RIGHT an A4988 Driver (Actuators & Motors). Connect EXACTLY these 5 wires and no others: STEP to D2 (ORANGE); DIR to D3 (ORANGE); VDD to 3.3V (RED); GND to GND (BLACK); MS1 to D4 (ORANGE). Show these exact pin labels; do not invent or add any wire."
teensy__relay-module.png,"Realistic Fritzing-style hardware wiring diagram, flat vector product-illustration look, soft light-grey studio background, slight top-down angle, one microcontroller board on the LEFT and one module on the RIGHT connected by coloured jumper wires with correctly-spelled pin labels on both sides; wire colours RED=power BLACK=GND BLUE=I2C-SDA YELLOW=I2C-SCL GREEN=analog ORANGE=digital CYAN=UART PURPLE=SPI; 16:9 high resolution. Title ""Teensy 4.0 + Relay Module"". LEFT a Teensy 4.0 (3.3V logic). RIGHT a Relay Module (Actuators & Motors). Connect EXACTLY these 6 wires and no others: IN to D2 (ORANGE); VCC to 3.3V (RED); GND to GND (BLACK); COM to D3 (ORANGE); NO to D4 (ORANGE); NC to D5 (ORANGE). Show these exact pin labels; do not invent or add any wire."
teensy__water-pump.png,"Realistic Fritzing-style hardware wiring diagram, flat vector product-illustration look, soft light-grey studio background, slight top-down angle, one microcontroller board on the LEFT and one module on the RIGHT connected by coloured jumper wires with correctly-spelled pin labels on both sides; wire colours RED=power BLACK=GND BLUE=I2C-SDA YELLOW=I2C-SCL GREEN=analog ORANGE=digital CYAN=UART PURPLE=SPI; 16:9 high resolution. Title ""Teensy 4.0 + Water Pump"". LEFT a Teensy 4.0 (3.3V logic). RIGHT a Water Pump (Actuators & Motors). Connect EXACTLY these 2 wires and no others: + to 3.3V (RED); - to GND (BLACK). Show these exact pin labels; do not invent or add any wire."
teensy__servo-continuous.png,"Realistic Fritzing-style hardware wiring diagram, flat vector product-illustration look, soft light-grey studio background, slight top-down angle, one microcontroller board on the LEFT and one module on the RIGHT connected by coloured jumper wires with correctly-spelled pin labels on both sides; wire colours RED=power BLACK=GND BLUE=I2C-SDA YELLOW=I2C-SCL GREEN=analog ORANGE=digital CYAN=UART PURPLE=SPI; 16:9 high resolution. Title ""Teensy 4.0 + Continuous Servo"". LEFT a Teensy 4.0 (3.3V logic). RIGHT a Continuous Servo (Actuators & Motors). Connect EXACTLY these 3 wires and no others: Signal to D2 (ORANGE); VCC to 3.3V (RED); GND to GND (BLACK). Show these exact pin labels; do not invent or add any wire."
teensy__buzzer.png,"Realistic Fritzing-style hardware wiring diagram, flat vector product-illustration look, soft light-grey studio background, slight top-down angle, one microcontroller board on the LEFT and one module on the RIGHT connected by coloured jumper wires with correctly-spelled pin labels on both sides; wire colours RED=power BLACK=GND BLUE=I2C-SDA YELLOW=I2C-SCL GREEN=analog ORANGE=digital CYAN=UART PURPLE=SPI; 16:9 high resolution. Title ""Teensy 4.0 + Buzzer"". LEFT a Teensy 4.0 (3.3V logic). RIGHT a Buzzer (Actuators & Motors). Connect EXACTLY these 2 wires and no others: + to 3.3V (RED); - to GND (BLACK). Show these exact pin labels; do not invent or add any wire."
teensy__lcd1602.png,"Realistic Fritzing-style hardware wiring diagram, flat vector product-illustration look, soft light-grey studio background, slight top-down angle, one microcontroller board on the LEFT and one module on the RIGHT connected by coloured jumper wires with correctly-spelled pin labels on both sides; wire colours RED=power BLACK=GND BLUE=I2C-SDA YELLOW=I2C-SCL GREEN=analog ORANGE=digital CYAN=UART PURPLE=SPI; 16:9 high resolution. Title ""Teensy 4.0 + LCD 16×2"". LEFT a Teensy 4.0 (3.3V logic). RIGHT a LCD 16×2 (Displays). Connect EXACTLY these 4 wires and no others: SDA to pin18 (SDA) (BLUE); SCL to pin19 (SCL) (YELLOW); VCC to 3.3V (RED); GND to GND (BLACK). Show these exact pin labels; do not invent or add any wire."
teensy__lcd2004.png,"Realistic Fritzing-style hardware wiring diagram, flat vector product-illustration look, soft light-grey studio background, slight top-down angle, one microcontroller board on the LEFT and one module on the RIGHT connected by coloured jumper wires with correctly-spelled pin labels on both sides; wire colours RED=power BLACK=GND BLUE=I2C-SDA YELLOW=I2C-SCL GREEN=analog ORANGE=digital CYAN=UART PURPLE=SPI; 16:9 high resolution. Title ""Teensy 4.0 + LCD 20×4"". LEFT a Teensy 4.0 (3.3V logic). RIGHT a LCD 20×4 (Displays). Connect EXACTLY these 4 wires and no others: SDA to pin18 (SDA) (BLUE); SCL to pin19 (SCL) (YELLOW); VCC to 3.3V (RED); GND to GND (BLACK). Show these exact pin labels; do not invent or add any wire."
teensy__oled.png,"Realistic Fritzing-style hardware wiring diagram, flat vector product-illustration look, soft light-grey studio background, slight top-down angle, one microcontroller board on the LEFT and one module on the RIGHT connected by coloured jumper wires with correctly-spelled pin labels on both sides; wire colours RED=power BLACK=GND BLUE=I2C-SDA YELLOW=I2C-SCL GREEN=analog ORANGE=digital CYAN=UART PURPLE=SPI; 16:9 high resolution. Title ""Teensy 4.0 + OLED 0.96"" (SSD1306)"". LEFT a Teensy 4.0 (3.3V logic). RIGHT an OLED 0.96"" (SSD1306) (Displays). Connect EXACTLY these 4 wires and no others: SDA to pin18 (SDA) (BLUE); SCL to pin19 (SCL) (YELLOW); VCC to 3.3V (RED); GND to GND (BLACK). Show these exact pin labels; do not invent or add any wire."
teensy__tft.png,"Realistic Fritzing-style hardware wiring diagram, flat vector product-illustration look, soft light-grey studio background, slight top-down angle, one microcontroller board on the LEFT and one module on the RIGHT connected by coloured jumper wires with correctly-spelled pin labels on both sides; wire colours RED=power BLACK=GND BLUE=I2C-SDA YELLOW=I2C-SCL GREEN=analog ORANGE=digital CYAN=UART PURPLE=SPI; 16:9 high resolution. Title ""Teensy 4.0 + TFT Touch Display"". LEFT a Teensy 4.0 (3.3V logic). RIGHT a TFT Touch Display (Displays). Connect EXACTLY these 9 wires and no others: SCK to pin13 (SCK) (PURPLE); MOSI to pin11 (MOSI) (PURPLE); MISO to pin12 (MISO) (PURPLE); CS to pin10 (CS) (PURPLE); DC to D2 (ORANGE); T_CS to D3 (ORANGE); T_IRQ to D4 (ORANGE); VCC to 3.3V (RED); GND to GND (BLACK). Show these exact pin labels; do not invent or add any wire."
teensy__seven-seg.png,"Realistic Fritzing-style hardware wiring diagram, flat vector product-illustration look, soft light-grey studio background, slight top-down angle, one microcontroller board on the LEFT and one module on the RIGHT connected by coloured jumper wires with correctly-spelled pin labels on both sides; wire colours RED=power BLACK=GND BLUE=I2C-SDA YELLOW=I2C-SCL GREEN=analog ORANGE=digital CYAN=UART PURPLE=SPI; 16:9 high resolution. Title ""Teensy 4.0 + 7-Segment Display"". LEFT a Teensy 4.0 (3.3V logic). RIGHT a 7-Segment Display (Displays). Connect EXACTLY these 3 wires and no others: a–g to D2 (ORANGE); dp to D3 (ORANGE); GND to GND (BLACK). Show these exact pin labels; do not invent or add any wire."
teensy__led-matrix.png,"Realistic Fritzing-style hardware wiring diagram, flat vector product-illustration look, soft light-grey studio background, slight top-down angle, one microcontroller board on the LEFT and one module on the RIGHT connected by coloured jumper wires with correctly-spelled pin labels on both sides; wire colours RED=power BLACK=GND BLUE=I2C-SDA YELLOW=I2C-SCL GREEN=analog ORANGE=digital CYAN=UART PURPLE=SPI; 16:9 high resolution. Title ""Teensy 4.0 + LED Matrix (MAX7219)"". LEFT a Teensy 4.0 (3.3V logic). RIGHT a LED Matrix (MAX7219) (Displays). Connect EXACTLY these 5 wires and no others: DIN to pin11 (MOSI) (PURPLE); CS to pin10 (CS) (PURPLE); CLK to D2 (ORANGE); VCC to 3.3V (RED); GND to GND (BLACK). Show these exact pin labels; do not invent or add any wire."
teensy__neopixel.png,"Realistic Fritzing-style hardware wiring diagram, flat vector product-illustration look, soft light-grey studio background, slight top-down angle, one microcontroller board on the LEFT and one module on the RIGHT connected by coloured jumper wires with correctly-spelled pin labels on both sides; wire colours RED=power BLACK=GND BLUE=I2C-SDA YELLOW=I2C-SCL GREEN=analog ORANGE=digital CYAN=UART PURPLE=SPI; 16:9 high resolution. Title ""Teensy 4.0 + NeoPixel (WS2812)"". LEFT a Teensy 4.0 (3.3V logic). RIGHT a NeoPixel (WS2812) (Displays). Connect EXACTLY these 3 wires and no others: DIN to pin11 (MOSI) (PURPLE); 5V to 3.3V (RED); GND to GND (BLACK). Show these exact pin labels; do not invent or add any wire."
teensy__epaper.png,"Realistic Fritzing-style hardware wiring diagram, flat vector product-illustration look, soft light-grey studio background, slight top-down angle, one microcontroller board on the LEFT and one module on the RIGHT connected by coloured jumper wires with correctly-spelled pin labels on both sides; wire colours RED=power BLACK=GND BLUE=I2C-SDA YELLOW=I2C-SCL GREEN=analog ORANGE=digital CYAN=UART PURPLE=SPI; 16:9 high resolution. Title ""Teensy 4.0 + E-Paper Display"". LEFT a Teensy 4.0 (3.3V logic). RIGHT an E-Paper Display (Displays). Connect EXACTLY these 8 wires and no others: SCK to pin13 (SCK) (PURPLE); MOSI to pin11 (MOSI) (PURPLE); CS to pin10 (CS) (PURPLE); DC to D2 (ORANGE); BUSY to D3 (ORANGE); RST to D4 (ORANGE); VCC to 3.3V (RED); GND to GND (BLACK). Show these exact pin labels; do not invent or add any wire."
teensy__hc05.png,"Realistic Fritzing-style hardware wiring diagram, flat vector product-illustration look, soft light-grey studio background, slight top-down angle, one microcontroller board on the LEFT and one module on the RIGHT connected by coloured jumper wires with correctly-spelled pin labels on both sides; wire colours RED=power BLACK=GND BLUE=I2C-SDA YELLOW=I2C-SCL GREEN=analog ORANGE=digital CYAN=UART PURPLE=SPI; 16:9 high resolution. Title ""Teensy 4.0 + HC-05 Bluetooth"". LEFT a Teensy 4.0 (3.3V logic). RIGHT a HC-05 Bluetooth (Connectivity). Connect EXACTLY these 6 wires and no others: RXD to D2 (ORANGE); TXD to D3 (ORANGE); VCC to 3.3V (RED); GND to GND (BLACK); EN to D4 (ORANGE); KEY to D5 (ORANGE). Show these exact pin labels; do not invent or add any wire."
teensy__ble.png,"Realistic Fritzing-style hardware wiring diagram, flat vector product-illustration look, soft light-grey studio background, slight top-down angle, one microcontroller board on the LEFT and one module on the RIGHT connected by coloured jumper wires with correctly-spelled pin labels on both sides; wire colours RED=power BLACK=GND BLUE=I2C-SDA YELLOW=I2C-SCL GREEN=analog ORANGE=digital CYAN=UART PURPLE=SPI; 16:9 high resolution. Title ""Teensy 4.0 + BLE Module"". LEFT a Teensy 4.0 (3.3V logic). RIGHT a BLE Module (Connectivity). Connect EXACTLY these 4 wires and no others: RXD to D2 (ORANGE); TXD to D3 (ORANGE); VCC to 3.3V (RED); GND to GND (BLACK). Show these exact pin labels; do not invent or add any wire."
teensy__nrf24.png,"Realistic Fritzing-style hardware wiring diagram, flat vector product-illustration look, soft light-grey studio background, slight top-down angle, one microcontroller board on the LEFT and one module on the RIGHT connected by coloured jumper wires with correctly-spelled pin labels on both sides; wire colours RED=power BLACK=GND BLUE=I2C-SDA YELLOW=I2C-SCL GREEN=analog ORANGE=digital CYAN=UART PURPLE=SPI; 16:9 high resolution. Title ""Teensy 4.0 + nRF24L01"". LEFT a Teensy 4.0 (3.3V logic). RIGHT a nRF24L01 (Connectivity). Connect EXACTLY these 7 wires and no others: SCK to pin13 (SCK) (PURPLE); MOSI to pin11 (MOSI) (PURPLE); MISO to pin12 (MISO) (PURPLE); CSN to D2 (ORANGE); CE to pin10 (CS) (PURPLE); VCC to 3.3V (RED); GND to GND (BLACK). Show these exact pin labels; do not invent or add any wire."
teensy__lora.png,"Realistic Fritzing-style hardware wiring diagram, flat vector product-illustration look, soft light-grey studio background, slight top-down angle, one microcontroller board on the LEFT and one module on the RIGHT connected by coloured jumper wires with correctly-spelled pin labels on both sides; wire colours RED=power BLACK=GND BLUE=I2C-SDA YELLOW=I2C-SCL GREEN=analog ORANGE=digital CYAN=UART PURPLE=SPI; 16:9 high resolution. Title ""Teensy 4.0 + LoRa Module"". LEFT a Teensy 4.0 (3.3V logic). RIGHT a LoRa Module (Connectivity). Connect EXACTLY these 8 wires and no others: SCK to pin13 (SCK) (PURPLE); MOSI to pin11 (MOSI) (PURPLE); MISO to pin12 (MISO) (PURPLE); NSS to pin10 (CS) (PURPLE); DIO0 to D2 (ORANGE); RST to D3 (ORANGE); VCC to 3.3V (RED); GND to GND (BLACK). Show these exact pin labels; do not invent or add any wire."
teensy__sim800.png,"Realistic Fritzing-style hardware wiring diagram, flat vector product-illustration look, soft light-grey studio background, slight top-down angle, one microcontroller board on the LEFT and one module on the RIGHT connected by coloured jumper wires with correctly-spelled pin labels on both sides; wire colours RED=power BLACK=GND BLUE=I2C-SDA YELLOW=I2C-SCL GREEN=analog ORANGE=digital CYAN=UART PURPLE=SPI; 16:9 high resolution. Title ""Teensy 4.0 + SIM800L GSM"". LEFT a Teensy 4.0 (3.3V logic). RIGHT a SIM800L GSM (Connectivity). Connect EXACTLY these 4 wires and no others: RXD to D2 (ORANGE); TXD to D3 (ORANGE); VCC to 3.3V (RED); GND to GND (BLACK). Show these exact pin labels; do not invent or add any wire."
teensy__sim900.png,"Realistic Fritzing-style hardware wiring diagram, flat vector product-illustration look, soft light-grey studio background, slight top-down angle, one microcontroller board on the LEFT and one module on the RIGHT connected by coloured jumper wires with correctly-spelled pin labels on both sides; wire colours RED=power BLACK=GND BLUE=I2C-SDA YELLOW=I2C-SCL GREEN=analog ORANGE=digital CYAN=UART PURPLE=SPI; 16:9 high resolution. Title ""Teensy 4.0 + SIM900 GSM"". LEFT a Teensy 4.0 (3.3V logic). RIGHT a SIM900 GSM (Connectivity). Connect EXACTLY these 4 wires and no others: RXD to D2 (ORANGE); TXD to D3 (ORANGE); VCC 5V to 3.3V (RED); GND to GND (BLACK). Show these exact pin labels; do not invent or add any wire."
teensy__gps-neo6.png,"Realistic Fritzing-style hardware wiring diagram, flat vector product-illustration look, soft light-grey studio background, slight top-down angle, one microcontroller board on the LEFT and one module on the RIGHT connected by coloured jumper wires with correctly-spelled pin labels on both sides; wire colours RED=power BLACK=GND BLUE=I2C-SDA YELLOW=I2C-SCL GREEN=analog ORANGE=digital CYAN=UART PURPLE=SPI; 16:9 high resolution. Title ""Teensy 4.0 + NEO-6M GPS"". LEFT a Teensy 4.0 (3.3V logic). RIGHT a NEO-6M GPS (Connectivity). Connect EXACTLY these 4 wires and no others: RX to pin1 (TX1) (CYAN); TX to pin0 (RX1) (CYAN); VCC to 3.3V (RED); GND to GND (BLACK). Show these exact pin labels; do not invent or add any wire."
teensy__rfid-rc522.png,"Realistic Fritzing-style hardware wiring diagram, flat vector product-illustration look, soft light-grey studio background, slight top-down angle, one microcontroller board on the LEFT and one module on the RIGHT connected by coloured jumper wires with correctly-spelled pin labels on both sides; wire colours RED=power BLACK=GND BLUE=I2C-SDA YELLOW=I2C-SCL GREEN=analog ORANGE=digital CYAN=UART PURPLE=SPI; 16:9 high resolution. Title ""Teensy 4.0 + RFID RC522"". LEFT a Teensy 4.0 (3.3V logic). RIGHT a RFID RC522 (Connectivity). Connect EXACTLY these 7 wires and no others: SCK to pin13 (SCK) (PURPLE); MOSI to pin11 (MOSI) (PURPLE); MISO to pin12 (MISO) (PURPLE); SS to pin10 (CS) (PURPLE); RST to D2 (ORANGE); VCC to 3.3V (RED); GND to GND (BLACK). Show these exact pin labels; do not invent or add any wire."
teensy__fingerprint-mod.png,"Realistic Fritzing-style hardware wiring diagram, flat vector product-illustration look, soft light-grey studio background, slight top-down angle, one microcontroller board on the LEFT and one module on the RIGHT connected by coloured jumper wires with correctly-spelled pin labels on both sides; wire colours RED=power BLACK=GND BLUE=I2C-SDA YELLOW=I2C-SCL GREEN=analog ORANGE=digital CYAN=UART PURPLE=SPI; 16:9 high resolution. Title ""Teensy 4.0 + Fingerprint (R307)"". LEFT a Teensy 4.0 (3.3V logic). RIGHT a Fingerprint (R307) (Connectivity). Connect EXACTLY these 4 wires and no others: TX to pin0 (RX1) (CYAN); RX to pin1 (TX1) (CYAN); VCC to 3.3V (RED); GND to GND (BLACK). Show these exact pin labels; do not invent or add any wire."
teensy__ethernet-mod.png,"Realistic Fritzing-style hardware wiring diagram, flat vector product-illustration look, soft light-grey studio background, slight top-down angle, one microcontroller board on the LEFT and one module on the RIGHT connected by coloured jumper wires with correctly-spelled pin labels on both sides; wire colours RED=power BLACK=GND BLUE=I2C-SDA YELLOW=I2C-SCL GREEN=analog ORANGE=digital CYAN=UART PURPLE=SPI; 16:9 high resolution. Title ""Teensy 4.0 + Ethernet (W5100)"". LEFT a Teensy 4.0 (3.3V logic). RIGHT an Ethernet (W5100) (Connectivity). Connect EXACTLY these 6 wires and no others: SCK to pin13 (SCK) (PURPLE); MOSI to pin11 (MOSI) (PURPLE); MISO to pin12 (MISO) (PURPLE); CS to pin10 (CS) (PURPLE); VCC to 3.3V (RED); GND to GND (BLACK). Show these exact pin labels; do not invent or add any wire."
teensy__led.png,"Realistic Fritzing-style hardware wiring diagram, flat vector product-illustration look, soft light-grey studio background, slight top-down angle, one microcontroller board on the LEFT and one module on the RIGHT connected by coloured jumper wires with correctly-spelled pin labels on both sides; wire colours RED=power BLACK=GND BLUE=I2C-SDA YELLOW=I2C-SCL GREEN=analog ORANGE=digital CYAN=UART PURPLE=SPI; 16:9 high resolution. Title ""Teensy 4.0 + LED"". LEFT a Teensy 4.0 (3.3V logic). RIGHT a LED (Passive & Discrete). Connect EXACTLY these 2 wires and no others: Anode to D2 (ORANGE); GND to GND (BLACK). Show these exact pin labels; do not invent or add any wire."
teensy__potentiometer.png,"Realistic Fritzing-style hardware wiring diagram, flat vector product-illustration look, soft light-grey studio background, slight top-down angle, one microcontroller board on the LEFT and one module on the RIGHT connected by coloured jumper wires with correctly-spelled pin labels on both sides; wire colours RED=power BLACK=GND BLUE=I2C-SDA YELLOW=I2C-SCL GREEN=analog ORANGE=digital CYAN=UART PURPLE=SPI; 16:9 high resolution. Title ""Teensy 4.0 + Potentiometer"". LEFT a Teensy 4.0 (3.3V logic). RIGHT a Potentiometer (Passive & Discrete). Connect EXACTLY these 3 wires and no others: VCC to 3.3V (RED); GND to GND (BLACK); Wiper to A0 (GREEN). Show these exact pin labels; do not invent or add any wire."
teensy__push-button.png,"Realistic Fritzing-style hardware wiring diagram, flat vector product-illustration look, soft light-grey studio background, slight top-down angle, one microcontroller board on the LEFT and one module on the RIGHT connected by coloured jumper wires with correctly-spelled pin labels on both sides; wire colours RED=power BLACK=GND BLUE=I2C-SDA YELLOW=I2C-SCL GREEN=analog ORANGE=digital CYAN=UART PURPLE=SPI; 16:9 high resolution. Title ""Teensy 4.0 + Push Button"". LEFT a Teensy 4.0 (3.3V logic). RIGHT a Push Button (Input / Output). Connect EXACTLY these 1 wires and no others: 4 legs to D2 (ORANGE). Show these exact pin labels; do not invent or add any wire."
teensy__keypad.png,"Realistic Fritzing-style hardware wiring diagram, flat vector product-illustration look, soft light-grey studio background, slight top-down angle, one microcontroller board on the LEFT and one module on the RIGHT connected by coloured jumper wires with correctly-spelled pin labels on both sides; wire colours RED=power BLACK=GND BLUE=I2C-SDA YELLOW=I2C-SCL GREEN=analog ORANGE=digital CYAN=UART PURPLE=SPI; 16:9 high resolution. Title ""Teensy 4.0 + Matrix Keypad 4×4"". LEFT a Teensy 4.0 (3.3V logic). RIGHT a Matrix Keypad 4×4 (Input / Output). Connect EXACTLY these 1 wires and no others: 8 pins to D2 (ORANGE). Show these exact pin labels; do not invent or add any wire."
teensy__joystick.png,"Realistic Fritzing-style hardware wiring diagram, flat vector product-illustration look, soft light-grey studio background, slight top-down angle, one microcontroller board on the LEFT and one module on the RIGHT connected by coloured jumper wires with correctly-spelled pin labels on both sides; wire colours RED=power BLACK=GND BLUE=I2C-SDA YELLOW=I2C-SCL GREEN=analog ORANGE=digital CYAN=UART PURPLE=SPI; 16:9 high resolution. Title ""Teensy 4.0 + Joystick Module"". LEFT a Teensy 4.0 (3.3V logic). RIGHT a Joystick Module (Input / Output). Connect EXACTLY these 5 wires and no others: VRx to D2 (ORANGE); VRy to D3 (ORANGE); SW to D4 (ORANGE); VCC to 3.3V (RED); GND to GND (BLACK). Show these exact pin labels; do not invent or add any wire."
teensy__rotary-encoder.png,"Realistic Fritzing-style hardware wiring diagram, flat vector product-illustration look, soft light-grey studio background, slight top-down angle, one microcontroller board on the LEFT and one module on the RIGHT connected by coloured jumper wires with correctly-spelled pin labels on both sides; wire colours RED=power BLACK=GND BLUE=I2C-SDA YELLOW=I2C-SCL GREEN=analog ORANGE=digital CYAN=UART PURPLE=SPI; 16:9 high resolution. Title ""Teensy 4.0 + Rotary Encoder"". LEFT a Teensy 4.0 (3.3V logic). RIGHT a Rotary Encoder (Input / Output). Connect EXACTLY these 5 wires and no others: CLK to D2 (ORANGE); DT to D3 (ORANGE); SW to D4 (ORANGE); VCC to 3.3V (RED); GND to GND (BLACK). Show these exact pin labels; do not invent or add any wire."
teensy__sd-module.png,"Realistic Fritzing-style hardware wiring diagram, flat vector product-illustration look, soft light-grey studio background, slight top-down angle, one microcontroller board on the LEFT and one module on the RIGHT connected by coloured jumper wires with correctly-spelled pin labels on both sides; wire colours RED=power BLACK=GND BLUE=I2C-SDA YELLOW=I2C-SCL GREEN=analog ORANGE=digital CYAN=UART PURPLE=SPI; 16:9 high resolution. Title ""Teensy 4.0 + MicroSD Module"". LEFT a Teensy 4.0 (3.3V logic). RIGHT a MicroSD Module (Input / Output). Connect EXACTLY these 6 wires and no others: SCK to pin13 (SCK) (PURPLE); MOSI to pin11 (MOSI) (PURPLE); MISO to pin12 (MISO) (PURPLE); CS to pin10 (CS) (PURPLE); VCC to 3.3V (RED); GND to GND (BLACK). Show these exact pin labels; do not invent or add any wire."
teensy__rtc.png,"Realistic Fritzing-style hardware wiring diagram, flat vector product-illustration look, soft light-grey studio background, slight top-down angle, one microcontroller board on the LEFT and one module on the RIGHT connected by coloured jumper wires with correctly-spelled pin labels on both sides; wire colours RED=power BLACK=GND BLUE=I2C-SDA YELLOW=I2C-SCL GREEN=analog ORANGE=digital CYAN=UART PURPLE=SPI; 16:9 high resolution. Title ""Teensy 4.0 + RTC (DS3231)"". LEFT a Teensy 4.0 (3.3V logic). RIGHT a RTC (DS3231) (Input / Output). Connect EXACTLY these 4 wires and no others: SDA to pin18 (SDA) (BLUE); SCL to pin19 (SCL) (YELLOW); VCC to 3.3V (RED); GND to GND (BLACK). Show these exact pin labels; do not invent or add any wire."
teensy__speaker.png,"Realistic Fritzing-style hardware wiring diagram, flat vector product-illustration look, soft light-grey studio background, slight top-down angle, one microcontroller board on the LEFT and one module on the RIGHT connected by coloured jumper wires with correctly-spelled pin labels on both sides; wire colours RED=power BLACK=GND BLUE=I2C-SDA YELLOW=I2C-SCL GREEN=analog ORANGE=digital CYAN=UART PURPLE=SPI; 16:9 high resolution. Title ""Teensy 4.0 + Speaker / DFPlayer"". LEFT a Teensy 4.0 (3.3V logic). RIGHT a Speaker / DFPlayer (Input / Output). Connect EXACTLY these 4 wires and no others: RX to pin1 (TX1) (CYAN); TX to pin0 (RX1) (CYAN); VCC to 3.3V (RED); GND to GND (BLACK). Show these exact pin labels; do not invent or add any wire."
teensy__imu-robot.png,"Realistic Fritzing-style hardware wiring diagram, flat vector product-illustration look, soft light-grey studio background, slight top-down angle, one microcontroller board on the LEFT and one module on the RIGHT connected by coloured jumper wires with correctly-spelled pin labels on both sides; wire colours RED=power BLACK=GND BLUE=I2C-SDA YELLOW=I2C-SCL GREEN=analog ORANGE=digital CYAN=UART PURPLE=SPI; 16:9 high resolution. Title ""Teensy 4.0 + IMU / Balance"". LEFT a Teensy 4.0 (3.3V logic). RIGHT an IMU / Balance (Robotics). Connect EXACTLY these 5 wires and no others: SDA to pin18 (SDA) (BLUE); SCL to pin19 (SCL) (YELLOW); INT to D2 (ORANGE); VCC to 3.3V (RED); GND to GND (BLACK). Show these exact pin labels; do not invent or add any wire."
teensy__lidar-robot.png,"Realistic Fritzing-style hardware wiring diagram, flat vector product-illustration look, soft light-grey studio background, slight top-down angle, one microcontroller board on the LEFT and one module on the RIGHT connected by coloured jumper wires with correctly-spelled pin labels on both sides; wire colours RED=power BLACK=GND BLUE=I2C-SDA YELLOW=I2C-SCL GREEN=analog ORANGE=digital CYAN=UART PURPLE=SPI; 16:9 high resolution. Title ""Teensy 4.0 + LiDAR Scanner"". LEFT a Teensy 4.0 (3.3V logic). RIGHT a LiDAR Scanner (Robotics). Connect EXACTLY these 4 wires and no others: TX to pin0 (RX1) (CYAN); RX to pin1 (TX1) (CYAN); VCC to 3.3V (RED); GND to GND (BLACK). Show these exact pin labels; do not invent or add any wire."
attiny85__dht11.png,"Realistic Fritzing-style hardware wiring diagram, flat vector product-illustration look, soft light-grey studio background, slight top-down angle, one microcontroller board on the LEFT and one module on the RIGHT connected by coloured jumper wires with correctly-spelled pin labels on both sides; wire colours RED=power BLACK=GND BLUE=I2C-SDA YELLOW=I2C-SCL GREEN=analog ORANGE=digital CYAN=UART PURPLE=SPI; 16:9 high resolution. Title ""ATtiny85 (8-pin DIP) + DHT11 / DHT22"". LEFT an ATtiny85 (8-pin DIP) (5V logic). RIGHT a DHT11 / DHT22 (Sensors). Connect EXACTLY these 3 wires and no others: VCC to VCC (RED); DATA to PB0 (ORANGE); GND to GND (BLACK). Show these exact pin labels; do not invent or add any wire."
attiny85__ds18b20.png,"Realistic Fritzing-style hardware wiring diagram, flat vector product-illustration look, soft light-grey studio background, slight top-down angle, one microcontroller board on the LEFT and one module on the RIGHT connected by coloured jumper wires with correctly-spelled pin labels on both sides; wire colours RED=power BLACK=GND BLUE=I2C-SDA YELLOW=I2C-SCL GREEN=analog ORANGE=digital CYAN=UART PURPLE=SPI; 16:9 high resolution. Title ""ATtiny85 (8-pin DIP) + DS18B20"". LEFT an ATtiny85 (8-pin DIP) (5V logic). RIGHT a DS18B20 (Sensors). Connect EXACTLY these 3 wires and no others: VDD to VCC (RED); DQ to PB0 (ORANGE); GND to GND (BLACK). Show these exact pin labels; do not invent or add any wire."
attiny85__lm35.png,"Realistic Fritzing-style hardware wiring diagram, flat vector product-illustration look, soft light-grey studio background, slight top-down angle, one microcontroller board on the LEFT and one module on the RIGHT connected by coloured jumper wires with correctly-spelled pin labels on both sides; wire colours RED=power BLACK=GND BLUE=I2C-SDA YELLOW=I2C-SCL GREEN=analog ORANGE=digital CYAN=UART PURPLE=SPI; 16:9 high resolution. Title ""ATtiny85 (8-pin DIP) + LM35"". LEFT an ATtiny85 (8-pin DIP) (5V logic). RIGHT a LM35 (Sensors). Connect EXACTLY these 3 wires and no others: VCC to VCC (RED); OUT to PB3 (A3) (GREEN); GND to GND (BLACK). Show these exact pin labels; do not invent or add any wire."
attiny85__hc-sr04.png,"Realistic Fritzing-style hardware wiring diagram, flat vector product-illustration look, soft light-grey studio background, slight top-down angle, one microcontroller board on the LEFT and one module on the RIGHT connected by coloured jumper wires with correctly-spelled pin labels on both sides; wire colours RED=power BLACK=GND BLUE=I2C-SDA YELLOW=I2C-SCL GREEN=analog ORANGE=digital CYAN=UART PURPLE=SPI; 16:9 high resolution. Title ""ATtiny85 (8-pin DIP) + HC-SR04"". LEFT an ATtiny85 (8-pin DIP) (5V logic). RIGHT a HC-SR04 (Sensors). Connect EXACTLY these 4 wires and no others: VCC to VCC (RED); TRIG to PB0 (ORANGE); ECHO to PB1 (ORANGE); GND to GND (BLACK). Show these exact pin labels; do not invent or add any wire."
attiny85__pir.png,"Realistic Fritzing-style hardware wiring diagram, flat vector product-illustration look, soft light-grey studio background, slight top-down angle, one microcontroller board on the LEFT and one module on the RIGHT connected by coloured jumper wires with correctly-spelled pin labels on both sides; wire colours RED=power BLACK=GND BLUE=I2C-SDA YELLOW=I2C-SCL GREEN=analog ORANGE=digital CYAN=UART PURPLE=SPI; 16:9 high resolution. Title ""ATtiny85 (8-pin DIP) + PIR Motion (HC-SR501)"". LEFT an ATtiny85 (8-pin DIP) (5V logic). RIGHT a PIR Motion (HC-SR501) (Sensors). Connect EXACTLY these 3 wires and no others: VCC to VCC (RED); OUT to PB0 (ORANGE); GND to GND (BLACK). Show these exact pin labels; do not invent or add any wire."
attiny85__ldr.png,"Realistic Fritzing-style hardware wiring diagram, flat vector product-illustration look, soft light-grey studio background, slight top-down angle, one microcontroller board on the LEFT and one module on the RIGHT connected by coloured jumper wires with correctly-spelled pin labels on both sides; wire colours RED=power BLACK=GND BLUE=I2C-SDA YELLOW=I2C-SCL GREEN=analog ORANGE=digital CYAN=UART PURPLE=SPI; 16:9 high resolution. Title ""ATtiny85 (8-pin DIP) + LDR (Photoresistor)"". LEFT an ATtiny85 (8-pin DIP) (5V logic). RIGHT a LDR (Photoresistor) (Sensors). Connect EXACTLY these 3 wires and no others: VCC to VCC (RED); AO to PB3 (A3) (GREEN); GND to GND (BLACK). Show these exact pin labels; do not invent or add any wire."
attiny85__bh1750.png,"Realistic Fritzing-style hardware wiring diagram, flat vector product-illustration look, soft light-grey studio background, slight top-down angle, one microcontroller board on the LEFT and one module on the RIGHT connected by coloured jumper wires with correctly-spelled pin labels on both sides; wire colours RED=power BLACK=GND BLUE=I2C-SDA YELLOW=I2C-SCL GREEN=analog ORANGE=digital CYAN=UART PURPLE=SPI; 16:9 high resolution. Title ""ATtiny85 (8-pin DIP) + BH1750"". LEFT an ATtiny85 (8-pin DIP) (5V logic). RIGHT a BH1750 (Sensors). Connect EXACTLY these 5 wires and no others: VCC to VCC (RED); GND to GND (BLACK); SDA to PB0 (SDA) (BLUE); SCL to PB2 (SCL) (YELLOW); ADDR to PB0 (ORANGE). Show these exact pin labels; do not invent or add any wire."
attiny85__mq2.png,"Realistic Fritzing-style hardware wiring diagram, flat vector product-illustration look, soft light-grey studio background, slight top-down angle, one microcontroller board on the LEFT and one module on the RIGHT connected by coloured jumper wires with correctly-spelled pin labels on both sides; wire colours RED=power BLACK=GND BLUE=I2C-SDA YELLOW=I2C-SCL GREEN=analog ORANGE=digital CYAN=UART PURPLE=SPI; 16:9 high resolution. Title ""ATtiny85 (8-pin DIP) + MQ-2 Gas"". LEFT an ATtiny85 (8-pin DIP) (5V logic). RIGHT a MQ-2 Gas (Sensors). Connect EXACTLY these 4 wires and no others: VCC to VCC (RED); AO to PB3 (A3) (GREEN); DO to PB0 (ORANGE); GND to GND (BLACK). Show these exact pin labels; do not invent or add any wire."
attiny85__mq135.png,"Realistic Fritzing-style hardware wiring diagram, flat vector product-illustration look, soft light-grey studio background, slight top-down angle, one microcontroller board on the LEFT and one module on the RIGHT connected by coloured jumper wires with correctly-spelled pin labels on both sides; wire colours RED=power BLACK=GND BLUE=I2C-SDA YELLOW=I2C-SCL GREEN=analog ORANGE=digital CYAN=UART PURPLE=SPI; 16:9 high resolution. Title ""ATtiny85 (8-pin DIP) + MQ-135 Air Quality"". LEFT an ATtiny85 (8-pin DIP) (5V logic). RIGHT a MQ-135 Air Quality (Sensors). Connect EXACTLY these 4 wires and no others: VCC to VCC (RED); AO to PB3 (A3) (GREEN); DO to PB0 (ORANGE); GND to GND (BLACK). Show these exact pin labels; do not invent or add any wire."
attiny85__mq7.png,"Realistic Fritzing-style hardware wiring diagram, flat vector product-illustration look, soft light-grey studio background, slight top-down angle, one microcontroller board on the LEFT and one module on the RIGHT connected by coloured jumper wires with correctly-spelled pin labels on both sides; wire colours RED=power BLACK=GND BLUE=I2C-SDA YELLOW=I2C-SCL GREEN=analog ORANGE=digital CYAN=UART PURPLE=SPI; 16:9 high resolution. Title ""ATtiny85 (8-pin DIP) + MQ-7 CO"". LEFT an ATtiny85 (8-pin DIP) (5V logic). RIGHT a MQ-7 CO (Sensors). Connect EXACTLY these 4 wires and no others: VCC to VCC (RED); AO to PB3 (A3) (GREEN); DO to PB0 (ORANGE); GND to GND (BLACK). Show these exact pin labels; do not invent or add any wire."
attiny85__soil-moisture.png,"Realistic Fritzing-style hardware wiring diagram, flat vector product-illustration look, soft light-grey studio background, slight top-down angle, one microcontroller board on the LEFT and one module on the RIGHT connected by coloured jumper wires with correctly-spelled pin labels on both sides; wire colours RED=power BLACK=GND BLUE=I2C-SDA YELLOW=I2C-SCL GREEN=analog ORANGE=digital CYAN=UART PURPLE=SPI; 16:9 high resolution. Title ""ATtiny85 (8-pin DIP) + Soil Moisture"". LEFT an ATtiny85 (8-pin DIP) (5V logic). RIGHT a Soil Moisture (Sensors). Connect EXACTLY these 4 wires and no others: VCC to VCC (RED); AO to PB3 (A3) (GREEN); DO to PB0 (ORANGE); GND to GND (BLACK). Show these exact pin labels; do not invent or add any wire."
attiny85__rain-sensor.png,"Realistic Fritzing-style hardware wiring diagram, flat vector product-illustration look, soft light-grey studio background, slight top-down angle, one microcontroller board on the LEFT and one module on the RIGHT connected by coloured jumper wires with correctly-spelled pin labels on both sides; wire colours RED=power BLACK=GND BLUE=I2C-SDA YELLOW=I2C-SCL GREEN=analog ORANGE=digital CYAN=UART PURPLE=SPI; 16:9 high resolution. Title ""ATtiny85 (8-pin DIP) + Rain Sensor"". LEFT an ATtiny85 (8-pin DIP) (5V logic). RIGHT a Rain Sensor (Sensors). Connect EXACTLY these 4 wires and no others: VCC to VCC (RED); AO to PB3 (A3) (GREEN); DO to PB0 (ORANGE); GND to GND (BLACK). Show these exact pin labels; do not invent or add any wire."
attiny85__water-level.png,"Realistic Fritzing-style hardware wiring diagram, flat vector product-illustration look, soft light-grey studio background, slight top-down angle, one microcontroller board on the LEFT and one module on the RIGHT connected by coloured jumper wires with correctly-spelled pin labels on both sides; wire colours RED=power BLACK=GND BLUE=I2C-SDA YELLOW=I2C-SCL GREEN=analog ORANGE=digital CYAN=UART PURPLE=SPI; 16:9 high resolution. Title ""ATtiny85 (8-pin DIP) + Water Level Sensor"". LEFT an ATtiny85 (8-pin DIP) (5V logic). RIGHT a Water Level Sensor (Sensors). Connect EXACTLY these 3 wires and no others: + to VCC (RED); S to PB3 (A3) (GREEN); - to GND (BLACK). Show these exact pin labels; do not invent or add any wire."
attiny85__flow-sensor.png,"Realistic Fritzing-style hardware wiring diagram, flat vector product-illustration look, soft light-grey studio background, slight top-down angle, one microcontroller board on the LEFT and one module on the RIGHT connected by coloured jumper wires with correctly-spelled pin labels on both sides; wire colours RED=power BLACK=GND BLUE=I2C-SDA YELLOW=I2C-SCL GREEN=analog ORANGE=digital CYAN=UART PURPLE=SPI; 16:9 high resolution. Title ""ATtiny85 (8-pin DIP) + Water Flow (YF-S201)"". LEFT an ATtiny85 (8-pin DIP) (5V logic). RIGHT a Water Flow (YF-S201) (Sensors). Connect EXACTLY these 3 wires and no others: VCC to VCC (RED); SIGNAL to PB0 (ORANGE); GND to GND (BLACK). Show these exact pin labels; do not invent or add any wire."
attiny85__flame-sensor.png,"Realistic Fritzing-style hardware wiring diagram, flat vector product-illustration look, soft light-grey studio background, slight top-down angle, one microcontroller board on the LEFT and one module on the RIGHT connected by coloured jumper wires with correctly-spelled pin labels on both sides; wire colours RED=power BLACK=GND BLUE=I2C-SDA YELLOW=I2C-SCL GREEN=analog ORANGE=digital CYAN=UART PURPLE=SPI; 16:9 high resolution. Title ""ATtiny85 (8-pin DIP) + Flame Sensor"". LEFT an ATtiny85 (8-pin DIP) (5V logic). RIGHT a Flame Sensor (Sensors). Connect EXACTLY these 4 wires and no others: VCC to VCC (RED); AO to PB3 (A3) (GREEN); DO to PB0 (ORANGE); GND to GND (BLACK). Show these exact pin labels; do not invent or add any wire."
attiny85__mpu6050.png,"Realistic Fritzing-style hardware wiring diagram, flat vector product-illustration look, soft light-grey studio background, slight top-down angle, one microcontroller board on the LEFT and one module on the RIGHT connected by coloured jumper wires with correctly-spelled pin labels on both sides; wire colours RED=power BLACK=GND BLUE=I2C-SDA YELLOW=I2C-SCL GREEN=analog ORANGE=digital CYAN=UART PURPLE=SPI; 16:9 high resolution. Title ""ATtiny85 (8-pin DIP) + MPU-6050 IMU"". LEFT an ATtiny85 (8-pin DIP) (5V logic). RIGHT a MPU-6050 IMU (Sensors). Connect EXACTLY these 5 wires and no others: VCC to VCC (RED); SDA to PB0 (SDA) (BLUE); SCL to PB2 (SCL) (YELLOW); INT to PB0 (ORANGE); GND to GND (BLACK). Show these exact pin labels; do not invent or add any wire."
attiny85__hmc5883l.png,"Realistic Fritzing-style hardware wiring diagram, flat vector product-illustration look, soft light-grey studio background, slight top-down angle, one microcontroller board on the LEFT and one module on the RIGHT connected by coloured jumper wires with correctly-spelled pin labels on both sides; wire colours RED=power BLACK=GND BLUE=I2C-SDA YELLOW=I2C-SCL GREEN=analog ORANGE=digital CYAN=UART PURPLE=SPI; 16:9 high resolution. Title ""ATtiny85 (8-pin DIP) + HMC5883L"". LEFT an ATtiny85 (8-pin DIP) (5V logic). RIGHT a HMC5883L (Sensors). Connect EXACTLY these 5 wires and no others: VCC to VCC (RED); SDA to PB0 (SDA) (BLUE); SCL to PB2 (SCL) (YELLOW); DRDY to PB0 (ORANGE); GND to GND (BLACK). Show these exact pin labels; do not invent or add any wire."
attiny85__bmp280.png,"Realistic Fritzing-style hardware wiring diagram, flat vector product-illustration look, soft light-grey studio background, slight top-down angle, one microcontroller board on the LEFT and one module on the RIGHT connected by coloured jumper wires with correctly-spelled pin labels on both sides; wire colours RED=power BLACK=GND BLUE=I2C-SDA YELLOW=I2C-SCL GREEN=analog ORANGE=digital CYAN=UART PURPLE=SPI; 16:9 high resolution. Title ""ATtiny85 (8-pin DIP) + BMP280 / BME280"". LEFT an ATtiny85 (8-pin DIP) (5V logic). RIGHT a BMP280 / BME280 (Sensors). Connect EXACTLY these 4 wires and no others: VCC to VCC (RED); SDA to PB0 (SDA) (BLUE); SCL to PB2 (SCL) (YELLOW); GND to GND (BLACK). Show these exact pin labels; do not invent or add any wire."
attiny85__load-cell.png,"Realistic Fritzing-style hardware wiring diagram, flat vector product-illustration look, soft light-grey studio background, slight top-down angle, one microcontroller board on the LEFT and one module on the RIGHT connected by coloured jumper wires with correctly-spelled pin labels on both sides; wire colours RED=power BLACK=GND BLUE=I2C-SDA YELLOW=I2C-SCL GREEN=analog ORANGE=digital CYAN=UART PURPLE=SPI; 16:9 high resolution. Title ""ATtiny85 (8-pin DIP) + Load Cell + HX711"". LEFT an ATtiny85 (8-pin DIP) (5V logic). RIGHT a Load Cell + HX711 (Sensors). Connect EXACTLY these 4 wires and no others: DT to PB0 (ORANGE); CLK to PB1 (ORANGE); VCC to VCC (RED); GND to GND (BLACK). Show these exact pin labels; do not invent or add any wire."
attiny85__ir-sensor.png,"Realistic Fritzing-style hardware wiring diagram, flat vector product-illustration look, soft light-grey studio background, slight top-down angle, one microcontroller board on the LEFT and one module on the RIGHT connected by coloured jumper wires with correctly-spelled pin labels on both sides; wire colours RED=power BLACK=GND BLUE=I2C-SDA YELLOW=I2C-SCL GREEN=analog ORANGE=digital CYAN=UART PURPLE=SPI; 16:9 high resolution. Title ""ATtiny85 (8-pin DIP) + IR Obstacle Sensor"". LEFT an ATtiny85 (8-pin DIP) (5V logic). RIGHT an IR Obstacle Sensor (Sensors). Connect EXACTLY these 3 wires and no others: VCC to VCC (RED); OUT to PB0 (ORANGE); GND to GND (BLACK). Show these exact pin labels; do not invent or add any wire."
attiny85__color-sensor.png,"Realistic Fritzing-style hardware wiring diagram, flat vector product-illustration look, soft light-grey studio background, slight top-down angle, one microcontroller board on the LEFT and one module on the RIGHT connected by coloured jumper wires with correctly-spelled pin labels on both sides; wire colours RED=power BLACK=GND BLUE=I2C-SDA YELLOW=I2C-SCL GREEN=analog ORANGE=digital CYAN=UART PURPLE=SPI; 16:9 high resolution. Title ""ATtiny85 (8-pin DIP) + TCS3200 Color"". LEFT an ATtiny85 (8-pin DIP) (5V logic). RIGHT a TCS3200 Color (Sensors). Connect EXACTLY these 4 wires and no others: VCC to VCC (RED); GND to GND (BLACK); S0–S3 to PB0 (ORANGE); OUT to PB1 (ORANGE). Show these exact pin labels; do not invent or add any wire."
attiny85__heart-rate.png,"Realistic Fritzing-style hardware wiring diagram, flat vector product-illustration look, soft light-grey studio background, slight top-down angle, one microcontroller board on the LEFT and one module on the RIGHT connected by coloured jumper wires with correctly-spelled pin labels on both sides; wire colours RED=power BLACK=GND BLUE=I2C-SDA YELLOW=I2C-SCL GREEN=analog ORANGE=digital CYAN=UART PURPLE=SPI; 16:9 high resolution. Title ""ATtiny85 (8-pin DIP) + MAX30100 Pulse"". LEFT an ATtiny85 (8-pin DIP) (5V logic). RIGHT a MAX30100 Pulse (Sensors). Connect EXACTLY these 5 wires and no others: VIN to VCC (RED); SDA to PB0 (SDA) (BLUE); SCL to PB2 (SCL) (YELLOW); INT to PB0 (ORANGE); GND to GND (BLACK). Show these exact pin labels; do not invent or add any wire."
attiny85__ph-sensor.png,"Realistic Fritzing-style hardware wiring diagram, flat vector product-illustration look, soft light-grey studio background, slight top-down angle, one microcontroller board on the LEFT and one module on the RIGHT connected by coloured jumper wires with correctly-spelled pin labels on both sides; wire colours RED=power BLACK=GND BLUE=I2C-SDA YELLOW=I2C-SCL GREEN=analog ORANGE=digital CYAN=UART PURPLE=SPI; 16:9 high resolution. Title ""ATtiny85 (8-pin DIP) + pH Sensor"". LEFT an ATtiny85 (8-pin DIP) (5V logic). RIGHT a pH Sensor (Sensors). Connect EXACTLY these 3 wires and no others: VCC to VCC (RED); GND to GND (BLACK); PO to PB3 (A3) (GREEN). Show these exact pin labels; do not invent or add any wire."
attiny85__current-sensor.png,"Realistic Fritzing-style hardware wiring diagram, flat vector product-illustration look, soft light-grey studio background, slight top-down angle, one microcontroller board on the LEFT and one module on the RIGHT connected by coloured jumper wires with correctly-spelled pin labels on both sides; wire colours RED=power BLACK=GND BLUE=I2C-SDA YELLOW=I2C-SCL GREEN=analog ORANGE=digital CYAN=UART PURPLE=SPI; 16:9 high resolution. Title ""ATtiny85 (8-pin DIP) + ACS712 Current"". LEFT an ATtiny85 (8-pin DIP) (5V logic). RIGHT an ACS712 Current (Sensors). Connect EXACTLY these 5 wires and no others: VCC to VCC (RED); GND to GND (BLACK); OUT to PB3 (A3) (GREEN); IP+ to PB0 (ORANGE); IP- to PB1 (ORANGE). Show these exact pin labels; do not invent or add any wire."
attiny85__voltage-sensor.png,"Realistic Fritzing-style hardware wiring diagram, flat vector product-illustration look, soft light-grey studio background, slight top-down angle, one microcontroller board on the LEFT and one module on the RIGHT connected by coloured jumper wires with correctly-spelled pin labels on both sides; wire colours RED=power BLACK=GND BLUE=I2C-SDA YELLOW=I2C-SCL GREEN=analog ORANGE=digital CYAN=UART PURPLE=SPI; 16:9 high resolution. Title ""ATtiny85 (8-pin DIP) + Voltage Sensor"". LEFT an ATtiny85 (8-pin DIP) (5V logic). RIGHT a Voltage Sensor (Sensors). Connect EXACTLY these 2 wires and no others: S to PB3 (A3) (GREEN); - to GND (BLACK). Show these exact pin labels; do not invent or add any wire."
attiny85__ir-flame-array.png,"Realistic Fritzing-style hardware wiring diagram, flat vector product-illustration look, soft light-grey studio background, slight top-down angle, one microcontroller board on the LEFT and one module on the RIGHT connected by coloured jumper wires with correctly-spelled pin labels on both sides; wire colours RED=power BLACK=GND BLUE=I2C-SDA YELLOW=I2C-SCL GREEN=analog ORANGE=digital CYAN=UART PURPLE=SPI; 16:9 high resolution. Title ""ATtiny85 (8-pin DIP) + Vibration (SW-420)"". LEFT an ATtiny85 (8-pin DIP) (5V logic). RIGHT a Vibration (SW-420) (Sensors). Connect EXACTLY these 3 wires and no others: VCC to VCC (RED); GND to GND (BLACK); DO to PB0 (ORANGE). Show these exact pin labels; do not invent or add any wire."
attiny85__lidar-sensor.png,"Realistic Fritzing-style hardware wiring diagram, flat vector product-illustration look, soft light-grey studio background, slight top-down angle, one microcontroller board on the LEFT and one module on the RIGHT connected by coloured jumper wires with correctly-spelled pin labels on both sides; wire colours RED=power BLACK=GND BLUE=I2C-SDA YELLOW=I2C-SCL GREEN=analog ORANGE=digital CYAN=UART PURPLE=SPI; 16:9 high resolution. Title ""ATtiny85 (8-pin DIP) + LiDAR (TF-Luna)"". LEFT an ATtiny85 (8-pin DIP) (5V logic). RIGHT a LiDAR (TF-Luna) (Sensors). Connect EXACTLY these 4 wires and no others: VCC to VCC (RED); RXD to PB0 (ORANGE); TXD to PB1 (ORANGE); GND to GND (BLACK). Show these exact pin labels; do not invent or add any wire."
attiny85__servo.png,"Realistic Fritzing-style hardware wiring diagram, flat vector product-illustration look, soft light-grey studio background, slight top-down angle, one microcontroller board on the LEFT and one module on the RIGHT connected by coloured jumper wires with correctly-spelled pin labels on both sides; wire colours RED=power BLACK=GND BLUE=I2C-SDA YELLOW=I2C-SCL GREEN=analog ORANGE=digital CYAN=UART PURPLE=SPI; 16:9 high resolution. Title ""ATtiny85 (8-pin DIP) + Servo (SG90/MG996)"". LEFT an ATtiny85 (8-pin DIP) (5V logic). RIGHT a Servo (SG90/MG996) (Actuators & Motors). Connect EXACTLY these 3 wires and no others: Signal to PB0 (ORANGE); VCC to VCC (RED); GND to GND (BLACK). Show these exact pin labels; do not invent or add any wire."
attiny85__stepper.png,"Realistic Fritzing-style hardware wiring diagram, flat vector product-illustration look, soft light-grey studio background, slight top-down angle, one microcontroller board on the LEFT and one module on the RIGHT connected by coloured jumper wires with correctly-spelled pin labels on both sides; wire colours RED=power BLACK=GND BLUE=I2C-SDA YELLOW=I2C-SCL GREEN=analog ORANGE=digital CYAN=UART PURPLE=SPI; 16:9 high resolution. Title ""ATtiny85 (8-pin DIP) + Stepper (28BYJ-48)"". LEFT an ATtiny85 (8-pin DIP) (5V logic). RIGHT a Stepper (28BYJ-48) (Actuators & Motors). Connect EXACTLY these 3 wires and no others: IN1–IN4 to PB0 (ORANGE); VCC to VCC (RED); GND to GND (BLACK). Show these exact pin labels; do not invent or add any wire."
attiny85__l298n.png,"Realistic Fritzing-style hardware wiring diagram, flat vector product-illustration look, soft light-grey studio background, slight top-down angle, one microcontroller board on the LEFT and one module on the RIGHT connected by coloured jumper wires with correctly-spelled pin labels on both sides; wire colours RED=power BLACK=GND BLUE=I2C-SDA YELLOW=I2C-SCL GREEN=analog ORANGE=digital CYAN=UART PURPLE=SPI; 16:9 high resolution. Title ""ATtiny85 (8-pin DIP) + L298N Driver"". LEFT an ATtiny85 (8-pin DIP) (5V logic). RIGHT a L298N Driver (Actuators & Motors). Connect EXACTLY these 5 wires and no others: IN1–IN4 to PB0 (ORANGE); ENA to PB1 (ORANGE); ENB to PB3 (ORANGE); 5V to VCC (RED); GND to GND (BLACK). Show these exact pin labels; do not invent or add any wire."
attiny85__l293d.png,"Realistic Fritzing-style hardware wiring diagram, flat vector product-illustration look, soft light-grey studio background, slight top-down angle, one microcontroller board on the LEFT and one module on the RIGHT connected by coloured jumper wires with correctly-spelled pin labels on both sides; wire colours RED=power BLACK=GND BLUE=I2C-SDA YELLOW=I2C-SCL GREEN=analog ORANGE=digital CYAN=UART PURPLE=SPI; 16:9 high resolution. Title ""ATtiny85 (8-pin DIP) + L293D Driver"". LEFT an ATtiny85 (8-pin DIP) (5V logic). RIGHT a L293D Driver (Actuators & Motors). Connect EXACTLY these 5 wires and no others: IN1–IN4 to PB0 (ORANGE); EN1 to PB1 (ORANGE); EN2 to PB3 (ORANGE); Vcc1 to VCC (RED); GND to GND (BLACK). Show these exact pin labels; do not invent or add any wire."
attiny85__a4988.png,"Realistic Fritzing-style hardware wiring diagram, flat vector product-illustration look, soft light-grey studio background, slight top-down angle, one microcontroller board on the LEFT and one module on the RIGHT connected by coloured jumper wires with correctly-spelled pin labels on both sides; wire colours RED=power BLACK=GND BLUE=I2C-SDA YELLOW=I2C-SCL GREEN=analog ORANGE=digital CYAN=UART PURPLE=SPI; 16:9 high resolution. Title ""ATtiny85 (8-pin DIP) + A4988 Driver"". LEFT an ATtiny85 (8-pin DIP) (5V logic). RIGHT an A4988 Driver (Actuators & Motors). Connect EXACTLY these 5 wires and no others: STEP to PB0 (ORANGE); DIR to PB1 (ORANGE); VDD to VCC (RED); GND to GND (BLACK); MS1 to PB3 (ORANGE). Show these exact pin labels; do not invent or add any wire."
attiny85__relay-module.png,"Realistic Fritzing-style hardware wiring diagram, flat vector product-illustration look, soft light-grey studio background, slight top-down angle, one microcontroller board on the LEFT and one module on the RIGHT connected by coloured jumper wires with correctly-spelled pin labels on both sides; wire colours RED=power BLACK=GND BLUE=I2C-SDA YELLOW=I2C-SCL GREEN=analog ORANGE=digital CYAN=UART PURPLE=SPI; 16:9 high resolution. Title ""ATtiny85 (8-pin DIP) + Relay Module"". LEFT an ATtiny85 (8-pin DIP) (5V logic). RIGHT a Relay Module (Actuators & Motors). Connect EXACTLY these 6 wires and no others: IN to PB0 (ORANGE); VCC to VCC (RED); GND to GND (BLACK); COM to PB1 (ORANGE); NO to PB3 (ORANGE); NC to PB4 (ORANGE). Show these exact pin labels; do not invent or add any wire."
attiny85__water-pump.png,"Realistic Fritzing-style hardware wiring diagram, flat vector product-illustration look, soft light-grey studio background, slight top-down angle, one microcontroller board on the LEFT and one module on the RIGHT connected by coloured jumper wires with correctly-spelled pin labels on both sides; wire colours RED=power BLACK=GND BLUE=I2C-SDA YELLOW=I2C-SCL GREEN=analog ORANGE=digital CYAN=UART PURPLE=SPI; 16:9 high resolution. Title ""ATtiny85 (8-pin DIP) + Water Pump"". LEFT an ATtiny85 (8-pin DIP) (5V logic). RIGHT a Water Pump (Actuators & Motors). Connect EXACTLY these 2 wires and no others: + to VCC (RED); - to GND (BLACK). Show these exact pin labels; do not invent or add any wire."
attiny85__servo-continuous.png,"Realistic Fritzing-style hardware wiring diagram, flat vector product-illustration look, soft light-grey studio background, slight top-down angle, one microcontroller board on the LEFT and one module on the RIGHT connected by coloured jumper wires with correctly-spelled pin labels on both sides; wire colours RED=power BLACK=GND BLUE=I2C-SDA YELLOW=I2C-SCL GREEN=analog ORANGE=digital CYAN=UART PURPLE=SPI; 16:9 high resolution. Title ""ATtiny85 (8-pin DIP) + Continuous Servo"". LEFT an ATtiny85 (8-pin DIP) (5V logic). RIGHT a Continuous Servo (Actuators & Motors). Connect EXACTLY these 3 wires and no others: Signal to PB0 (ORANGE); VCC to VCC (RED); GND to GND (BLACK). Show these exact pin labels; do not invent or add any wire."
attiny85__buzzer.png,"Realistic Fritzing-style hardware wiring diagram, flat vector product-illustration look, soft light-grey studio background, slight top-down angle, one microcontroller board on the LEFT and one module on the RIGHT connected by coloured jumper wires with correctly-spelled pin labels on both sides; wire colours RED=power BLACK=GND BLUE=I2C-SDA YELLOW=I2C-SCL GREEN=analog ORANGE=digital CYAN=UART PURPLE=SPI; 16:9 high resolution. Title ""ATtiny85 (8-pin DIP) + Buzzer"". LEFT an ATtiny85 (8-pin DIP) (5V logic). RIGHT a Buzzer (Actuators & Motors). Connect EXACTLY these 2 wires and no others: + to VCC (RED); - to GND (BLACK). Show these exact pin labels; do not invent or add any wire."
attiny85__lcd1602.png,"Realistic Fritzing-style hardware wiring diagram, flat vector product-illustration look, soft light-grey studio background, slight top-down angle, one microcontroller board on the LEFT and one module on the RIGHT connected by coloured jumper wires with correctly-spelled pin labels on both sides; wire colours RED=power BLACK=GND BLUE=I2C-SDA YELLOW=I2C-SCL GREEN=analog ORANGE=digital CYAN=UART PURPLE=SPI; 16:9 high resolution. Title ""ATtiny85 (8-pin DIP) + LCD 16×2"". LEFT an ATtiny85 (8-pin DIP) (5V logic). RIGHT a LCD 16×2 (Displays). Connect EXACTLY these 4 wires and no others: SDA to PB0 (SDA) (BLUE); SCL to PB2 (SCL) (YELLOW); VCC to VCC (RED); GND to GND (BLACK). Show these exact pin labels; do not invent or add any wire."
attiny85__lcd2004.png,"Realistic Fritzing-style hardware wiring diagram, flat vector product-illustration look, soft light-grey studio background, slight top-down angle, one microcontroller board on the LEFT and one module on the RIGHT connected by coloured jumper wires with correctly-spelled pin labels on both sides; wire colours RED=power BLACK=GND BLUE=I2C-SDA YELLOW=I2C-SCL GREEN=analog ORANGE=digital CYAN=UART PURPLE=SPI; 16:9 high resolution. Title ""ATtiny85 (8-pin DIP) + LCD 20×4"". LEFT an ATtiny85 (8-pin DIP) (5V logic). RIGHT a LCD 20×4 (Displays). Connect EXACTLY these 4 wires and no others: SDA to PB0 (SDA) (BLUE); SCL to PB2 (SCL) (YELLOW); VCC to VCC (RED); GND to GND (BLACK). Show these exact pin labels; do not invent or add any wire."
attiny85__oled.png,"Realistic Fritzing-style hardware wiring diagram, flat vector product-illustration look, soft light-grey studio background, slight top-down angle, one microcontroller board on the LEFT and one module on the RIGHT connected by coloured jumper wires with correctly-spelled pin labels on both sides; wire colours RED=power BLACK=GND BLUE=I2C-SDA YELLOW=I2C-SCL GREEN=analog ORANGE=digital CYAN=UART PURPLE=SPI; 16:9 high resolution. Title ""ATtiny85 (8-pin DIP) + OLED 0.96"" (SSD1306)"". LEFT an ATtiny85 (8-pin DIP) (5V logic). RIGHT an OLED 0.96"" (SSD1306) (Displays). Connect EXACTLY these 4 wires and no others: SDA to PB0 (SDA) (BLUE); SCL to PB2 (SCL) (YELLOW); VCC to VCC (RED); GND to GND (BLACK). Show these exact pin labels; do not invent or add any wire."
attiny85__tft.png,"Realistic Fritzing-style hardware wiring diagram, flat vector product-illustration look, soft light-grey studio background, slight top-down angle, one microcontroller board on the LEFT and one module on the RIGHT connected by coloured jumper wires with correctly-spelled pin labels on both sides; wire colours RED=power BLACK=GND BLUE=I2C-SDA YELLOW=I2C-SCL GREEN=analog ORANGE=digital CYAN=UART PURPLE=SPI; 16:9 high resolution. Title ""ATtiny85 (8-pin DIP) + TFT Touch Display"". LEFT an ATtiny85 (8-pin DIP) (5V logic). RIGHT a TFT Touch Display (Displays). Connect EXACTLY these 9 wires and no others: SCK to PB2 (SCK) (PURPLE); MOSI to PB0 (DO) (PURPLE); MISO to PB1 (DI) (PURPLE); CS to PB3 (PURPLE); DC to PB0 (ORANGE); T_CS to PB1 (ORANGE); T_IRQ to PB4 (ORANGE); VCC to VCC (RED); GND to GND (BLACK). Show these exact pin labels; do not invent or add any wire."
attiny85__seven-seg.png,"Realistic Fritzing-style hardware wiring diagram, flat vector product-illustration look, soft light-grey studio background, slight top-down angle, one microcontroller board on the LEFT and one module on the RIGHT connected by coloured jumper wires with correctly-spelled pin labels on both sides; wire colours RED=power BLACK=GND BLUE=I2C-SDA YELLOW=I2C-SCL GREEN=analog ORANGE=digital CYAN=UART PURPLE=SPI; 16:9 high resolution. Title ""ATtiny85 (8-pin DIP) + 7-Segment Display"". LEFT an ATtiny85 (8-pin DIP) (5V logic). RIGHT a 7-Segment Display (Displays). Connect EXACTLY these 3 wires and no others: a–g to PB0 (ORANGE); dp to PB1 (ORANGE); GND to GND (BLACK). Show these exact pin labels; do not invent or add any wire."
attiny85__led-matrix.png,"Realistic Fritzing-style hardware wiring diagram, flat vector product-illustration look, soft light-grey studio background, slight top-down angle, one microcontroller board on the LEFT and one module on the RIGHT connected by coloured jumper wires with correctly-spelled pin labels on both sides; wire colours RED=power BLACK=GND BLUE=I2C-SDA YELLOW=I2C-SCL GREEN=analog ORANGE=digital CYAN=UART PURPLE=SPI; 16:9 high resolution. Title ""ATtiny85 (8-pin DIP) + LED Matrix (MAX7219)"". LEFT an ATtiny85 (8-pin DIP) (5V logic). RIGHT a LED Matrix (MAX7219) (Displays). Connect EXACTLY these 5 wires and no others: DIN to PB0 (DO) (PURPLE); CS to PB3 (PURPLE); CLK to PB0 (ORANGE); VCC to VCC (RED); GND to GND (BLACK). Show these exact pin labels; do not invent or add any wire."
attiny85__neopixel.png,"Realistic Fritzing-style hardware wiring diagram, flat vector product-illustration look, soft light-grey studio background, slight top-down angle, one microcontroller board on the LEFT and one module on the RIGHT connected by coloured jumper wires with correctly-spelled pin labels on both sides; wire colours RED=power BLACK=GND BLUE=I2C-SDA YELLOW=I2C-SCL GREEN=analog ORANGE=digital CYAN=UART PURPLE=SPI; 16:9 high resolution. Title ""ATtiny85 (8-pin DIP) + NeoPixel (WS2812)"". LEFT an ATtiny85 (8-pin DIP) (5V logic). RIGHT a NeoPixel (WS2812) (Displays). Connect EXACTLY these 3 wires and no others: DIN to PB0 (DO) (PURPLE); 5V to VCC (RED); GND to GND (BLACK). Show these exact pin labels; do not invent or add any wire."
attiny85__epaper.png,"Realistic Fritzing-style hardware wiring diagram, flat vector product-illustration look, soft light-grey studio background, slight top-down angle, one microcontroller board on the LEFT and one module on the RIGHT connected by coloured jumper wires with correctly-spelled pin labels on both sides; wire colours RED=power BLACK=GND BLUE=I2C-SDA YELLOW=I2C-SCL GREEN=analog ORANGE=digital CYAN=UART PURPLE=SPI; 16:9 high resolution. Title ""ATtiny85 (8-pin DIP) + E-Paper Display"". LEFT an ATtiny85 (8-pin DIP) (5V logic). RIGHT an E-Paper Display (Displays). Connect EXACTLY these 8 wires and no others: SCK to PB2 (SCK) (PURPLE); MOSI to PB0 (DO) (PURPLE); CS to PB3 (PURPLE); DC to PB0 (ORANGE); BUSY to PB1 (ORANGE); RST to PB4 (ORANGE); VCC to VCC (RED); GND to GND (BLACK). Show these exact pin labels; do not invent or add any wire."
attiny85__hc05.png,"Realistic Fritzing-style hardware wiring diagram, flat vector product-illustration look, soft light-grey studio background, slight top-down angle, one microcontroller board on the LEFT and one module on the RIGHT connected by coloured jumper wires with correctly-spelled pin labels on both sides; wire colours RED=power BLACK=GND BLUE=I2C-SDA YELLOW=I2C-SCL GREEN=analog ORANGE=digital CYAN=UART PURPLE=SPI; 16:9 high resolution. Title ""ATtiny85 (8-pin DIP) + HC-05 Bluetooth"". LEFT an ATtiny85 (8-pin DIP) (5V logic). RIGHT a HC-05 Bluetooth (Connectivity). Connect EXACTLY these 6 wires and no others: RXD to PB0 (ORANGE); TXD to PB1 (ORANGE); VCC to VCC (RED); GND to GND (BLACK); EN to PB3 (ORANGE); KEY to PB4 (ORANGE). Show these exact pin labels; do not invent or add any wire."
attiny85__ble.png,"Realistic Fritzing-style hardware wiring diagram, flat vector product-illustration look, soft light-grey studio background, slight top-down angle, one microcontroller board on the LEFT and one module on the RIGHT connected by coloured jumper wires with correctly-spelled pin labels on both sides; wire colours RED=power BLACK=GND BLUE=I2C-SDA YELLOW=I2C-SCL GREEN=analog ORANGE=digital CYAN=UART PURPLE=SPI; 16:9 high resolution. Title ""ATtiny85 (8-pin DIP) + BLE Module"". LEFT an ATtiny85 (8-pin DIP) (5V logic). RIGHT a BLE Module (Connectivity). Connect EXACTLY these 4 wires and no others: RXD to PB0 (ORANGE); TXD to PB1 (ORANGE); VCC to VCC (RED); GND to GND (BLACK). Show these exact pin labels; do not invent or add any wire."
attiny85__nrf24.png,"Realistic Fritzing-style hardware wiring diagram, flat vector product-illustration look, soft light-grey studio background, slight top-down angle, one microcontroller board on the LEFT and one module on the RIGHT connected by coloured jumper wires with correctly-spelled pin labels on both sides; wire colours RED=power BLACK=GND BLUE=I2C-SDA YELLOW=I2C-SCL GREEN=analog ORANGE=digital CYAN=UART PURPLE=SPI; 16:9 high resolution. Title ""ATtiny85 (8-pin DIP) + nRF24L01"". LEFT an ATtiny85 (8-pin DIP) (5V logic). RIGHT a nRF24L01 (Connectivity). Connect EXACTLY these 7 wires and no others: SCK to PB2 (SCK) (PURPLE); MOSI to PB0 (DO) (PURPLE); MISO to PB1 (DI) (PURPLE); CSN to PB0 (ORANGE); CE to PB3 (PURPLE); VCC to VCC (RED); GND to GND (BLACK). Show these exact pin labels; do not invent or add any wire."
attiny85__lora.png,"Realistic Fritzing-style hardware wiring diagram, flat vector product-illustration look, soft light-grey studio background, slight top-down angle, one microcontroller board on the LEFT and one module on the RIGHT connected by coloured jumper wires with correctly-spelled pin labels on both sides; wire colours RED=power BLACK=GND BLUE=I2C-SDA YELLOW=I2C-SCL GREEN=analog ORANGE=digital CYAN=UART PURPLE=SPI; 16:9 high resolution. Title ""ATtiny85 (8-pin DIP) + LoRa Module"". LEFT an ATtiny85 (8-pin DIP) (5V logic). RIGHT a LoRa Module (Connectivity). Connect EXACTLY these 8 wires and no others: SCK to PB2 (SCK) (PURPLE); MOSI to PB0 (DO) (PURPLE); MISO to PB1 (DI) (PURPLE); NSS to PB3 (PURPLE); DIO0 to PB0 (ORANGE); RST to PB1 (ORANGE); VCC to VCC (RED); GND to GND (BLACK). Show these exact pin labels; do not invent or add any wire."
attiny85__sim800.png,"Realistic Fritzing-style hardware wiring diagram, flat vector product-illustration look, soft light-grey studio background, slight top-down angle, one microcontroller board on the LEFT and one module on the RIGHT connected by coloured jumper wires with correctly-spelled pin labels on both sides; wire colours RED=power BLACK=GND BLUE=I2C-SDA YELLOW=I2C-SCL GREEN=analog ORANGE=digital CYAN=UART PURPLE=SPI; 16:9 high resolution. Title ""ATtiny85 (8-pin DIP) + SIM800L GSM"". LEFT an ATtiny85 (8-pin DIP) (5V logic). RIGHT a SIM800L GSM (Connectivity). Connect EXACTLY these 4 wires and no others: RXD to PB0 (ORANGE); TXD to PB1 (ORANGE); VCC to VCC (RED); GND to GND (BLACK). Show these exact pin labels; do not invent or add any wire."
attiny85__sim900.png,"Realistic Fritzing-style hardware wiring diagram, flat vector product-illustration look, soft light-grey studio background, slight top-down angle, one microcontroller board on the LEFT and one module on the RIGHT connected by coloured jumper wires with correctly-spelled pin labels on both sides; wire colours RED=power BLACK=GND BLUE=I2C-SDA YELLOW=I2C-SCL GREEN=analog ORANGE=digital CYAN=UART PURPLE=SPI; 16:9 high resolution. Title ""ATtiny85 (8-pin DIP) + SIM900 GSM"". LEFT an ATtiny85 (8-pin DIP) (5V logic). RIGHT a SIM900 GSM (Connectivity). Connect EXACTLY these 4 wires and no others: RXD to PB0 (ORANGE); TXD to PB1 (ORANGE); VCC 5V to VCC (RED); GND to GND (BLACK). Show these exact pin labels; do not invent or add any wire."
attiny85__gps-neo6.png,"Realistic Fritzing-style hardware wiring diagram, flat vector product-illustration look, soft light-grey studio background, slight top-down angle, one microcontroller board on the LEFT and one module on the RIGHT connected by coloured jumper wires with correctly-spelled pin labels on both sides; wire colours RED=power BLACK=GND BLUE=I2C-SDA YELLOW=I2C-SCL GREEN=analog ORANGE=digital CYAN=UART PURPLE=SPI; 16:9 high resolution. Title ""ATtiny85 (8-pin DIP) + NEO-6M GPS"". LEFT an ATtiny85 (8-pin DIP) (5V logic). RIGHT a NEO-6M GPS (Connectivity). Connect EXACTLY these 4 wires and no others: RX to PB0 (CYAN); TX to PB1 (CYAN); VCC to VCC (RED); GND to GND (BLACK). Show these exact pin labels; do not invent or add any wire."
attiny85__rfid-rc522.png,"Realistic Fritzing-style hardware wiring diagram, flat vector product-illustration look, soft light-grey studio background, slight top-down angle, one microcontroller board on the LEFT and one module on the RIGHT connected by coloured jumper wires with correctly-spelled pin labels on both sides; wire colours RED=power BLACK=GND BLUE=I2C-SDA YELLOW=I2C-SCL GREEN=analog ORANGE=digital CYAN=UART PURPLE=SPI; 16:9 high resolution. Title ""ATtiny85 (8-pin DIP) + RFID RC522"". LEFT an ATtiny85 (8-pin DIP) (5V logic). RIGHT a RFID RC522 (Connectivity). Connect EXACTLY these 7 wires and no others: SCK to PB2 (SCK) (PURPLE); MOSI to PB0 (DO) (PURPLE); MISO to PB1 (DI) (PURPLE); SS to PB3 (PURPLE); RST to PB0 (ORANGE); VCC to VCC (RED); GND to GND (BLACK). Show these exact pin labels; do not invent or add any wire."
attiny85__fingerprint-mod.png,"Realistic Fritzing-style hardware wiring diagram, flat vector product-illustration look, soft light-grey studio background, slight top-down angle, one microcontroller board on the LEFT and one module on the RIGHT connected by coloured jumper wires with correctly-spelled pin labels on both sides; wire colours RED=power BLACK=GND BLUE=I2C-SDA YELLOW=I2C-SCL GREEN=analog ORANGE=digital CYAN=UART PURPLE=SPI; 16:9 high resolution. Title ""ATtiny85 (8-pin DIP) + Fingerprint (R307)"". LEFT an ATtiny85 (8-pin DIP) (5V logic). RIGHT a Fingerprint (R307) (Connectivity). Connect EXACTLY these 4 wires and no others: TX to PB0 (CYAN); RX to PB1 (CYAN); VCC to VCC (RED); GND to GND (BLACK). Show these exact pin labels; do not invent or add any wire."
attiny85__ethernet-mod.png,"Realistic Fritzing-style hardware wiring diagram, flat vector product-illustration look, soft light-grey studio background, slight top-down angle, one microcontroller board on the LEFT and one module on the RIGHT connected by coloured jumper wires with correctly-spelled pin labels on both sides; wire colours RED=power BLACK=GND BLUE=I2C-SDA YELLOW=I2C-SCL GREEN=analog ORANGE=digital CYAN=UART PURPLE=SPI; 16:9 high resolution. Title ""ATtiny85 (8-pin DIP) + Ethernet (W5100)"". LEFT an ATtiny85 (8-pin DIP) (5V logic). RIGHT an Ethernet (W5100) (Connectivity). Connect EXACTLY these 6 wires and no others: SCK to PB2 (SCK) (PURPLE); MOSI to PB0 (DO) (PURPLE); MISO to PB1 (DI) (PURPLE); CS to PB3 (PURPLE); VCC to VCC (RED); GND to GND (BLACK). Show these exact pin labels; do not invent or add any wire."
attiny85__led.png,"Realistic Fritzing-style hardware wiring diagram, flat vector product-illustration look, soft light-grey studio background, slight top-down angle, one microcontroller board on the LEFT and one module on the RIGHT connected by coloured jumper wires with correctly-spelled pin labels on both sides; wire colours RED=power BLACK=GND BLUE=I2C-SDA YELLOW=I2C-SCL GREEN=analog ORANGE=digital CYAN=UART PURPLE=SPI; 16:9 high resolution. Title ""ATtiny85 (8-pin DIP) + LED"". LEFT an ATtiny85 (8-pin DIP) (5V logic). RIGHT a LED (Passive & Discrete). Connect EXACTLY these 2 wires and no others: Anode to PB0 (ORANGE); GND to GND (BLACK). Show these exact pin labels; do not invent or add any wire."
attiny85__potentiometer.png,"Realistic Fritzing-style hardware wiring diagram, flat vector product-illustration look, soft light-grey studio background, slight top-down angle, one microcontroller board on the LEFT and one module on the RIGHT connected by coloured jumper wires with correctly-spelled pin labels on both sides; wire colours RED=power BLACK=GND BLUE=I2C-SDA YELLOW=I2C-SCL GREEN=analog ORANGE=digital CYAN=UART PURPLE=SPI; 16:9 high resolution. Title ""ATtiny85 (8-pin DIP) + Potentiometer"". LEFT an ATtiny85 (8-pin DIP) (5V logic). RIGHT a Potentiometer (Passive & Discrete). Connect EXACTLY these 3 wires and no others: VCC to VCC (RED); GND to GND (BLACK); Wiper to PB3 (A3) (GREEN). Show these exact pin labels; do not invent or add any wire."
attiny85__push-button.png,"Realistic Fritzing-style hardware wiring diagram, flat vector product-illustration look, soft light-grey studio background, slight top-down angle, one microcontroller board on the LEFT and one module on the RIGHT connected by coloured jumper wires with correctly-spelled pin labels on both sides; wire colours RED=power BLACK=GND BLUE=I2C-SDA YELLOW=I2C-SCL GREEN=analog ORANGE=digital CYAN=UART PURPLE=SPI; 16:9 high resolution. Title ""ATtiny85 (8-pin DIP) + Push Button"". LEFT an ATtiny85 (8-pin DIP) (5V logic). RIGHT a Push Button (Input / Output). Connect EXACTLY these 1 wires and no others: 4 legs to PB0 (ORANGE). Show these exact pin labels; do not invent or add any wire."
attiny85__keypad.png,"Realistic Fritzing-style hardware wiring diagram, flat vector product-illustration look, soft light-grey studio background, slight top-down angle, one microcontroller board on the LEFT and one module on the RIGHT connected by coloured jumper wires with correctly-spelled pin labels on both sides; wire colours RED=power BLACK=GND BLUE=I2C-SDA YELLOW=I2C-SCL GREEN=analog ORANGE=digital CYAN=UART PURPLE=SPI; 16:9 high resolution. Title ""ATtiny85 (8-pin DIP) + Matrix Keypad 4×4"". LEFT an ATtiny85 (8-pin DIP) (5V logic). RIGHT a Matrix Keypad 4×4 (Input / Output). Connect EXACTLY these 1 wires and no others: 8 pins to PB0 (ORANGE). Show these exact pin labels; do not invent or add any wire."
attiny85__joystick.png,"Realistic Fritzing-style hardware wiring diagram, flat vector product-illustration look, soft light-grey studio background, slight top-down angle, one microcontroller board on the LEFT and one module on the RIGHT connected by coloured jumper wires with correctly-spelled pin labels on both sides; wire colours RED=power BLACK=GND BLUE=I2C-SDA YELLOW=I2C-SCL GREEN=analog ORANGE=digital CYAN=UART PURPLE=SPI; 16:9 high resolution. Title ""ATtiny85 (8-pin DIP) + Joystick Module"". LEFT an ATtiny85 (8-pin DIP) (5V logic). RIGHT a Joystick Module (Input / Output). Connect EXACTLY these 5 wires and no others: VRx to PB0 (ORANGE); VRy to PB1 (ORANGE); SW to PB3 (ORANGE); VCC to VCC (RED); GND to GND (BLACK). Show these exact pin labels; do not invent or add any wire."
attiny85__rotary-encoder.png,"Realistic Fritzing-style hardware wiring diagram, flat vector product-illustration look, soft light-grey studio background, slight top-down angle, one microcontroller board on the LEFT and one module on the RIGHT connected by coloured jumper wires with correctly-spelled pin labels on both sides; wire colours RED=power BLACK=GND BLUE=I2C-SDA YELLOW=I2C-SCL GREEN=analog ORANGE=digital CYAN=UART PURPLE=SPI; 16:9 high resolution. Title ""ATtiny85 (8-pin DIP) + Rotary Encoder"". LEFT an ATtiny85 (8-pin DIP) (5V logic). RIGHT a Rotary Encoder (Input / Output). Connect EXACTLY these 5 wires and no others: CLK to PB0 (ORANGE); DT to PB1 (ORANGE); SW to PB3 (ORANGE); VCC to VCC (RED); GND to GND (BLACK). Show these exact pin labels; do not invent or add any wire."
attiny85__sd-module.png,"Realistic Fritzing-style hardware wiring diagram, flat vector product-illustration look, soft light-grey studio background, slight top-down angle, one microcontroller board on the LEFT and one module on the RIGHT connected by coloured jumper wires with correctly-spelled pin labels on both sides; wire colours RED=power BLACK=GND BLUE=I2C-SDA YELLOW=I2C-SCL GREEN=analog ORANGE=digital CYAN=UART PURPLE=SPI; 16:9 high resolution. Title ""ATtiny85 (8-pin DIP) + MicroSD Module"". LEFT an ATtiny85 (8-pin DIP) (5V logic). RIGHT a MicroSD Module (Input / Output). Connect EXACTLY these 6 wires and no others: SCK to PB2 (SCK) (PURPLE); MOSI to PB0 (DO) (PURPLE); MISO to PB1 (DI) (PURPLE); CS to PB3 (PURPLE); VCC to VCC (RED); GND to GND (BLACK). Show these exact pin labels; do not invent or add any wire."
attiny85__rtc.png,"Realistic Fritzing-style hardware wiring diagram, flat vector product-illustration look, soft light-grey studio background, slight top-down angle, one microcontroller board on the LEFT and one module on the RIGHT connected by coloured jumper wires with correctly-spelled pin labels on both sides; wire colours RED=power BLACK=GND BLUE=I2C-SDA YELLOW=I2C-SCL GREEN=analog ORANGE=digital CYAN=UART PURPLE=SPI; 16:9 high resolution. Title ""ATtiny85 (8-pin DIP) + RTC (DS3231)"". LEFT an ATtiny85 (8-pin DIP) (5V logic). RIGHT a RTC (DS3231) (Input / Output). Connect EXACTLY these 4 wires and no others: SDA to PB0 (SDA) (BLUE); SCL to PB2 (SCL) (YELLOW); VCC to VCC (RED); GND to GND (BLACK). Show these exact pin labels; do not invent or add any wire."
attiny85__speaker.png,"Realistic Fritzing-style hardware wiring diagram, flat vector product-illustration look, soft light-grey studio background, slight top-down angle, one microcontroller board on the LEFT and one module on the RIGHT connected by coloured jumper wires with correctly-spelled pin labels on both sides; wire colours RED=power BLACK=GND BLUE=I2C-SDA YELLOW=I2C-SCL GREEN=analog ORANGE=digital CYAN=UART PURPLE=SPI; 16:9 high resolution. Title ""ATtiny85 (8-pin DIP) + Speaker / DFPlayer"". LEFT an ATtiny85 (8-pin DIP) (5V logic). RIGHT a Speaker / DFPlayer (Input / Output). Connect EXACTLY these 4 wires and no others: RX to PB0 (CYAN); TX to PB1 (CYAN); VCC to VCC (RED); GND to GND (BLACK). Show these exact pin labels; do not invent or add any wire."
attiny85__imu-robot.png,"Realistic Fritzing-style hardware wiring diagram, flat vector product-illustration look, soft light-grey studio background, slight top-down angle, one microcontroller board on the LEFT and one module on the RIGHT connected by coloured jumper wires with correctly-spelled pin labels on both sides; wire colours RED=power BLACK=GND BLUE=I2C-SDA YELLOW=I2C-SCL GREEN=analog ORANGE=digital CYAN=UART PURPLE=SPI; 16:9 high resolution. Title ""ATtiny85 (8-pin DIP) + IMU / Balance"". LEFT an ATtiny85 (8-pin DIP) (5V logic). RIGHT an IMU / Balance (Robotics). Connect EXACTLY these 5 wires and no others: SDA to PB0 (SDA) (BLUE); SCL to PB2 (SCL) (YELLOW); INT to PB0 (ORANGE); VCC to VCC (RED); GND to GND (BLACK). Show these exact pin labels; do not invent or add any wire."
attiny85__lidar-robot.png,"Realistic Fritzing-style hardware wiring diagram, flat vector product-illustration look, soft light-grey studio background, slight top-down angle, one microcontroller board on the LEFT and one module on the RIGHT connected by coloured jumper wires with correctly-spelled pin labels on both sides; wire colours RED=power BLACK=GND BLUE=I2C-SDA YELLOW=I2C-SCL GREEN=analog ORANGE=digital CYAN=UART PURPLE=SPI; 16:9 high resolution. Title ""ATtiny85 (8-pin DIP) + LiDAR Scanner"". LEFT an ATtiny85 (8-pin DIP) (5V logic). RIGHT a LiDAR Scanner (Robotics). Connect EXACTLY these 4 wires and no others: TX to PB0 (CYAN); RX to PB1 (CYAN); VCC to VCC (RED); GND to GND (BLACK). Show these exact pin labels; do not invent or add any wire."
micro-bit__dht11.png,"Realistic Fritzing-style hardware wiring diagram, flat vector product-illustration look, soft light-grey studio background, slight top-down angle, one microcontroller board on the LEFT and one module on the RIGHT connected by coloured jumper wires with correctly-spelled pin labels on both sides; wire colours RED=power BLACK=GND BLUE=I2C-SDA YELLOW=I2C-SCL GREEN=analog ORANGE=digital CYAN=UART PURPLE=SPI; 16:9 high resolution. Title ""BBC micro:bit v2 + DHT11 / DHT22"". LEFT a BBC micro:bit v2 (3.3V logic). RIGHT a DHT11 / DHT22 (Sensors). Connect EXACTLY these 3 wires and no others: VCC to 3V (RED); DATA to P0 (ORANGE); GND to GND (BLACK). Show these exact pin labels; do not invent or add any wire."
micro-bit__ds18b20.png,"Realistic Fritzing-style hardware wiring diagram, flat vector product-illustration look, soft light-grey studio background, slight top-down angle, one microcontroller board on the LEFT and one module on the RIGHT connected by coloured jumper wires with correctly-spelled pin labels on both sides; wire colours RED=power BLACK=GND BLUE=I2C-SDA YELLOW=I2C-SCL GREEN=analog ORANGE=digital CYAN=UART PURPLE=SPI; 16:9 high resolution. Title ""BBC micro:bit v2 + DS18B20"". LEFT a BBC micro:bit v2 (3.3V logic). RIGHT a DS18B20 (Sensors). Connect EXACTLY these 3 wires and no others: VDD to 3V (RED); DQ to P0 (ORANGE); GND to GND (BLACK). Show these exact pin labels; do not invent or add any wire."
micro-bit__lm35.png,"Realistic Fritzing-style hardware wiring diagram, flat vector product-illustration look, soft light-grey studio background, slight top-down angle, one microcontroller board on the LEFT and one module on the RIGHT connected by coloured jumper wires with correctly-spelled pin labels on both sides; wire colours RED=power BLACK=GND BLUE=I2C-SDA YELLOW=I2C-SCL GREEN=analog ORANGE=digital CYAN=UART PURPLE=SPI; 16:9 high resolution. Title ""BBC micro:bit v2 + LM35"". LEFT a BBC micro:bit v2 (3.3V logic). RIGHT a LM35 (Sensors). Connect EXACTLY these 3 wires and no others: VCC to 3V (RED); OUT to P0 (GREEN); GND to GND (BLACK). Show these exact pin labels; do not invent or add any wire."
micro-bit__hc-sr04.png,"Realistic Fritzing-style hardware wiring diagram, flat vector product-illustration look, soft light-grey studio background, slight top-down angle, one microcontroller board on the LEFT and one module on the RIGHT connected by coloured jumper wires with correctly-spelled pin labels on both sides; wire colours RED=power BLACK=GND BLUE=I2C-SDA YELLOW=I2C-SCL GREEN=analog ORANGE=digital CYAN=UART PURPLE=SPI; 16:9 high resolution. Title ""BBC micro:bit v2 + HC-SR04"". LEFT a BBC micro:bit v2 (3.3V logic). RIGHT a HC-SR04 (Sensors). Connect EXACTLY these 4 wires and no others: VCC to 3V (RED); TRIG to P0 (ORANGE); ECHO to P1 (ORANGE); GND to GND (BLACK). Show these exact pin labels; do not invent or add any wire."
micro-bit__pir.png,"Realistic Fritzing-style hardware wiring diagram, flat vector product-illustration look, soft light-grey studio background, slight top-down angle, one microcontroller board on the LEFT and one module on the RIGHT connected by coloured jumper wires with correctly-spelled pin labels on both sides; wire colours RED=power BLACK=GND BLUE=I2C-SDA YELLOW=I2C-SCL GREEN=analog ORANGE=digital CYAN=UART PURPLE=SPI; 16:9 high resolution. Title ""BBC micro:bit v2 + PIR Motion (HC-SR501)"". LEFT a BBC micro:bit v2 (3.3V logic). RIGHT a PIR Motion (HC-SR501) (Sensors). Connect EXACTLY these 3 wires and no others: VCC to 3V (RED); OUT to P0 (ORANGE); GND to GND (BLACK). Show these exact pin labels; do not invent or add any wire."
micro-bit__ldr.png,"Realistic Fritzing-style hardware wiring diagram, flat vector product-illustration look, soft light-grey studio background, slight top-down angle, one microcontroller board on the LEFT and one module on the RIGHT connected by coloured jumper wires with correctly-spelled pin labels on both sides; wire colours RED=power BLACK=GND BLUE=I2C-SDA YELLOW=I2C-SCL GREEN=analog ORANGE=digital CYAN=UART PURPLE=SPI; 16:9 high resolution. Title ""BBC micro:bit v2 + LDR (Photoresistor)"". LEFT a BBC micro:bit v2 (3.3V logic). RIGHT a LDR (Photoresistor) (Sensors). Connect EXACTLY these 3 wires and no others: VCC to 3V (RED); AO to P0 (GREEN); GND to GND (BLACK). Show these exact pin labels; do not invent or add any wire."
micro-bit__bh1750.png,"Realistic Fritzing-style hardware wiring diagram, flat vector product-illustration look, soft light-grey studio background, slight top-down angle, one microcontroller board on the LEFT and one module on the RIGHT connected by coloured jumper wires with correctly-spelled pin labels on both sides; wire colours RED=power BLACK=GND BLUE=I2C-SDA YELLOW=I2C-SCL GREEN=analog ORANGE=digital CYAN=UART PURPLE=SPI; 16:9 high resolution. Title ""BBC micro:bit v2 + BH1750"". LEFT a BBC micro:bit v2 (3.3V logic). RIGHT a BH1750 (Sensors). Connect EXACTLY these 5 wires and no others: VCC to 3V (RED); GND to GND (BLACK); SDA to P20 (SDA) (BLUE); SCL to P19 (SCL) (YELLOW); ADDR to P0 (ORANGE). Show these exact pin labels; do not invent or add any wire."
micro-bit__mq2.png,"Realistic Fritzing-style hardware wiring diagram, flat vector product-illustration look, soft light-grey studio background, slight top-down angle, one microcontroller board on the LEFT and one module on the RIGHT connected by coloured jumper wires with correctly-spelled pin labels on both sides; wire colours RED=power BLACK=GND BLUE=I2C-SDA YELLOW=I2C-SCL GREEN=analog ORANGE=digital CYAN=UART PURPLE=SPI; 16:9 high resolution. Title ""BBC micro:bit v2 + MQ-2 Gas"". LEFT a BBC micro:bit v2 (3.3V logic). RIGHT a MQ-2 Gas (Sensors). Connect EXACTLY these 4 wires and no others: VCC to 3V (RED); AO to P0 (GREEN); DO to P1 (ORANGE); GND to GND (BLACK). Show these exact pin labels; do not invent or add any wire."
micro-bit__mq135.png,"Realistic Fritzing-style hardware wiring diagram, flat vector product-illustration look, soft light-grey studio background, slight top-down angle, one microcontroller board on the LEFT and one module on the RIGHT connected by coloured jumper wires with correctly-spelled pin labels on both sides; wire colours RED=power BLACK=GND BLUE=I2C-SDA YELLOW=I2C-SCL GREEN=analog ORANGE=digital CYAN=UART PURPLE=SPI; 16:9 high resolution. Title ""BBC micro:bit v2 + MQ-135 Air Quality"". LEFT a BBC micro:bit v2 (3.3V logic). RIGHT a MQ-135 Air Quality (Sensors). Connect EXACTLY these 4 wires and no others: VCC to 3V (RED); AO to P0 (GREEN); DO to P1 (ORANGE); GND to GND (BLACK). Show these exact pin labels; do not invent or add any wire."
micro-bit__mq7.png,"Realistic Fritzing-style hardware wiring diagram, flat vector product-illustration look, soft light-grey studio background, slight top-down angle, one microcontroller board on the LEFT and one module on the RIGHT connected by coloured jumper wires with correctly-spelled pin labels on both sides; wire colours RED=power BLACK=GND BLUE=I2C-SDA YELLOW=I2C-SCL GREEN=analog ORANGE=digital CYAN=UART PURPLE=SPI; 16:9 high resolution. Title ""BBC micro:bit v2 + MQ-7 CO"". LEFT a BBC micro:bit v2 (3.3V logic). RIGHT a MQ-7 CO (Sensors). Connect EXACTLY these 4 wires and no others: VCC to 3V (RED); AO to P0 (GREEN); DO to P1 (ORANGE); GND to GND (BLACK). Show these exact pin labels; do not invent or add any wire."
micro-bit__soil-moisture.png,"Realistic Fritzing-style hardware wiring diagram, flat vector product-illustration look, soft light-grey studio background, slight top-down angle, one microcontroller board on the LEFT and one module on the RIGHT connected by coloured jumper wires with correctly-spelled pin labels on both sides; wire colours RED=power BLACK=GND BLUE=I2C-SDA YELLOW=I2C-SCL GREEN=analog ORANGE=digital CYAN=UART PURPLE=SPI; 16:9 high resolution. Title ""BBC micro:bit v2 + Soil Moisture"". LEFT a BBC micro:bit v2 (3.3V logic). RIGHT a Soil Moisture (Sensors). Connect EXACTLY these 4 wires and no others: VCC to 3V (RED); AO to P0 (GREEN); DO to P1 (ORANGE); GND to GND (BLACK). Show these exact pin labels; do not invent or add any wire."
micro-bit__rain-sensor.png,"Realistic Fritzing-style hardware wiring diagram, flat vector product-illustration look, soft light-grey studio background, slight top-down angle, one microcontroller board on the LEFT and one module on the RIGHT connected by coloured jumper wires with correctly-spelled pin labels on both sides; wire colours RED=power BLACK=GND BLUE=I2C-SDA YELLOW=I2C-SCL GREEN=analog ORANGE=digital CYAN=UART PURPLE=SPI; 16:9 high resolution. Title ""BBC micro:bit v2 + Rain Sensor"". LEFT a BBC micro:bit v2 (3.3V logic). RIGHT a Rain Sensor (Sensors). Connect EXACTLY these 4 wires and no others: VCC to 3V (RED); AO to P0 (GREEN); DO to P1 (ORANGE); GND to GND (BLACK). Show these exact pin labels; do not invent or add any wire."
micro-bit__water-level.png,"Realistic Fritzing-style hardware wiring diagram, flat vector product-illustration look, soft light-grey studio background, slight top-down angle, one microcontroller board on the LEFT and one module on the RIGHT connected by coloured jumper wires with correctly-spelled pin labels on both sides; wire colours RED=power BLACK=GND BLUE=I2C-SDA YELLOW=I2C-SCL GREEN=analog ORANGE=digital CYAN=UART PURPLE=SPI; 16:9 high resolution. Title ""BBC micro:bit v2 + Water Level Sensor"". LEFT a BBC micro:bit v2 (3.3V logic). RIGHT a Water Level Sensor (Sensors). Connect EXACTLY these 3 wires and no others: + to 3V (RED); S to P0 (GREEN); - to GND (BLACK). Show these exact pin labels; do not invent or add any wire."
micro-bit__flow-sensor.png,"Realistic Fritzing-style hardware wiring diagram, flat vector product-illustration look, soft light-grey studio background, slight top-down angle, one microcontroller board on the LEFT and one module on the RIGHT connected by coloured jumper wires with correctly-spelled pin labels on both sides; wire colours RED=power BLACK=GND BLUE=I2C-SDA YELLOW=I2C-SCL GREEN=analog ORANGE=digital CYAN=UART PURPLE=SPI; 16:9 high resolution. Title ""BBC micro:bit v2 + Water Flow (YF-S201)"". LEFT a BBC micro:bit v2 (3.3V logic). RIGHT a Water Flow (YF-S201) (Sensors). Connect EXACTLY these 3 wires and no others: VCC to 3V (RED); SIGNAL to P0 (ORANGE); GND to GND (BLACK). Show these exact pin labels; do not invent or add any wire."
micro-bit__flame-sensor.png,"Realistic Fritzing-style hardware wiring diagram, flat vector product-illustration look, soft light-grey studio background, slight top-down angle, one microcontroller board on the LEFT and one module on the RIGHT connected by coloured jumper wires with correctly-spelled pin labels on both sides; wire colours RED=power BLACK=GND BLUE=I2C-SDA YELLOW=I2C-SCL GREEN=analog ORANGE=digital CYAN=UART PURPLE=SPI; 16:9 high resolution. Title ""BBC micro:bit v2 + Flame Sensor"". LEFT a BBC micro:bit v2 (3.3V logic). RIGHT a Flame Sensor (Sensors). Connect EXACTLY these 4 wires and no others: VCC to 3V (RED); AO to P0 (GREEN); DO to P1 (ORANGE); GND to GND (BLACK). Show these exact pin labels; do not invent or add any wire."
micro-bit__mpu6050.png,"Realistic Fritzing-style hardware wiring diagram, flat vector product-illustration look, soft light-grey studio background, slight top-down angle, one microcontroller board on the LEFT and one module on the RIGHT connected by coloured jumper wires with correctly-spelled pin labels on both sides; wire colours RED=power BLACK=GND BLUE=I2C-SDA YELLOW=I2C-SCL GREEN=analog ORANGE=digital CYAN=UART PURPLE=SPI; 16:9 high resolution. Title ""BBC micro:bit v2 + MPU-6050 IMU"". LEFT a BBC micro:bit v2 (3.3V logic). RIGHT a MPU-6050 IMU (Sensors). Connect EXACTLY these 5 wires and no others: VCC to 3V (RED); SDA to P20 (SDA) (BLUE); SCL to P19 (SCL) (YELLOW); INT to P0 (ORANGE); GND to GND (BLACK). Show these exact pin labels; do not invent or add any wire."
micro-bit__hmc5883l.png,"Realistic Fritzing-style hardware wiring diagram, flat vector product-illustration look, soft light-grey studio background, slight top-down angle, one microcontroller board on the LEFT and one module on the RIGHT connected by coloured jumper wires with correctly-spelled pin labels on both sides; wire colours RED=power BLACK=GND BLUE=I2C-SDA YELLOW=I2C-SCL GREEN=analog ORANGE=digital CYAN=UART PURPLE=SPI; 16:9 high resolution. Title ""BBC micro:bit v2 + HMC5883L"". LEFT a BBC micro:bit v2 (3.3V logic). RIGHT a HMC5883L (Sensors). Connect EXACTLY these 5 wires and no others: VCC to 3V (RED); SDA to P20 (SDA) (BLUE); SCL to P19 (SCL) (YELLOW); DRDY to P0 (ORANGE); GND to GND (BLACK). Show these exact pin labels; do not invent or add any wire."
micro-bit__bmp280.png,"Realistic Fritzing-style hardware wiring diagram, flat vector product-illustration look, soft light-grey studio background, slight top-down angle, one microcontroller board on the LEFT and one module on the RIGHT connected by coloured jumper wires with correctly-spelled pin labels on both sides; wire colours RED=power BLACK=GND BLUE=I2C-SDA YELLOW=I2C-SCL GREEN=analog ORANGE=digital CYAN=UART PURPLE=SPI; 16:9 high resolution. Title ""BBC micro:bit v2 + BMP280 / BME280"". LEFT a BBC micro:bit v2 (3.3V logic). RIGHT a BMP280 / BME280 (Sensors). Connect EXACTLY these 4 wires and no others: VCC to 3V (RED); SDA to P20 (SDA) (BLUE); SCL to P19 (SCL) (YELLOW); GND to GND (BLACK). Show these exact pin labels; do not invent or add any wire."
micro-bit__load-cell.png,"Realistic Fritzing-style hardware wiring diagram, flat vector product-illustration look, soft light-grey studio background, slight top-down angle, one microcontroller board on the LEFT and one module on the RIGHT connected by coloured jumper wires with correctly-spelled pin labels on both sides; wire colours RED=power BLACK=GND BLUE=I2C-SDA YELLOW=I2C-SCL GREEN=analog ORANGE=digital CYAN=UART PURPLE=SPI; 16:9 high resolution. Title ""BBC micro:bit v2 + Load Cell + HX711"". LEFT a BBC micro:bit v2 (3.3V logic). RIGHT a Load Cell + HX711 (Sensors). Connect EXACTLY these 4 wires and no others: DT to P0 (ORANGE); CLK to P1 (ORANGE); VCC to 3V (RED); GND to GND (BLACK). Show these exact pin labels; do not invent or add any wire."
micro-bit__ir-sensor.png,"Realistic Fritzing-style hardware wiring diagram, flat vector product-illustration look, soft light-grey studio background, slight top-down angle, one microcontroller board on the LEFT and one module on the RIGHT connected by coloured jumper wires with correctly-spelled pin labels on both sides; wire colours RED=power BLACK=GND BLUE=I2C-SDA YELLOW=I2C-SCL GREEN=analog ORANGE=digital CYAN=UART PURPLE=SPI; 16:9 high resolution. Title ""BBC micro:bit v2 + IR Obstacle Sensor"". LEFT a BBC micro:bit v2 (3.3V logic). RIGHT an IR Obstacle Sensor (Sensors). Connect EXACTLY these 3 wires and no others: VCC to 3V (RED); OUT to P0 (ORANGE); GND to GND (BLACK). Show these exact pin labels; do not invent or add any wire."
micro-bit__color-sensor.png,"Realistic Fritzing-style hardware wiring diagram, flat vector product-illustration look, soft light-grey studio background, slight top-down angle, one microcontroller board on the LEFT and one module on the RIGHT connected by coloured jumper wires with correctly-spelled pin labels on both sides; wire colours RED=power BLACK=GND BLUE=I2C-SDA YELLOW=I2C-SCL GREEN=analog ORANGE=digital CYAN=UART PURPLE=SPI; 16:9 high resolution. Title ""BBC micro:bit v2 + TCS3200 Color"". LEFT a BBC micro:bit v2 (3.3V logic). RIGHT a TCS3200 Color (Sensors). Connect EXACTLY these 4 wires and no others: VCC to 3V (RED); GND to GND (BLACK); S0–S3 to P0 (ORANGE); OUT to P1 (ORANGE). Show these exact pin labels; do not invent or add any wire."
micro-bit__heart-rate.png,"Realistic Fritzing-style hardware wiring diagram, flat vector product-illustration look, soft light-grey studio background, slight top-down angle, one microcontroller board on the LEFT and one module on the RIGHT connected by coloured jumper wires with correctly-spelled pin labels on both sides; wire colours RED=power BLACK=GND BLUE=I2C-SDA YELLOW=I2C-SCL GREEN=analog ORANGE=digital CYAN=UART PURPLE=SPI; 16:9 high resolution. Title ""BBC micro:bit v2 + MAX30100 Pulse"". LEFT a BBC micro:bit v2 (3.3V logic). RIGHT a MAX30100 Pulse (Sensors). Connect EXACTLY these 5 wires and no others: VIN to 3V (RED); SDA to P20 (SDA) (BLUE); SCL to P19 (SCL) (YELLOW); INT to P0 (ORANGE); GND to GND (BLACK). Show these exact pin labels; do not invent or add any wire."
micro-bit__ph-sensor.png,"Realistic Fritzing-style hardware wiring diagram, flat vector product-illustration look, soft light-grey studio background, slight top-down angle, one microcontroller board on the LEFT and one module on the RIGHT connected by coloured jumper wires with correctly-spelled pin labels on both sides; wire colours RED=power BLACK=GND BLUE=I2C-SDA YELLOW=I2C-SCL GREEN=analog ORANGE=digital CYAN=UART PURPLE=SPI; 16:9 high resolution. Title ""BBC micro:bit v2 + pH Sensor"". LEFT a BBC micro:bit v2 (3.3V logic). RIGHT a pH Sensor (Sensors). Connect EXACTLY these 3 wires and no others: VCC to 3V (RED); GND to GND (BLACK); PO to P0 (GREEN). Show these exact pin labels; do not invent or add any wire."
micro-bit__current-sensor.png,"Realistic Fritzing-style hardware wiring diagram, flat vector product-illustration look, soft light-grey studio background, slight top-down angle, one microcontroller board on the LEFT and one module on the RIGHT connected by coloured jumper wires with correctly-spelled pin labels on both sides; wire colours RED=power BLACK=GND BLUE=I2C-SDA YELLOW=I2C-SCL GREEN=analog ORANGE=digital CYAN=UART PURPLE=SPI; 16:9 high resolution. Title ""BBC micro:bit v2 + ACS712 Current"". LEFT a BBC micro:bit v2 (3.3V logic). RIGHT an ACS712 Current (Sensors). Connect EXACTLY these 5 wires and no others: VCC to 3V (RED); GND to GND (BLACK); OUT to P0 (GREEN); IP+ to P1 (ORANGE); IP- to P2 (ORANGE). Show these exact pin labels; do not invent or add any wire."
micro-bit__voltage-sensor.png,"Realistic Fritzing-style hardware wiring diagram, flat vector product-illustration look, soft light-grey studio background, slight top-down angle, one microcontroller board on the LEFT and one module on the RIGHT connected by coloured jumper wires with correctly-spelled pin labels on both sides; wire colours RED=power BLACK=GND BLUE=I2C-SDA YELLOW=I2C-SCL GREEN=analog ORANGE=digital CYAN=UART PURPLE=SPI; 16:9 high resolution. Title ""BBC micro:bit v2 + Voltage Sensor"". LEFT a BBC micro:bit v2 (3.3V logic). RIGHT a Voltage Sensor (Sensors). Connect EXACTLY these 2 wires and no others: S to P0 (GREEN); - to GND (BLACK). Show these exact pin labels; do not invent or add any wire."
micro-bit__ir-flame-array.png,"Realistic Fritzing-style hardware wiring diagram, flat vector product-illustration look, soft light-grey studio background, slight top-down angle, one microcontroller board on the LEFT and one module on the RIGHT connected by coloured jumper wires with correctly-spelled pin labels on both sides; wire colours RED=power BLACK=GND BLUE=I2C-SDA YELLOW=I2C-SCL GREEN=analog ORANGE=digital CYAN=UART PURPLE=SPI; 16:9 high resolution. Title ""BBC micro:bit v2 + Vibration (SW-420)"". LEFT a BBC micro:bit v2 (3.3V logic). RIGHT a Vibration (SW-420) (Sensors). Connect EXACTLY these 3 wires and no others: VCC to 3V (RED); GND to GND (BLACK); DO to P0 (ORANGE). Show these exact pin labels; do not invent or add any wire."
micro-bit__lidar-sensor.png,"Realistic Fritzing-style hardware wiring diagram, flat vector product-illustration look, soft light-grey studio background, slight top-down angle, one microcontroller board on the LEFT and one module on the RIGHT connected by coloured jumper wires with correctly-spelled pin labels on both sides; wire colours RED=power BLACK=GND BLUE=I2C-SDA YELLOW=I2C-SCL GREEN=analog ORANGE=digital CYAN=UART PURPLE=SPI; 16:9 high resolution. Title ""BBC micro:bit v2 + LiDAR (TF-Luna)"". LEFT a BBC micro:bit v2 (3.3V logic). RIGHT a LiDAR (TF-Luna) (Sensors). Connect EXACTLY these 4 wires and no others: VCC to 3V (RED); RXD to P0 (ORANGE); TXD to P1 (ORANGE); GND to GND (BLACK). Show these exact pin labels; do not invent or add any wire."
micro-bit__servo.png,"Realistic Fritzing-style hardware wiring diagram, flat vector product-illustration look, soft light-grey studio background, slight top-down angle, one microcontroller board on the LEFT and one module on the RIGHT connected by coloured jumper wires with correctly-spelled pin labels on both sides; wire colours RED=power BLACK=GND BLUE=I2C-SDA YELLOW=I2C-SCL GREEN=analog ORANGE=digital CYAN=UART PURPLE=SPI; 16:9 high resolution. Title ""BBC micro:bit v2 + Servo (SG90/MG996)"". LEFT a BBC micro:bit v2 (3.3V logic). RIGHT a Servo (SG90/MG996) (Actuators & Motors). Connect EXACTLY these 3 wires and no others: Signal to P0 (ORANGE); VCC to 3V (RED); GND to GND (BLACK). Show these exact pin labels; do not invent or add any wire."
micro-bit__stepper.png,"Realistic Fritzing-style hardware wiring diagram, flat vector product-illustration look, soft light-grey studio background, slight top-down angle, one microcontroller board on the LEFT and one module on the RIGHT connected by coloured jumper wires with correctly-spelled pin labels on both sides; wire colours RED=power BLACK=GND BLUE=I2C-SDA YELLOW=I2C-SCL GREEN=analog ORANGE=digital CYAN=UART PURPLE=SPI; 16:9 high resolution. Title ""BBC micro:bit v2 + Stepper (28BYJ-48)"". LEFT a BBC micro:bit v2 (3.3V logic). RIGHT a Stepper (28BYJ-48) (Actuators & Motors). Connect EXACTLY these 3 wires and no others: IN1–IN4 to P0 (ORANGE); VCC to 3V (RED); GND to GND (BLACK). Show these exact pin labels; do not invent or add any wire."
micro-bit__l298n.png,"Realistic Fritzing-style hardware wiring diagram, flat vector product-illustration look, soft light-grey studio background, slight top-down angle, one microcontroller board on the LEFT and one module on the RIGHT connected by coloured jumper wires with correctly-spelled pin labels on both sides; wire colours RED=power BLACK=GND BLUE=I2C-SDA YELLOW=I2C-SCL GREEN=analog ORANGE=digital CYAN=UART PURPLE=SPI; 16:9 high resolution. Title ""BBC micro:bit v2 + L298N Driver"". LEFT a BBC micro:bit v2 (3.3V logic). RIGHT a L298N Driver (Actuators & Motors). Connect EXACTLY these 5 wires and no others: IN1–IN4 to P0 (ORANGE); ENA to P1 (ORANGE); ENB to P2 (ORANGE); 5V to 3V (RED); GND to GND (BLACK). Show these exact pin labels; do not invent or add any wire."
micro-bit__l293d.png,"Realistic Fritzing-style hardware wiring diagram, flat vector product-illustration look, soft light-grey studio background, slight top-down angle, one microcontroller board on the LEFT and one module on the RIGHT connected by coloured jumper wires with correctly-spelled pin labels on both sides; wire colours RED=power BLACK=GND BLUE=I2C-SDA YELLOW=I2C-SCL GREEN=analog ORANGE=digital CYAN=UART PURPLE=SPI; 16:9 high resolution. Title ""BBC micro:bit v2 + L293D Driver"". LEFT a BBC micro:bit v2 (3.3V logic). RIGHT a L293D Driver (Actuators & Motors). Connect EXACTLY these 5 wires and no others: IN1–IN4 to P0 (ORANGE); EN1 to P1 (ORANGE); EN2 to P2 (ORANGE); Vcc1 to 3V (RED); GND to GND (BLACK). Show these exact pin labels; do not invent or add any wire."
micro-bit__a4988.png,"Realistic Fritzing-style hardware wiring diagram, flat vector product-illustration look, soft light-grey studio background, slight top-down angle, one microcontroller board on the LEFT and one module on the RIGHT connected by coloured jumper wires with correctly-spelled pin labels on both sides; wire colours RED=power BLACK=GND BLUE=I2C-SDA YELLOW=I2C-SCL GREEN=analog ORANGE=digital CYAN=UART PURPLE=SPI; 16:9 high resolution. Title ""BBC micro:bit v2 + A4988 Driver"". LEFT a BBC micro:bit v2 (3.3V logic). RIGHT an A4988 Driver (Actuators & Motors). Connect EXACTLY these 5 wires and no others: STEP to P0 (ORANGE); DIR to P1 (ORANGE); VDD to 3V (RED); GND to GND (BLACK); MS1 to P2 (ORANGE). Show these exact pin labels; do not invent or add any wire."
micro-bit__relay-module.png,"Realistic Fritzing-style hardware wiring diagram, flat vector product-illustration look, soft light-grey studio background, slight top-down angle, one microcontroller board on the LEFT and one module on the RIGHT connected by coloured jumper wires with correctly-spelled pin labels on both sides; wire colours RED=power BLACK=GND BLUE=I2C-SDA YELLOW=I2C-SCL GREEN=analog ORANGE=digital CYAN=UART PURPLE=SPI; 16:9 high resolution. Title ""BBC micro:bit v2 + Relay Module"". LEFT a BBC micro:bit v2 (3.3V logic). RIGHT a Relay Module (Actuators & Motors). Connect EXACTLY these 6 wires and no others: IN to P0 (ORANGE); VCC to 3V (RED); GND to GND (BLACK); COM to P1 (ORANGE); NO to P2 (ORANGE); NC to P8 (ORANGE). Show these exact pin labels; do not invent or add any wire."
micro-bit__water-pump.png,"Realistic Fritzing-style hardware wiring diagram, flat vector product-illustration look, soft light-grey studio background, slight top-down angle, one microcontroller board on the LEFT and one module on the RIGHT connected by coloured jumper wires with correctly-spelled pin labels on both sides; wire colours RED=power BLACK=GND BLUE=I2C-SDA YELLOW=I2C-SCL GREEN=analog ORANGE=digital CYAN=UART PURPLE=SPI; 16:9 high resolution. Title ""BBC micro:bit v2 + Water Pump"". LEFT a BBC micro:bit v2 (3.3V logic). RIGHT a Water Pump (Actuators & Motors). Connect EXACTLY these 2 wires and no others: + to 3V (RED); - to GND (BLACK). Show these exact pin labels; do not invent or add any wire."
micro-bit__servo-continuous.png,"Realistic Fritzing-style hardware wiring diagram, flat vector product-illustration look, soft light-grey studio background, slight top-down angle, one microcontroller board on the LEFT and one module on the RIGHT connected by coloured jumper wires with correctly-spelled pin labels on both sides; wire colours RED=power BLACK=GND BLUE=I2C-SDA YELLOW=I2C-SCL GREEN=analog ORANGE=digital CYAN=UART PURPLE=SPI; 16:9 high resolution. Title ""BBC micro:bit v2 + Continuous Servo"". LEFT a BBC micro:bit v2 (3.3V logic). RIGHT a Continuous Servo (Actuators & Motors). Connect EXACTLY these 3 wires and no others: Signal to P0 (ORANGE); VCC to 3V (RED); GND to GND (BLACK). Show these exact pin labels; do not invent or add any wire."
micro-bit__buzzer.png,"Realistic Fritzing-style hardware wiring diagram, flat vector product-illustration look, soft light-grey studio background, slight top-down angle, one microcontroller board on the LEFT and one module on the RIGHT connected by coloured jumper wires with correctly-spelled pin labels on both sides; wire colours RED=power BLACK=GND BLUE=I2C-SDA YELLOW=I2C-SCL GREEN=analog ORANGE=digital CYAN=UART PURPLE=SPI; 16:9 high resolution. Title ""BBC micro:bit v2 + Buzzer"". LEFT a BBC micro:bit v2 (3.3V logic). RIGHT a Buzzer (Actuators & Motors). Connect EXACTLY these 2 wires and no others: + to 3V (RED); - to GND (BLACK). Show these exact pin labels; do not invent or add any wire."
micro-bit__lcd1602.png,"Realistic Fritzing-style hardware wiring diagram, flat vector product-illustration look, soft light-grey studio background, slight top-down angle, one microcontroller board on the LEFT and one module on the RIGHT connected by coloured jumper wires with correctly-spelled pin labels on both sides; wire colours RED=power BLACK=GND BLUE=I2C-SDA YELLOW=I2C-SCL GREEN=analog ORANGE=digital CYAN=UART PURPLE=SPI; 16:9 high resolution. Title ""BBC micro:bit v2 + LCD 16×2"". LEFT a BBC micro:bit v2 (3.3V logic). RIGHT a LCD 16×2 (Displays). Connect EXACTLY these 4 wires and no others: SDA to P20 (SDA) (BLUE); SCL to P19 (SCL) (YELLOW); VCC to 3V (RED); GND to GND (BLACK). Show these exact pin labels; do not invent or add any wire."
micro-bit__lcd2004.png,"Realistic Fritzing-style hardware wiring diagram, flat vector product-illustration look, soft light-grey studio background, slight top-down angle, one microcontroller board on the LEFT and one module on the RIGHT connected by coloured jumper wires with correctly-spelled pin labels on both sides; wire colours RED=power BLACK=GND BLUE=I2C-SDA YELLOW=I2C-SCL GREEN=analog ORANGE=digital CYAN=UART PURPLE=SPI; 16:9 high resolution. Title ""BBC micro:bit v2 + LCD 20×4"". LEFT a BBC micro:bit v2 (3.3V logic). RIGHT a LCD 20×4 (Displays). Connect EXACTLY these 4 wires and no others: SDA to P20 (SDA) (BLUE); SCL to P19 (SCL) (YELLOW); VCC to 3V (RED); GND to GND (BLACK). Show these exact pin labels; do not invent or add any wire."
micro-bit__oled.png,"Realistic Fritzing-style hardware wiring diagram, flat vector product-illustration look, soft light-grey studio background, slight top-down angle, one microcontroller board on the LEFT and one module on the RIGHT connected by coloured jumper wires with correctly-spelled pin labels on both sides; wire colours RED=power BLACK=GND BLUE=I2C-SDA YELLOW=I2C-SCL GREEN=analog ORANGE=digital CYAN=UART PURPLE=SPI; 16:9 high resolution. Title ""BBC micro:bit v2 + OLED 0.96"" (SSD1306)"". LEFT a BBC micro:bit v2 (3.3V logic). RIGHT an OLED 0.96"" (SSD1306) (Displays). Connect EXACTLY these 4 wires and no others: SDA to P20 (SDA) (BLUE); SCL to P19 (SCL) (YELLOW); VCC to 3V (RED); GND to GND (BLACK). Show these exact pin labels; do not invent or add any wire."
micro-bit__tft.png,"Realistic Fritzing-style hardware wiring diagram, flat vector product-illustration look, soft light-grey studio background, slight top-down angle, one microcontroller board on the LEFT and one module on the RIGHT connected by coloured jumper wires with correctly-spelled pin labels on both sides; wire colours RED=power BLACK=GND BLUE=I2C-SDA YELLOW=I2C-SCL GREEN=analog ORANGE=digital CYAN=UART PURPLE=SPI; 16:9 high resolution. Title ""BBC micro:bit v2 + TFT Touch Display"". LEFT a BBC micro:bit v2 (3.3V logic). RIGHT a TFT Touch Display (Displays). Connect EXACTLY these 9 wires and no others: SCK to P13 (SCK) (PURPLE); MOSI to P15 (MOSI) (PURPLE); MISO to P14 (MISO) (PURPLE); CS to P16 (CS) (PURPLE); DC to P0 (ORANGE); T_CS to P1 (ORANGE); T_IRQ to P2 (ORANGE); VCC to 3V (RED); GND to GND (BLACK). Show these exact pin labels; do not invent or add any wire."
micro-bit__seven-seg.png,"Realistic Fritzing-style hardware wiring diagram, flat vector product-illustration look, soft light-grey studio background, slight top-down angle, one microcontroller board on the LEFT and one module on the RIGHT connected by coloured jumper wires with correctly-spelled pin labels on both sides; wire colours RED=power BLACK=GND BLUE=I2C-SDA YELLOW=I2C-SCL GREEN=analog ORANGE=digital CYAN=UART PURPLE=SPI; 16:9 high resolution. Title ""BBC micro:bit v2 + 7-Segment Display"". LEFT a BBC micro:bit v2 (3.3V logic). RIGHT a 7-Segment Display (Displays). Connect EXACTLY these 3 wires and no others: a–g to P0 (ORANGE); dp to P1 (ORANGE); GND to GND (BLACK). Show these exact pin labels; do not invent or add any wire."
micro-bit__led-matrix.png,"Realistic Fritzing-style hardware wiring diagram, flat vector product-illustration look, soft light-grey studio background, slight top-down angle, one microcontroller board on the LEFT and one module on the RIGHT connected by coloured jumper wires with correctly-spelled pin labels on both sides; wire colours RED=power BLACK=GND BLUE=I2C-SDA YELLOW=I2C-SCL GREEN=analog ORANGE=digital CYAN=UART PURPLE=SPI; 16:9 high resolution. Title ""BBC micro:bit v2 + LED Matrix (MAX7219)"". LEFT a BBC micro:bit v2 (3.3V logic). RIGHT a LED Matrix (MAX7219) (Displays). Connect EXACTLY these 5 wires and no others: DIN to P15 (MOSI) (PURPLE); CS to P16 (CS) (PURPLE); CLK to P0 (ORANGE); VCC to 3V (RED); GND to GND (BLACK). Show these exact pin labels; do not invent or add any wire."
micro-bit__neopixel.png,"Realistic Fritzing-style hardware wiring diagram, flat vector product-illustration look, soft light-grey studio background, slight top-down angle, one microcontroller board on the LEFT and one module on the RIGHT connected by coloured jumper wires with correctly-spelled pin labels on both sides; wire colours RED=power BLACK=GND BLUE=I2C-SDA YELLOW=I2C-SCL GREEN=analog ORANGE=digital CYAN=UART PURPLE=SPI; 16:9 high resolution. Title ""BBC micro:bit v2 + NeoPixel (WS2812)"". LEFT a BBC micro:bit v2 (3.3V logic). RIGHT a NeoPixel (WS2812) (Displays). Connect EXACTLY these 3 wires and no others: DIN to P15 (MOSI) (PURPLE); 5V to 3V (RED); GND to GND (BLACK). Show these exact pin labels; do not invent or add any wire."
micro-bit__epaper.png,"Realistic Fritzing-style hardware wiring diagram, flat vector product-illustration look, soft light-grey studio background, slight top-down angle, one microcontroller board on the LEFT and one module on the RIGHT connected by coloured jumper wires with correctly-spelled pin labels on both sides; wire colours RED=power BLACK=GND BLUE=I2C-SDA YELLOW=I2C-SCL GREEN=analog ORANGE=digital CYAN=UART PURPLE=SPI; 16:9 high resolution. Title ""BBC micro:bit v2 + E-Paper Display"". LEFT a BBC micro:bit v2 (3.3V logic). RIGHT an E-Paper Display (Displays). Connect EXACTLY these 8 wires and no others: SCK to P13 (SCK) (PURPLE); MOSI to P15 (MOSI) (PURPLE); CS to P16 (CS) (PURPLE); DC to P0 (ORANGE); BUSY to P1 (ORANGE); RST to P2 (ORANGE); VCC to 3V (RED); GND to GND (BLACK). Show these exact pin labels; do not invent or add any wire."
micro-bit__hc05.png,"Realistic Fritzing-style hardware wiring diagram, flat vector product-illustration look, soft light-grey studio background, slight top-down angle, one microcontroller board on the LEFT and one module on the RIGHT connected by coloured jumper wires with correctly-spelled pin labels on both sides; wire colours RED=power BLACK=GND BLUE=I2C-SDA YELLOW=I2C-SCL GREEN=analog ORANGE=digital CYAN=UART PURPLE=SPI; 16:9 high resolution. Title ""BBC micro:bit v2 + HC-05 Bluetooth"". LEFT a BBC micro:bit v2 (3.3V logic). RIGHT a HC-05 Bluetooth (Connectivity). Connect EXACTLY these 6 wires and no others: RXD to P0 (ORANGE); TXD to P1 (ORANGE); VCC to 3V (RED); GND to GND (BLACK); EN to P2 (ORANGE); KEY to P8 (ORANGE). Show these exact pin labels; do not invent or add any wire."
micro-bit__ble.png,"Realistic Fritzing-style hardware wiring diagram, flat vector product-illustration look, soft light-grey studio background, slight top-down angle, one microcontroller board on the LEFT and one module on the RIGHT connected by coloured jumper wires with correctly-spelled pin labels on both sides; wire colours RED=power BLACK=GND BLUE=I2C-SDA YELLOW=I2C-SCL GREEN=analog ORANGE=digital CYAN=UART PURPLE=SPI; 16:9 high resolution. Title ""BBC micro:bit v2 + BLE Module"". LEFT a BBC micro:bit v2 (3.3V logic). RIGHT a BLE Module (Connectivity). Connect EXACTLY these 4 wires and no others: RXD to P0 (ORANGE); TXD to P1 (ORANGE); VCC to 3V (RED); GND to GND (BLACK). Show these exact pin labels; do not invent or add any wire."
micro-bit__nrf24.png,"Realistic Fritzing-style hardware wiring diagram, flat vector product-illustration look, soft light-grey studio background, slight top-down angle, one microcontroller board on the LEFT and one module on the RIGHT connected by coloured jumper wires with correctly-spelled pin labels on both sides; wire colours RED=power BLACK=GND BLUE=I2C-SDA YELLOW=I2C-SCL GREEN=analog ORANGE=digital CYAN=UART PURPLE=SPI; 16:9 high resolution. Title ""BBC micro:bit v2 + nRF24L01"". LEFT a BBC micro:bit v2 (3.3V logic). RIGHT a nRF24L01 (Connectivity). Connect EXACTLY these 7 wires and no others: SCK to P13 (SCK) (PURPLE); MOSI to P15 (MOSI) (PURPLE); MISO to P14 (MISO) (PURPLE); CSN to P0 (ORANGE); CE to P16 (CS) (PURPLE); VCC to 3V (RED); GND to GND (BLACK). Show these exact pin labels; do not invent or add any wire."
micro-bit__lora.png,"Realistic Fritzing-style hardware wiring diagram, flat vector product-illustration look, soft light-grey studio background, slight top-down angle, one microcontroller board on the LEFT and one module on the RIGHT connected by coloured jumper wires with correctly-spelled pin labels on both sides; wire colours RED=power BLACK=GND BLUE=I2C-SDA YELLOW=I2C-SCL GREEN=analog ORANGE=digital CYAN=UART PURPLE=SPI; 16:9 high resolution. Title ""BBC micro:bit v2 + LoRa Module"". LEFT a BBC micro:bit v2 (3.3V logic). RIGHT a LoRa Module (Connectivity). Connect EXACTLY these 8 wires and no others: SCK to P13 (SCK) (PURPLE); MOSI to P15 (MOSI) (PURPLE); MISO to P14 (MISO) (PURPLE); NSS to P16 (CS) (PURPLE); DIO0 to P0 (ORANGE); RST to P1 (ORANGE); VCC to 3V (RED); GND to GND (BLACK). Show these exact pin labels; do not invent or add any wire."
micro-bit__sim800.png,"Realistic Fritzing-style hardware wiring diagram, flat vector product-illustration look, soft light-grey studio background, slight top-down angle, one microcontroller board on the LEFT and one module on the RIGHT connected by coloured jumper wires with correctly-spelled pin labels on both sides; wire colours RED=power BLACK=GND BLUE=I2C-SDA YELLOW=I2C-SCL GREEN=analog ORANGE=digital CYAN=UART PURPLE=SPI; 16:9 high resolution. Title ""BBC micro:bit v2 + SIM800L GSM"". LEFT a BBC micro:bit v2 (3.3V logic). RIGHT a SIM800L GSM (Connectivity). Connect EXACTLY these 4 wires and no others: RXD to P0 (ORANGE); TXD to P1 (ORANGE); VCC to 3V (RED); GND to GND (BLACK). Show these exact pin labels; do not invent or add any wire."
micro-bit__sim900.png,"Realistic Fritzing-style hardware wiring diagram, flat vector product-illustration look, soft light-grey studio background, slight top-down angle, one microcontroller board on the LEFT and one module on the RIGHT connected by coloured jumper wires with correctly-spelled pin labels on both sides; wire colours RED=power BLACK=GND BLUE=I2C-SDA YELLOW=I2C-SCL GREEN=analog ORANGE=digital CYAN=UART PURPLE=SPI; 16:9 high resolution. Title ""BBC micro:bit v2 + SIM900 GSM"". LEFT a BBC micro:bit v2 (3.3V logic). RIGHT a SIM900 GSM (Connectivity). Connect EXACTLY these 4 wires and no others: RXD to P0 (ORANGE); TXD to P1 (ORANGE); VCC 5V to 3V (RED); GND to GND (BLACK). Show these exact pin labels; do not invent or add any wire."
micro-bit__gps-neo6.png,"Realistic Fritzing-style hardware wiring diagram, flat vector product-illustration look, soft light-grey studio background, slight top-down angle, one microcontroller board on the LEFT and one module on the RIGHT connected by coloured jumper wires with correctly-spelled pin labels on both sides; wire colours RED=power BLACK=GND BLUE=I2C-SDA YELLOW=I2C-SCL GREEN=analog ORANGE=digital CYAN=UART PURPLE=SPI; 16:9 high resolution. Title ""BBC micro:bit v2 + NEO-6M GPS"". LEFT a BBC micro:bit v2 (3.3V logic). RIGHT a NEO-6M GPS (Connectivity). Connect EXACTLY these 4 wires and no others: RX to P0 (CYAN); TX to P1 (CYAN); VCC to 3V (RED); GND to GND (BLACK). Show these exact pin labels; do not invent or add any wire."
micro-bit__rfid-rc522.png,"Realistic Fritzing-style hardware wiring diagram, flat vector product-illustration look, soft light-grey studio background, slight top-down angle, one microcontroller board on the LEFT and one module on the RIGHT connected by coloured jumper wires with correctly-spelled pin labels on both sides; wire colours RED=power BLACK=GND BLUE=I2C-SDA YELLOW=I2C-SCL GREEN=analog ORANGE=digital CYAN=UART PURPLE=SPI; 16:9 high resolution. Title ""BBC micro:bit v2 + RFID RC522"". LEFT a BBC micro:bit v2 (3.3V logic). RIGHT a RFID RC522 (Connectivity). Connect EXACTLY these 7 wires and no others: SCK to P13 (SCK) (PURPLE); MOSI to P15 (MOSI) (PURPLE); MISO to P14 (MISO) (PURPLE); SS to P16 (CS) (PURPLE); RST to P0 (ORANGE); VCC to 3V (RED); GND to GND (BLACK). Show these exact pin labels; do not invent or add any wire."
micro-bit__fingerprint-mod.png,"Realistic Fritzing-style hardware wiring diagram, flat vector product-illustration look, soft light-grey studio background, slight top-down angle, one microcontroller board on the LEFT and one module on the RIGHT connected by coloured jumper wires with correctly-spelled pin labels on both sides; wire colours RED=power BLACK=GND BLUE=I2C-SDA YELLOW=I2C-SCL GREEN=analog ORANGE=digital CYAN=UART PURPLE=SPI; 16:9 high resolution. Title ""BBC micro:bit v2 + Fingerprint (R307)"". LEFT a BBC micro:bit v2 (3.3V logic). RIGHT a Fingerprint (R307) (Connectivity). Connect EXACTLY these 4 wires and no others: TX to P0 (CYAN); RX to P1 (CYAN); VCC to 3V (RED); GND to GND (BLACK). Show these exact pin labels; do not invent or add any wire."
micro-bit__ethernet-mod.png,"Realistic Fritzing-style hardware wiring diagram, flat vector product-illustration look, soft light-grey studio background, slight top-down angle, one microcontroller board on the LEFT and one module on the RIGHT connected by coloured jumper wires with correctly-spelled pin labels on both sides; wire colours RED=power BLACK=GND BLUE=I2C-SDA YELLOW=I2C-SCL GREEN=analog ORANGE=digital CYAN=UART PURPLE=SPI; 16:9 high resolution. Title ""BBC micro:bit v2 + Ethernet (W5100)"". LEFT a BBC micro:bit v2 (3.3V logic). RIGHT an Ethernet (W5100) (Connectivity). Connect EXACTLY these 6 wires and no others: SCK to P13 (SCK) (PURPLE); MOSI to P15 (MOSI) (PURPLE); MISO to P14 (MISO) (PURPLE); CS to P16 (CS) (PURPLE); VCC to 3V (RED); GND to GND (BLACK). Show these exact pin labels; do not invent or add any wire."
micro-bit__led.png,"Realistic Fritzing-style hardware wiring diagram, flat vector product-illustration look, soft light-grey studio background, slight top-down angle, one microcontroller board on the LEFT and one module on the RIGHT connected by coloured jumper wires with correctly-spelled pin labels on both sides; wire colours RED=power BLACK=GND BLUE=I2C-SDA YELLOW=I2C-SCL GREEN=analog ORANGE=digital CYAN=UART PURPLE=SPI; 16:9 high resolution. Title ""BBC micro:bit v2 + LED"". LEFT a BBC micro:bit v2 (3.3V logic). RIGHT a LED (Passive & Discrete). Connect EXACTLY these 2 wires and no others: Anode to P0 (ORANGE); GND to GND (BLACK). Show these exact pin labels; do not invent or add any wire."
micro-bit__potentiometer.png,"Realistic Fritzing-style hardware wiring diagram, flat vector product-illustration look, soft light-grey studio background, slight top-down angle, one microcontroller board on the LEFT and one module on the RIGHT connected by coloured jumper wires with correctly-spelled pin labels on both sides; wire colours RED=power BLACK=GND BLUE=I2C-SDA YELLOW=I2C-SCL GREEN=analog ORANGE=digital CYAN=UART PURPLE=SPI; 16:9 high resolution. Title ""BBC micro:bit v2 + Potentiometer"". LEFT a BBC micro:bit v2 (3.3V logic). RIGHT a Potentiometer (Passive & Discrete). Connect EXACTLY these 3 wires and no others: VCC to 3V (RED); GND to GND (BLACK); Wiper to P0 (GREEN). Show these exact pin labels; do not invent or add any wire."
micro-bit__push-button.png,"Realistic Fritzing-style hardware wiring diagram, flat vector product-illustration look, soft light-grey studio background, slight top-down angle, one microcontroller board on the LEFT and one module on the RIGHT connected by coloured jumper wires with correctly-spelled pin labels on both sides; wire colours RED=power BLACK=GND BLUE=I2C-SDA YELLOW=I2C-SCL GREEN=analog ORANGE=digital CYAN=UART PURPLE=SPI; 16:9 high resolution. Title ""BBC micro:bit v2 + Push Button"". LEFT a BBC micro:bit v2 (3.3V logic). RIGHT a Push Button (Input / Output). Connect EXACTLY these 1 wires and no others: 4 legs to P0 (ORANGE). Show these exact pin labels; do not invent or add any wire."
micro-bit__keypad.png,"Realistic Fritzing-style hardware wiring diagram, flat vector product-illustration look, soft light-grey studio background, slight top-down angle, one microcontroller board on the LEFT and one module on the RIGHT connected by coloured jumper wires with correctly-spelled pin labels on both sides; wire colours RED=power BLACK=GND BLUE=I2C-SDA YELLOW=I2C-SCL GREEN=analog ORANGE=digital CYAN=UART PURPLE=SPI; 16:9 high resolution. Title ""BBC micro:bit v2 + Matrix Keypad 4×4"". LEFT a BBC micro:bit v2 (3.3V logic). RIGHT a Matrix Keypad 4×4 (Input / Output). Connect EXACTLY these 1 wires and no others: 8 pins to P0 (ORANGE). Show these exact pin labels; do not invent or add any wire."
micro-bit__joystick.png,"Realistic Fritzing-style hardware wiring diagram, flat vector product-illustration look, soft light-grey studio background, slight top-down angle, one microcontroller board on the LEFT and one module on the RIGHT connected by coloured jumper wires with correctly-spelled pin labels on both sides; wire colours RED=power BLACK=GND BLUE=I2C-SDA YELLOW=I2C-SCL GREEN=analog ORANGE=digital CYAN=UART PURPLE=SPI; 16:9 high resolution. Title ""BBC micro:bit v2 + Joystick Module"". LEFT a BBC micro:bit v2 (3.3V logic). RIGHT a Joystick Module (Input / Output). Connect EXACTLY these 5 wires and no others: VRx to P0 (ORANGE); VRy to P1 (ORANGE); SW to P2 (ORANGE); VCC to 3V (RED); GND to GND (BLACK). Show these exact pin labels; do not invent or add any wire."
micro-bit__rotary-encoder.png,"Realistic Fritzing-style hardware wiring diagram, flat vector product-illustration look, soft light-grey studio background, slight top-down angle, one microcontroller board on the LEFT and one module on the RIGHT connected by coloured jumper wires with correctly-spelled pin labels on both sides; wire colours RED=power BLACK=GND BLUE=I2C-SDA YELLOW=I2C-SCL GREEN=analog ORANGE=digital CYAN=UART PURPLE=SPI; 16:9 high resolution. Title ""BBC micro:bit v2 + Rotary Encoder"". LEFT a BBC micro:bit v2 (3.3V logic). RIGHT a Rotary Encoder (Input / Output). Connect EXACTLY these 5 wires and no others: CLK to P0 (ORANGE); DT to P1 (ORANGE); SW to P2 (ORANGE); VCC to 3V (RED); GND to GND (BLACK). Show these exact pin labels; do not invent or add any wire."
micro-bit__sd-module.png,"Realistic Fritzing-style hardware wiring diagram, flat vector product-illustration look, soft light-grey studio background, slight top-down angle, one microcontroller board on the LEFT and one module on the RIGHT connected by coloured jumper wires with correctly-spelled pin labels on both sides; wire colours RED=power BLACK=GND BLUE=I2C-SDA YELLOW=I2C-SCL GREEN=analog ORANGE=digital CYAN=UART PURPLE=SPI; 16:9 high resolution. Title ""BBC micro:bit v2 + MicroSD Module"". LEFT a BBC micro:bit v2 (3.3V logic). RIGHT a MicroSD Module (Input / Output). Connect EXACTLY these 6 wires and no others: SCK to P13 (SCK) (PURPLE); MOSI to P15 (MOSI) (PURPLE); MISO to P14 (MISO) (PURPLE); CS to P16 (CS) (PURPLE); VCC to 3V (RED); GND to GND (BLACK). Show these exact pin labels; do not invent or add any wire."
micro-bit__rtc.png,"Realistic Fritzing-style hardware wiring diagram, flat vector product-illustration look, soft light-grey studio background, slight top-down angle, one microcontroller board on the LEFT and one module on the RIGHT connected by coloured jumper wires with correctly-spelled pin labels on both sides; wire colours RED=power BLACK=GND BLUE=I2C-SDA YELLOW=I2C-SCL GREEN=analog ORANGE=digital CYAN=UART PURPLE=SPI; 16:9 high resolution. Title ""BBC micro:bit v2 + RTC (DS3231)"". LEFT a BBC micro:bit v2 (3.3V logic). RIGHT a RTC (DS3231) (Input / Output). Connect EXACTLY these 4 wires and no others: SDA to P20 (SDA) (BLUE); SCL to P19 (SCL) (YELLOW); VCC to 3V (RED); GND to GND (BLACK). Show these exact pin labels; do not invent or add any wire."
micro-bit__speaker.png,"Realistic Fritzing-style hardware wiring diagram, flat vector product-illustration look, soft light-grey studio background, slight top-down angle, one microcontroller board on the LEFT and one module on the RIGHT connected by coloured jumper wires with correctly-spelled pin labels on both sides; wire colours RED=power BLACK=GND BLUE=I2C-SDA YELLOW=I2C-SCL GREEN=analog ORANGE=digital CYAN=UART PURPLE=SPI; 16:9 high resolution. Title ""BBC micro:bit v2 + Speaker / DFPlayer"". LEFT a BBC micro:bit v2 (3.3V logic). RIGHT a Speaker / DFPlayer (Input / Output). Connect EXACTLY these 4 wires and no others: RX to P0 (CYAN); TX to P1 (CYAN); VCC to 3V (RED); GND to GND (BLACK). Show these exact pin labels; do not invent or add any wire."
micro-bit__imu-robot.png,"Realistic Fritzing-style hardware wiring diagram, flat vector product-illustration look, soft light-grey studio background, slight top-down angle, one microcontroller board on the LEFT and one module on the RIGHT connected by coloured jumper wires with correctly-spelled pin labels on both sides; wire colours RED=power BLACK=GND BLUE=I2C-SDA YELLOW=I2C-SCL GREEN=analog ORANGE=digital CYAN=UART PURPLE=SPI; 16:9 high resolution. Title ""BBC micro:bit v2 + IMU / Balance"". LEFT a BBC micro:bit v2 (3.3V logic). RIGHT an IMU / Balance (Robotics). Connect EXACTLY these 5 wires and no others: SDA to P20 (SDA) (BLUE); SCL to P19 (SCL) (YELLOW); INT to P0 (ORANGE); VCC to 3V (RED); GND to GND (BLACK). Show these exact pin labels; do not invent or add any wire."
micro-bit__lidar-robot.png,"Realistic Fritzing-style hardware wiring diagram, flat vector product-illustration look, soft light-grey studio background, slight top-down angle, one microcontroller board on the LEFT and one module on the RIGHT connected by coloured jumper wires with correctly-spelled pin labels on both sides; wire colours RED=power BLACK=GND BLUE=I2C-SDA YELLOW=I2C-SCL GREEN=analog ORANGE=digital CYAN=UART PURPLE=SPI; 16:9 high resolution. Title ""BBC micro:bit v2 + LiDAR Scanner"". LEFT a BBC micro:bit v2 (3.3V logic). RIGHT a LiDAR Scanner (Robotics). Connect EXACTLY these 4 wires and no others: TX to P0 (CYAN); RX to P1 (CYAN); VCC to 3V (RED); GND to GND (BLACK). Show these exact pin labels; do not invent or add any wire."
jetson-nano__dht11.png,"Realistic Fritzing-style hardware wiring diagram, flat vector product-illustration look, soft light-grey studio background, slight top-down angle, one microcontroller board on the LEFT and one module on the RIGHT connected by coloured jumper wires with correctly-spelled pin labels on both sides; wire colours RED=power BLACK=GND BLUE=I2C-SDA YELLOW=I2C-SCL GREEN=analog ORANGE=digital CYAN=UART PURPLE=SPI; 16:9 high resolution. Title ""NVIDIA Jetson Nano Dev Kit + DHT11 / DHT22"". LEFT a NVIDIA Jetson Nano Dev Kit (3.3V logic). RIGHT a DHT11 / DHT22 (Sensors). Connect EXACTLY these 3 wires and no others: VCC to 3V3 (pin1) (RED); DATA to pin7 (ORANGE); GND to GND (BLACK). Show these exact pin labels; do not invent or add any wire."
jetson-nano__ds18b20.png,"Realistic Fritzing-style hardware wiring diagram, flat vector product-illustration look, soft light-grey studio background, slight top-down angle, one microcontroller board on the LEFT and one module on the RIGHT connected by coloured jumper wires with correctly-spelled pin labels on both sides; wire colours RED=power BLACK=GND BLUE=I2C-SDA YELLOW=I2C-SCL GREEN=analog ORANGE=digital CYAN=UART PURPLE=SPI; 16:9 high resolution. Title ""NVIDIA Jetson Nano Dev Kit + DS18B20"". LEFT a NVIDIA Jetson Nano Dev Kit (3.3V logic). RIGHT a DS18B20 (Sensors). Connect EXACTLY these 3 wires and no others: VDD to 3V3 (pin1) (RED); DQ to pin7 (ORANGE); GND to GND (BLACK). Show these exact pin labels; do not invent or add any wire."
jetson-nano__lm35.png,"Realistic Fritzing-style hardware wiring diagram, flat vector product-illustration look, soft light-grey studio background, slight top-down angle, one microcontroller board on the LEFT and one module on the RIGHT connected by coloured jumper wires with correctly-spelled pin labels on both sides; wire colours RED=power BLACK=GND BLUE=I2C-SDA YELLOW=I2C-SCL GREEN=analog ORANGE=digital CYAN=UART PURPLE=SPI; 16:9 high resolution. Title ""NVIDIA Jetson Nano Dev Kit + LM35"". LEFT a NVIDIA Jetson Nano Dev Kit (3.3V logic). RIGHT a LM35 (Sensors). Connect EXACTLY these 3 wires and no others: VCC to 3V3 (pin1) (RED); OUT to pin7 (needs ext. ADC) (GREEN); GND to GND (BLACK). Show these exact pin labels; do not invent or add any wire."
jetson-nano__hc-sr04.png,"Realistic Fritzing-style hardware wiring diagram, flat vector product-illustration look, soft light-grey studio background, slight top-down angle, one microcontroller board on the LEFT and one module on the RIGHT connected by coloured jumper wires with correctly-spelled pin labels on both sides; wire colours RED=power BLACK=GND BLUE=I2C-SDA YELLOW=I2C-SCL GREEN=analog ORANGE=digital CYAN=UART PURPLE=SPI; 16:9 high resolution. Title ""NVIDIA Jetson Nano Dev Kit + HC-SR04"". LEFT a NVIDIA Jetson Nano Dev Kit (3.3V logic). RIGHT a HC-SR04 (Sensors). Connect EXACTLY these 4 wires and no others: VCC to 3V3 (pin1) (RED); TRIG to pin7 (ORANGE); ECHO to pin11 (ORANGE); GND to GND (BLACK). Show these exact pin labels; do not invent or add any wire."
jetson-nano__pir.png,"Realistic Fritzing-style hardware wiring diagram, flat vector product-illustration look, soft light-grey studio background, slight top-down angle, one microcontroller board on the LEFT and one module on the RIGHT connected by coloured jumper wires with correctly-spelled pin labels on both sides; wire colours RED=power BLACK=GND BLUE=I2C-SDA YELLOW=I2C-SCL GREEN=analog ORANGE=digital CYAN=UART PURPLE=SPI; 16:9 high resolution. Title ""NVIDIA Jetson Nano Dev Kit + PIR Motion (HC-SR501)"". LEFT a NVIDIA Jetson Nano Dev Kit (3.3V logic). RIGHT a PIR Motion (HC-SR501) (Sensors). Connect EXACTLY these 3 wires and no others: VCC to 3V3 (pin1) (RED); OUT to pin7 (ORANGE); GND to GND (BLACK). Show these exact pin labels; do not invent or add any wire."
jetson-nano__ldr.png,"Realistic Fritzing-style hardware wiring diagram, flat vector product-illustration look, soft light-grey studio background, slight top-down angle, one microcontroller board on the LEFT and one module on the RIGHT connected by coloured jumper wires with correctly-spelled pin labels on both sides; wire colours RED=power BLACK=GND BLUE=I2C-SDA YELLOW=I2C-SCL GREEN=analog ORANGE=digital CYAN=UART PURPLE=SPI; 16:9 high resolution. Title ""NVIDIA Jetson Nano Dev Kit + LDR (Photoresistor)"". LEFT a NVIDIA Jetson Nano Dev Kit (3.3V logic). RIGHT a LDR (Photoresistor) (Sensors). Connect EXACTLY these 3 wires and no others: VCC to 3V3 (pin1) (RED); AO to pin7 (needs ext. ADC) (GREEN); GND to GND (BLACK). Show these exact pin labels; do not invent or add any wire."
jetson-nano__bh1750.png,"Realistic Fritzing-style hardware wiring diagram, flat vector product-illustration look, soft light-grey studio background, slight top-down angle, one microcontroller board on the LEFT and one module on the RIGHT connected by coloured jumper wires with correctly-spelled pin labels on both sides; wire colours RED=power BLACK=GND BLUE=I2C-SDA YELLOW=I2C-SCL GREEN=analog ORANGE=digital CYAN=UART PURPLE=SPI; 16:9 high resolution. Title ""NVIDIA Jetson Nano Dev Kit + BH1750"". LEFT a NVIDIA Jetson Nano Dev Kit (3.3V logic). RIGHT a BH1750 (Sensors). Connect EXACTLY these 5 wires and no others: VCC to 3V3 (pin1) (RED); GND to GND (BLACK); SDA to pin3 (SDA) (BLUE); SCL to pin5 (SCL) (YELLOW); ADDR to pin7 (ORANGE). Show these exact pin labels; do not invent or add any wire."
jetson-nano__mq2.png,"Realistic Fritzing-style hardware wiring diagram, flat vector product-illustration look, soft light-grey studio background, slight top-down angle, one microcontroller board on the LEFT and one module on the RIGHT connected by coloured jumper wires with correctly-spelled pin labels on both sides; wire colours RED=power BLACK=GND BLUE=I2C-SDA YELLOW=I2C-SCL GREEN=analog ORANGE=digital CYAN=UART PURPLE=SPI; 16:9 high resolution. Title ""NVIDIA Jetson Nano Dev Kit + MQ-2 Gas"". LEFT a NVIDIA Jetson Nano Dev Kit (3.3V logic). RIGHT a MQ-2 Gas (Sensors). Connect EXACTLY these 4 wires and no others: VCC to 3V3 (pin1) (RED); AO to pin7 (needs ext. ADC) (GREEN); DO to pin11 (ORANGE); GND to GND (BLACK). Show these exact pin labels; do not invent or add any wire."
jetson-nano__mq135.png,"Realistic Fritzing-style hardware wiring diagram, flat vector product-illustration look, soft light-grey studio background, slight top-down angle, one microcontroller board on the LEFT and one module on the RIGHT connected by coloured jumper wires with correctly-spelled pin labels on both sides; wire colours RED=power BLACK=GND BLUE=I2C-SDA YELLOW=I2C-SCL GREEN=analog ORANGE=digital CYAN=UART PURPLE=SPI; 16:9 high resolution. Title ""NVIDIA Jetson Nano Dev Kit + MQ-135 Air Quality"". LEFT a NVIDIA Jetson Nano Dev Kit (3.3V logic). RIGHT a MQ-135 Air Quality (Sensors). Connect EXACTLY these 4 wires and no others: VCC to 3V3 (pin1) (RED); AO to pin7 (needs ext. ADC) (GREEN); DO to pin11 (ORANGE); GND to GND (BLACK). Show these exact pin labels; do not invent or add any wire."
jetson-nano__mq7.png,"Realistic Fritzing-style hardware wiring diagram, flat vector product-illustration look, soft light-grey studio background, slight top-down angle, one microcontroller board on the LEFT and one module on the RIGHT connected by coloured jumper wires with correctly-spelled pin labels on both sides; wire colours RED=power BLACK=GND BLUE=I2C-SDA YELLOW=I2C-SCL GREEN=analog ORANGE=digital CYAN=UART PURPLE=SPI; 16:9 high resolution. Title ""NVIDIA Jetson Nano Dev Kit + MQ-7 CO"". LEFT a NVIDIA Jetson Nano Dev Kit (3.3V logic). RIGHT a MQ-7 CO (Sensors). Connect EXACTLY these 4 wires and no others: VCC to 3V3 (pin1) (RED); AO to pin7 (needs ext. ADC) (GREEN); DO to pin11 (ORANGE); GND to GND (BLACK). Show these exact pin labels; do not invent or add any wire."
jetson-nano__soil-moisture.png,"Realistic Fritzing-style hardware wiring diagram, flat vector product-illustration look, soft light-grey studio background, slight top-down angle, one microcontroller board on the LEFT and one module on the RIGHT connected by coloured jumper wires with correctly-spelled pin labels on both sides; wire colours RED=power BLACK=GND BLUE=I2C-SDA YELLOW=I2C-SCL GREEN=analog ORANGE=digital CYAN=UART PURPLE=SPI; 16:9 high resolution. Title ""NVIDIA Jetson Nano Dev Kit + Soil Moisture"". LEFT a NVIDIA Jetson Nano Dev Kit (3.3V logic). RIGHT a Soil Moisture (Sensors). Connect EXACTLY these 4 wires and no others: VCC to 3V3 (pin1) (RED); AO to pin7 (needs ext. ADC) (GREEN); DO to pin11 (ORANGE); GND to GND (BLACK). Show these exact pin labels; do not invent or add any wire."
jetson-nano__rain-sensor.png,"Realistic Fritzing-style hardware wiring diagram, flat vector product-illustration look, soft light-grey studio background, slight top-down angle, one microcontroller board on the LEFT and one module on the RIGHT connected by coloured jumper wires with correctly-spelled pin labels on both sides; wire colours RED=power BLACK=GND BLUE=I2C-SDA YELLOW=I2C-SCL GREEN=analog ORANGE=digital CYAN=UART PURPLE=SPI; 16:9 high resolution. Title ""NVIDIA Jetson Nano Dev Kit + Rain Sensor"". LEFT a NVIDIA Jetson Nano Dev Kit (3.3V logic). RIGHT a Rain Sensor (Sensors). Connect EXACTLY these 4 wires and no others: VCC to 3V3 (pin1) (RED); AO to pin7 (needs ext. ADC) (GREEN); DO to pin11 (ORANGE); GND to GND (BLACK). Show these exact pin labels; do not invent or add any wire."
jetson-nano__water-level.png,"Realistic Fritzing-style hardware wiring diagram, flat vector product-illustration look, soft light-grey studio background, slight top-down angle, one microcontroller board on the LEFT and one module on the RIGHT connected by coloured jumper wires with correctly-spelled pin labels on both sides; wire colours RED=power BLACK=GND BLUE=I2C-SDA YELLOW=I2C-SCL GREEN=analog ORANGE=digital CYAN=UART PURPLE=SPI; 16:9 high resolution. Title ""NVIDIA Jetson Nano Dev Kit + Water Level Sensor"". LEFT a NVIDIA Jetson Nano Dev Kit (3.3V logic). RIGHT a Water Level Sensor (Sensors). Connect EXACTLY these 3 wires and no others: + to 3V3 (pin1) (RED); S to pin7 (needs ext. ADC) (GREEN); - to GND (BLACK). Show these exact pin labels; do not invent or add any wire."
jetson-nano__flow-sensor.png,"Realistic Fritzing-style hardware wiring diagram, flat vector product-illustration look, soft light-grey studio background, slight top-down angle, one microcontroller board on the LEFT and one module on the RIGHT connected by coloured jumper wires with correctly-spelled pin labels on both sides; wire colours RED=power BLACK=GND BLUE=I2C-SDA YELLOW=I2C-SCL GREEN=analog ORANGE=digital CYAN=UART PURPLE=SPI; 16:9 high resolution. Title ""NVIDIA Jetson Nano Dev Kit + Water Flow (YF-S201)"". LEFT a NVIDIA Jetson Nano Dev Kit (3.3V logic). RIGHT a Water Flow (YF-S201) (Sensors). Connect EXACTLY these 3 wires and no others: VCC to 3V3 (pin1) (RED); SIGNAL to pin7 (ORANGE); GND to GND (BLACK). Show these exact pin labels; do not invent or add any wire."
jetson-nano__flame-sensor.png,"Realistic Fritzing-style hardware wiring diagram, flat vector product-illustration look, soft light-grey studio background, slight top-down angle, one microcontroller board on the LEFT and one module on the RIGHT connected by coloured jumper wires with correctly-spelled pin labels on both sides; wire colours RED=power BLACK=GND BLUE=I2C-SDA YELLOW=I2C-SCL GREEN=analog ORANGE=digital CYAN=UART PURPLE=SPI; 16:9 high resolution. Title ""NVIDIA Jetson Nano Dev Kit + Flame Sensor"". LEFT a NVIDIA Jetson Nano Dev Kit (3.3V logic). RIGHT a Flame Sensor (Sensors). Connect EXACTLY these 4 wires and no others: VCC to 3V3 (pin1) (RED); AO to pin7 (needs ext. ADC) (GREEN); DO to pin11 (ORANGE); GND to GND (BLACK). Show these exact pin labels; do not invent or add any wire."
jetson-nano__mpu6050.png,"Realistic Fritzing-style hardware wiring diagram, flat vector product-illustration look, soft light-grey studio background, slight top-down angle, one microcontroller board on the LEFT and one module on the RIGHT connected by coloured jumper wires with correctly-spelled pin labels on both sides; wire colours RED=power BLACK=GND BLUE=I2C-SDA YELLOW=I2C-SCL GREEN=analog ORANGE=digital CYAN=UART PURPLE=SPI; 16:9 high resolution. Title ""NVIDIA Jetson Nano Dev Kit + MPU-6050 IMU"". LEFT a NVIDIA Jetson Nano Dev Kit (3.3V logic). RIGHT a MPU-6050 IMU (Sensors). Connect EXACTLY these 5 wires and no others: VCC to 3V3 (pin1) (RED); SDA to pin3 (SDA) (BLUE); SCL to pin5 (SCL) (YELLOW); INT to pin7 (ORANGE); GND to GND (BLACK). Show these exact pin labels; do not invent or add any wire."
jetson-nano__hmc5883l.png,"Realistic Fritzing-style hardware wiring diagram, flat vector product-illustration look, soft light-grey studio background, slight top-down angle, one microcontroller board on the LEFT and one module on the RIGHT connected by coloured jumper wires with correctly-spelled pin labels on both sides; wire colours RED=power BLACK=GND BLUE=I2C-SDA YELLOW=I2C-SCL GREEN=analog ORANGE=digital CYAN=UART PURPLE=SPI; 16:9 high resolution. Title ""NVIDIA Jetson Nano Dev Kit + HMC5883L"". LEFT a NVIDIA Jetson Nano Dev Kit (3.3V logic). RIGHT a HMC5883L (Sensors). Connect EXACTLY these 5 wires and no others: VCC to 3V3 (pin1) (RED); SDA to pin3 (SDA) (BLUE); SCL to pin5 (SCL) (YELLOW); DRDY to pin7 (ORANGE); GND to GND (BLACK). Show these exact pin labels; do not invent or add any wire."
jetson-nano__bmp280.png,"Realistic Fritzing-style hardware wiring diagram, flat vector product-illustration look, soft light-grey studio background, slight top-down angle, one microcontroller board on the LEFT and one module on the RIGHT connected by coloured jumper wires with correctly-spelled pin labels on both sides; wire colours RED=power BLACK=GND BLUE=I2C-SDA YELLOW=I2C-SCL GREEN=analog ORANGE=digital CYAN=UART PURPLE=SPI; 16:9 high resolution. Title ""NVIDIA Jetson Nano Dev Kit + BMP280 / BME280"". LEFT a NVIDIA Jetson Nano Dev Kit (3.3V logic). RIGHT a BMP280 / BME280 (Sensors). Connect EXACTLY these 4 wires and no others: VCC to 3V3 (pin1) (RED); SDA to pin3 (SDA) (BLUE); SCL to pin5 (SCL) (YELLOW); GND to GND (BLACK). Show these exact pin labels; do not invent or add any wire."
jetson-nano__load-cell.png,"Realistic Fritzing-style hardware wiring diagram, flat vector product-illustration look, soft light-grey studio background, slight top-down angle, one microcontroller board on the LEFT and one module on the RIGHT connected by coloured jumper wires with correctly-spelled pin labels on both sides; wire colours RED=power BLACK=GND BLUE=I2C-SDA YELLOW=I2C-SCL GREEN=analog ORANGE=digital CYAN=UART PURPLE=SPI; 16:9 high resolution. Title ""NVIDIA Jetson Nano Dev Kit + Load Cell + HX711"". LEFT a NVIDIA Jetson Nano Dev Kit (3.3V logic). RIGHT a Load Cell + HX711 (Sensors). Connect EXACTLY these 4 wires and no others: DT to pin7 (ORANGE); CLK to pin11 (ORANGE); VCC to 3V3 (pin1) (RED); GND to GND (BLACK). Show these exact pin labels; do not invent or add any wire."
jetson-nano__ir-sensor.png,"Realistic Fritzing-style hardware wiring diagram, flat vector product-illustration look, soft light-grey studio background, slight top-down angle, one microcontroller board on the LEFT and one module on the RIGHT connected by coloured jumper wires with correctly-spelled pin labels on both sides; wire colours RED=power BLACK=GND BLUE=I2C-SDA YELLOW=I2C-SCL GREEN=analog ORANGE=digital CYAN=UART PURPLE=SPI; 16:9 high resolution. Title ""NVIDIA Jetson Nano Dev Kit + IR Obstacle Sensor"". LEFT a NVIDIA Jetson Nano Dev Kit (3.3V logic). RIGHT an IR Obstacle Sensor (Sensors). Connect EXACTLY these 3 wires and no others: VCC to 3V3 (pin1) (RED); OUT to pin7 (ORANGE); GND to GND (BLACK). Show these exact pin labels; do not invent or add any wire."
jetson-nano__color-sensor.png,"Realistic Fritzing-style hardware wiring diagram, flat vector product-illustration look, soft light-grey studio background, slight top-down angle, one microcontroller board on the LEFT and one module on the RIGHT connected by coloured jumper wires with correctly-spelled pin labels on both sides; wire colours RED=power BLACK=GND BLUE=I2C-SDA YELLOW=I2C-SCL GREEN=analog ORANGE=digital CYAN=UART PURPLE=SPI; 16:9 high resolution. Title ""NVIDIA Jetson Nano Dev Kit + TCS3200 Color"". LEFT a NVIDIA Jetson Nano Dev Kit (3.3V logic). RIGHT a TCS3200 Color (Sensors). Connect EXACTLY these 4 wires and no others: VCC to 3V3 (pin1) (RED); GND to GND (BLACK); S0–S3 to pin7 (ORANGE); OUT to pin11 (ORANGE). Show these exact pin labels; do not invent or add any wire."
jetson-nano__heart-rate.png,"Realistic Fritzing-style hardware wiring diagram, flat vector product-illustration look, soft light-grey studio background, slight top-down angle, one microcontroller board on the LEFT and one module on the RIGHT connected by coloured jumper wires with correctly-spelled pin labels on both sides; wire colours RED=power BLACK=GND BLUE=I2C-SDA YELLOW=I2C-SCL GREEN=analog ORANGE=digital CYAN=UART PURPLE=SPI; 16:9 high resolution. Title ""NVIDIA Jetson Nano Dev Kit + MAX30100 Pulse"". LEFT a NVIDIA Jetson Nano Dev Kit (3.3V logic). RIGHT a MAX30100 Pulse (Sensors). Connect EXACTLY these 5 wires and no others: VIN to 3V3 (pin1) (RED); SDA to pin3 (SDA) (BLUE); SCL to pin5 (SCL) (YELLOW); INT to pin7 (ORANGE); GND to GND (BLACK). Show these exact pin labels; do not invent or add any wire."
jetson-nano__ph-sensor.png,"Realistic Fritzing-style hardware wiring diagram, flat vector product-illustration look, soft light-grey studio background, slight top-down angle, one microcontroller board on the LEFT and one module on the RIGHT connected by coloured jumper wires with correctly-spelled pin labels on both sides; wire colours RED=power BLACK=GND BLUE=I2C-SDA YELLOW=I2C-SCL GREEN=analog ORANGE=digital CYAN=UART PURPLE=SPI; 16:9 high resolution. Title ""NVIDIA Jetson Nano Dev Kit + pH Sensor"". LEFT a NVIDIA Jetson Nano Dev Kit (3.3V logic). RIGHT a pH Sensor (Sensors). Connect EXACTLY these 3 wires and no others: VCC to 3V3 (pin1) (RED); GND to GND (BLACK); PO to pin7 (needs ext. ADC) (GREEN). Show these exact pin labels; do not invent or add any wire."
jetson-nano__current-sensor.png,"Realistic Fritzing-style hardware wiring diagram, flat vector product-illustration look, soft light-grey studio background, slight top-down angle, one microcontroller board on the LEFT and one module on the RIGHT connected by coloured jumper wires with correctly-spelled pin labels on both sides; wire colours RED=power BLACK=GND BLUE=I2C-SDA YELLOW=I2C-SCL GREEN=analog ORANGE=digital CYAN=UART PURPLE=SPI; 16:9 high resolution. Title ""NVIDIA Jetson Nano Dev Kit + ACS712 Current"". LEFT a NVIDIA Jetson Nano Dev Kit (3.3V logic). RIGHT an ACS712 Current (Sensors). Connect EXACTLY these 5 wires and no others: VCC to 3V3 (pin1) (RED); GND to GND (BLACK); OUT to pin7 (needs ext. ADC) (GREEN); IP+ to pin11 (ORANGE); IP- to pin13 (ORANGE). Show these exact pin labels; do not invent or add any wire."
jetson-nano__voltage-sensor.png,"Realistic Fritzing-style hardware wiring diagram, flat vector product-illustration look, soft light-grey studio background, slight top-down angle, one microcontroller board on the LEFT and one module on the RIGHT connected by coloured jumper wires with correctly-spelled pin labels on both sides; wire colours RED=power BLACK=GND BLUE=I2C-SDA YELLOW=I2C-SCL GREEN=analog ORANGE=digital CYAN=UART PURPLE=SPI; 16:9 high resolution. Title ""NVIDIA Jetson Nano Dev Kit + Voltage Sensor"". LEFT a NVIDIA Jetson Nano Dev Kit (3.3V logic). RIGHT a Voltage Sensor (Sensors). Connect EXACTLY these 2 wires and no others: S to pin7 (needs ext. ADC) (GREEN); - to GND (BLACK). Show these exact pin labels; do not invent or add any wire."
jetson-nano__ir-flame-array.png,"Realistic Fritzing-style hardware wiring diagram, flat vector product-illustration look, soft light-grey studio background, slight top-down angle, one microcontroller board on the LEFT and one module on the RIGHT connected by coloured jumper wires with correctly-spelled pin labels on both sides; wire colours RED=power BLACK=GND BLUE=I2C-SDA YELLOW=I2C-SCL GREEN=analog ORANGE=digital CYAN=UART PURPLE=SPI; 16:9 high resolution. Title ""NVIDIA Jetson Nano Dev Kit + Vibration (SW-420)"". LEFT a NVIDIA Jetson Nano Dev Kit (3.3V logic). RIGHT a Vibration (SW-420) (Sensors). Connect EXACTLY these 3 wires and no others: VCC to 3V3 (pin1) (RED); GND to GND (BLACK); DO to pin7 (ORANGE). Show these exact pin labels; do not invent or add any wire."
jetson-nano__lidar-sensor.png,"Realistic Fritzing-style hardware wiring diagram, flat vector product-illustration look, soft light-grey studio background, slight top-down angle, one microcontroller board on the LEFT and one module on the RIGHT connected by coloured jumper wires with correctly-spelled pin labels on both sides; wire colours RED=power BLACK=GND BLUE=I2C-SDA YELLOW=I2C-SCL GREEN=analog ORANGE=digital CYAN=UART PURPLE=SPI; 16:9 high resolution. Title ""NVIDIA Jetson Nano Dev Kit + LiDAR (TF-Luna)"". LEFT a NVIDIA Jetson Nano Dev Kit (3.3V logic). RIGHT a LiDAR (TF-Luna) (Sensors). Connect EXACTLY these 4 wires and no others: VCC to 3V3 (pin1) (RED); RXD to pin7 (ORANGE); TXD to pin11 (ORANGE); GND to GND (BLACK). Show these exact pin labels; do not invent or add any wire."
jetson-nano__servo.png,"Realistic Fritzing-style hardware wiring diagram, flat vector product-illustration look, soft light-grey studio background, slight top-down angle, one microcontroller board on the LEFT and one module on the RIGHT connected by coloured jumper wires with correctly-spelled pin labels on both sides; wire colours RED=power BLACK=GND BLUE=I2C-SDA YELLOW=I2C-SCL GREEN=analog ORANGE=digital CYAN=UART PURPLE=SPI; 16:9 high resolution. Title ""NVIDIA Jetson Nano Dev Kit + Servo (SG90/MG996)"". LEFT a NVIDIA Jetson Nano Dev Kit (3.3V logic). RIGHT a Servo (SG90/MG996) (Actuators & Motors). Connect EXACTLY these 3 wires and no others: Signal to pin7 (ORANGE); VCC to 3V3 (pin1) (RED); GND to GND (BLACK). Show these exact pin labels; do not invent or add any wire."
jetson-nano__stepper.png,"Realistic Fritzing-style hardware wiring diagram, flat vector product-illustration look, soft light-grey studio background, slight top-down angle, one microcontroller board on the LEFT and one module on the RIGHT connected by coloured jumper wires with correctly-spelled pin labels on both sides; wire colours RED=power BLACK=GND BLUE=I2C-SDA YELLOW=I2C-SCL GREEN=analog ORANGE=digital CYAN=UART PURPLE=SPI; 16:9 high resolution. Title ""NVIDIA Jetson Nano Dev Kit + Stepper (28BYJ-48)"". LEFT a NVIDIA Jetson Nano Dev Kit (3.3V logic). RIGHT a Stepper (28BYJ-48) (Actuators & Motors). Connect EXACTLY these 3 wires and no others: IN1–IN4 to pin7 (ORANGE); VCC to 3V3 (pin1) (RED); GND to GND (BLACK). Show these exact pin labels; do not invent or add any wire."
jetson-nano__l298n.png,"Realistic Fritzing-style hardware wiring diagram, flat vector product-illustration look, soft light-grey studio background, slight top-down angle, one microcontroller board on the LEFT and one module on the RIGHT connected by coloured jumper wires with correctly-spelled pin labels on both sides; wire colours RED=power BLACK=GND BLUE=I2C-SDA YELLOW=I2C-SCL GREEN=analog ORANGE=digital CYAN=UART PURPLE=SPI; 16:9 high resolution. Title ""NVIDIA Jetson Nano Dev Kit + L298N Driver"". LEFT a NVIDIA Jetson Nano Dev Kit (3.3V logic). RIGHT a L298N Driver (Actuators & Motors). Connect EXACTLY these 5 wires and no others: IN1–IN4 to pin7 (ORANGE); ENA to pin11 (ORANGE); ENB to pin13 (ORANGE); 5V to 3V3 (pin1) (RED); GND to GND (BLACK). Show these exact pin labels; do not invent or add any wire."
jetson-nano__l293d.png,"Realistic Fritzing-style hardware wiring diagram, flat vector product-illustration look, soft light-grey studio background, slight top-down angle, one microcontroller board on the LEFT and one module on the RIGHT connected by coloured jumper wires with correctly-spelled pin labels on both sides; wire colours RED=power BLACK=GND BLUE=I2C-SDA YELLOW=I2C-SCL GREEN=analog ORANGE=digital CYAN=UART PURPLE=SPI; 16:9 high resolution. Title ""NVIDIA Jetson Nano Dev Kit + L293D Driver"". LEFT a NVIDIA Jetson Nano Dev Kit (3.3V logic). RIGHT a L293D Driver (Actuators & Motors). Connect EXACTLY these 5 wires and no others: IN1–IN4 to pin7 (ORANGE); EN1 to pin11 (ORANGE); EN2 to pin13 (ORANGE); Vcc1 to 3V3 (pin1) (RED); GND to GND (BLACK). Show these exact pin labels; do not invent or add any wire."
jetson-nano__a4988.png,"Realistic Fritzing-style hardware wiring diagram, flat vector product-illustration look, soft light-grey studio background, slight top-down angle, one microcontroller board on the LEFT and one module on the RIGHT connected by coloured jumper wires with correctly-spelled pin labels on both sides; wire colours RED=power BLACK=GND BLUE=I2C-SDA YELLOW=I2C-SCL GREEN=analog ORANGE=digital CYAN=UART PURPLE=SPI; 16:9 high resolution. Title ""NVIDIA Jetson Nano Dev Kit + A4988 Driver"". LEFT a NVIDIA Jetson Nano Dev Kit (3.3V logic). RIGHT an A4988 Driver (Actuators & Motors). Connect EXACTLY these 5 wires and no others: STEP to pin7 (ORANGE); DIR to pin11 (ORANGE); VDD to 3V3 (pin1) (RED); GND to GND (BLACK); MS1 to pin13 (ORANGE). Show these exact pin labels; do not invent or add any wire."
jetson-nano__relay-module.png,"Realistic Fritzing-style hardware wiring diagram, flat vector product-illustration look, soft light-grey studio background, slight top-down angle, one microcontroller board on the LEFT and one module on the RIGHT connected by coloured jumper wires with correctly-spelled pin labels on both sides; wire colours RED=power BLACK=GND BLUE=I2C-SDA YELLOW=I2C-SCL GREEN=analog ORANGE=digital CYAN=UART PURPLE=SPI; 16:9 high resolution. Title ""NVIDIA Jetson Nano Dev Kit + Relay Module"". LEFT a NVIDIA Jetson Nano Dev Kit (3.3V logic). RIGHT a Relay Module (Actuators & Motors). Connect EXACTLY these 6 wires and no others: IN to pin7 (ORANGE); VCC to 3V3 (pin1) (RED); GND to GND (BLACK); COM to pin11 (ORANGE); NO to pin13 (ORANGE); NC to pin15 (ORANGE). Show these exact pin labels; do not invent or add any wire."
jetson-nano__water-pump.png,"Realistic Fritzing-style hardware wiring diagram, flat vector product-illustration look, soft light-grey studio background, slight top-down angle, one microcontroller board on the LEFT and one module on the RIGHT connected by coloured jumper wires with correctly-spelled pin labels on both sides; wire colours RED=power BLACK=GND BLUE=I2C-SDA YELLOW=I2C-SCL GREEN=analog ORANGE=digital CYAN=UART PURPLE=SPI; 16:9 high resolution. Title ""NVIDIA Jetson Nano Dev Kit + Water Pump"". LEFT a NVIDIA Jetson Nano Dev Kit (3.3V logic). RIGHT a Water Pump (Actuators & Motors). Connect EXACTLY these 2 wires and no others: + to 3V3 (pin1) (RED); - to GND (BLACK). Show these exact pin labels; do not invent or add any wire."
jetson-nano__servo-continuous.png,"Realistic Fritzing-style hardware wiring diagram, flat vector product-illustration look, soft light-grey studio background, slight top-down angle, one microcontroller board on the LEFT and one module on the RIGHT connected by coloured jumper wires with correctly-spelled pin labels on both sides; wire colours RED=power BLACK=GND BLUE=I2C-SDA YELLOW=I2C-SCL GREEN=analog ORANGE=digital CYAN=UART PURPLE=SPI; 16:9 high resolution. Title ""NVIDIA Jetson Nano Dev Kit + Continuous Servo"". LEFT a NVIDIA Jetson Nano Dev Kit (3.3V logic). RIGHT a Continuous Servo (Actuators & Motors). Connect EXACTLY these 3 wires and no others: Signal to pin7 (ORANGE); VCC to 3V3 (pin1) (RED); GND to GND (BLACK). Show these exact pin labels; do not invent or add any wire."
jetson-nano__buzzer.png,"Realistic Fritzing-style hardware wiring diagram, flat vector product-illustration look, soft light-grey studio background, slight top-down angle, one microcontroller board on the LEFT and one module on the RIGHT connected by coloured jumper wires with correctly-spelled pin labels on both sides; wire colours RED=power BLACK=GND BLUE=I2C-SDA YELLOW=I2C-SCL GREEN=analog ORANGE=digital CYAN=UART PURPLE=SPI; 16:9 high resolution. Title ""NVIDIA Jetson Nano Dev Kit + Buzzer"". LEFT a NVIDIA Jetson Nano Dev Kit (3.3V logic). RIGHT a Buzzer (Actuators & Motors). Connect EXACTLY these 2 wires and no others: + to 3V3 (pin1) (RED); - to GND (BLACK). Show these exact pin labels; do not invent or add any wire."
jetson-nano__lcd1602.png,"Realistic Fritzing-style hardware wiring diagram, flat vector product-illustration look, soft light-grey studio background, slight top-down angle, one microcontroller board on the LEFT and one module on the RIGHT connected by coloured jumper wires with correctly-spelled pin labels on both sides; wire colours RED=power BLACK=GND BLUE=I2C-SDA YELLOW=I2C-SCL GREEN=analog ORANGE=digital CYAN=UART PURPLE=SPI; 16:9 high resolution. Title ""NVIDIA Jetson Nano Dev Kit + LCD 16×2"". LEFT a NVIDIA Jetson Nano Dev Kit (3.3V logic). RIGHT a LCD 16×2 (Displays). Connect EXACTLY these 4 wires and no others: SDA to pin3 (SDA) (BLUE); SCL to pin5 (SCL) (YELLOW); VCC to 3V3 (pin1) (RED); GND to GND (BLACK). Show these exact pin labels; do not invent or add any wire."
jetson-nano__lcd2004.png,"Realistic Fritzing-style hardware wiring diagram, flat vector product-illustration look, soft light-grey studio background, slight top-down angle, one microcontroller board on the LEFT and one module on the RIGHT connected by coloured jumper wires with correctly-spelled pin labels on both sides; wire colours RED=power BLACK=GND BLUE=I2C-SDA YELLOW=I2C-SCL GREEN=analog ORANGE=digital CYAN=UART PURPLE=SPI; 16:9 high resolution. Title ""NVIDIA Jetson Nano Dev Kit + LCD 20×4"". LEFT a NVIDIA Jetson Nano Dev Kit (3.3V logic). RIGHT a LCD 20×4 (Displays). Connect EXACTLY these 4 wires and no others: SDA to pin3 (SDA) (BLUE); SCL to pin5 (SCL) (YELLOW); VCC to 3V3 (pin1) (RED); GND to GND (BLACK). Show these exact pin labels; do not invent or add any wire."
jetson-nano__oled.png,"Realistic Fritzing-style hardware wiring diagram, flat vector product-illustration look, soft light-grey studio background, slight top-down angle, one microcontroller board on the LEFT and one module on the RIGHT connected by coloured jumper wires with correctly-spelled pin labels on both sides; wire colours RED=power BLACK=GND BLUE=I2C-SDA YELLOW=I2C-SCL GREEN=analog ORANGE=digital CYAN=UART PURPLE=SPI; 16:9 high resolution. Title ""NVIDIA Jetson Nano Dev Kit + OLED 0.96"" (SSD1306)"". LEFT a NVIDIA Jetson Nano Dev Kit (3.3V logic). RIGHT an OLED 0.96"" (SSD1306) (Displays). Connect EXACTLY these 4 wires and no others: SDA to pin3 (SDA) (BLUE); SCL to pin5 (SCL) (YELLOW); VCC to 3V3 (pin1) (RED); GND to GND (BLACK). Show these exact pin labels; do not invent or add any wire."
jetson-nano__tft.png,"Realistic Fritzing-style hardware wiring diagram, flat vector product-illustration look, soft light-grey studio background, slight top-down angle, one microcontroller board on the LEFT and one module on the RIGHT connected by coloured jumper wires with correctly-spelled pin labels on both sides; wire colours RED=power BLACK=GND BLUE=I2C-SDA YELLOW=I2C-SCL GREEN=analog ORANGE=digital CYAN=UART PURPLE=SPI; 16:9 high resolution. Title ""NVIDIA Jetson Nano Dev Kit + TFT Touch Display"". LEFT a NVIDIA Jetson Nano Dev Kit (3.3V logic). RIGHT a TFT Touch Display (Displays). Connect EXACTLY these 9 wires and no others: SCK to pin23 (SCK) (PURPLE); MOSI to pin19 (MOSI) (PURPLE); MISO to pin21 (MISO) (PURPLE); CS to pin24 (CS0) (PURPLE); DC to pin7 (ORANGE); T_CS to pin11 (ORANGE); T_IRQ to pin13 (ORANGE); VCC to 3V3 (pin1) (RED); GND to GND (BLACK). Show these exact pin labels; do not invent or add any wire."
jetson-nano__seven-seg.png,"Realistic Fritzing-style hardware wiring diagram, flat vector product-illustration look, soft light-grey studio background, slight top-down angle, one microcontroller board on the LEFT and one module on the RIGHT connected by coloured jumper wires with correctly-spelled pin labels on both sides; wire colours RED=power BLACK=GND BLUE=I2C-SDA YELLOW=I2C-SCL GREEN=analog ORANGE=digital CYAN=UART PURPLE=SPI; 16:9 high resolution. Title ""NVIDIA Jetson Nano Dev Kit + 7-Segment Display"". LEFT a NVIDIA Jetson Nano Dev Kit (3.3V logic). RIGHT a 7-Segment Display (Displays). Connect EXACTLY these 3 wires and no others: a–g to pin7 (ORANGE); dp to pin11 (ORANGE); GND to GND (BLACK). Show these exact pin labels; do not invent or add any wire."
jetson-nano__led-matrix.png,"Realistic Fritzing-style hardware wiring diagram, flat vector product-illustration look, soft light-grey studio background, slight top-down angle, one microcontroller board on the LEFT and one module on the RIGHT connected by coloured jumper wires with correctly-spelled pin labels on both sides; wire colours RED=power BLACK=GND BLUE=I2C-SDA YELLOW=I2C-SCL GREEN=analog ORANGE=digital CYAN=UART PURPLE=SPI; 16:9 high resolution. Title ""NVIDIA Jetson Nano Dev Kit + LED Matrix (MAX7219)"". LEFT a NVIDIA Jetson Nano Dev Kit (3.3V logic). RIGHT a LED Matrix (MAX7219) (Displays). Connect EXACTLY these 5 wires and no others: DIN to pin19 (MOSI) (PURPLE); CS to pin24 (CS0) (PURPLE); CLK to pin7 (ORANGE); VCC to 3V3 (pin1) (RED); GND to GND (BLACK). Show these exact pin labels; do not invent or add any wire."
jetson-nano__neopixel.png,"Realistic Fritzing-style hardware wiring diagram, flat vector product-illustration look, soft light-grey studio background, slight top-down angle, one microcontroller board on the LEFT and one module on the RIGHT connected by coloured jumper wires with correctly-spelled pin labels on both sides; wire colours RED=power BLACK=GND BLUE=I2C-SDA YELLOW=I2C-SCL GREEN=analog ORANGE=digital CYAN=UART PURPLE=SPI; 16:9 high resolution. Title ""NVIDIA Jetson Nano Dev Kit + NeoPixel (WS2812)"". LEFT a NVIDIA Jetson Nano Dev Kit (3.3V logic). RIGHT a NeoPixel (WS2812) (Displays). Connect EXACTLY these 3 wires and no others: DIN to pin19 (MOSI) (PURPLE); 5V to 3V3 (pin1) (RED); GND to GND (BLACK). Show these exact pin labels; do not invent or add any wire."
jetson-nano__epaper.png,"Realistic Fritzing-style hardware wiring diagram, flat vector product-illustration look, soft light-grey studio background, slight top-down angle, one microcontroller board on the LEFT and one module on the RIGHT connected by coloured jumper wires with correctly-spelled pin labels on both sides; wire colours RED=power BLACK=GND BLUE=I2C-SDA YELLOW=I2C-SCL GREEN=analog ORANGE=digital CYAN=UART PURPLE=SPI; 16:9 high resolution. Title ""NVIDIA Jetson Nano Dev Kit + E-Paper Display"". LEFT a NVIDIA Jetson Nano Dev Kit (3.3V logic). RIGHT an E-Paper Display (Displays). Connect EXACTLY these 8 wires and no others: SCK to pin23 (SCK) (PURPLE); MOSI to pin19 (MOSI) (PURPLE); CS to pin24 (CS0) (PURPLE); DC to pin7 (ORANGE); BUSY to pin11 (ORANGE); RST to pin13 (ORANGE); VCC to 3V3 (pin1) (RED); GND to GND (BLACK). Show these exact pin labels; do not invent or add any wire."
jetson-nano__hc05.png,"Realistic Fritzing-style hardware wiring diagram, flat vector product-illustration look, soft light-grey studio background, slight top-down angle, one microcontroller board on the LEFT and one module on the RIGHT connected by coloured jumper wires with correctly-spelled pin labels on both sides; wire colours RED=power BLACK=GND BLUE=I2C-SDA YELLOW=I2C-SCL GREEN=analog ORANGE=digital CYAN=UART PURPLE=SPI; 16:9 high resolution. Title ""NVIDIA Jetson Nano Dev Kit + HC-05 Bluetooth"". LEFT a NVIDIA Jetson Nano Dev Kit (3.3V logic). RIGHT a HC-05 Bluetooth (Connectivity). Connect EXACTLY these 6 wires and no others: RXD to pin7 (ORANGE); TXD to pin11 (ORANGE); VCC to 3V3 (pin1) (RED); GND to GND (BLACK); EN to pin13 (ORANGE); KEY to pin15 (ORANGE). Show these exact pin labels; do not invent or add any wire."
jetson-nano__ble.png,"Realistic Fritzing-style hardware wiring diagram, flat vector product-illustration look, soft light-grey studio background, slight top-down angle, one microcontroller board on the LEFT and one module on the RIGHT connected by coloured jumper wires with correctly-spelled pin labels on both sides; wire colours RED=power BLACK=GND BLUE=I2C-SDA YELLOW=I2C-SCL GREEN=analog ORANGE=digital CYAN=UART PURPLE=SPI; 16:9 high resolution. Title ""NVIDIA Jetson Nano Dev Kit + BLE Module"". LEFT a NVIDIA Jetson Nano Dev Kit (3.3V logic). RIGHT a BLE Module (Connectivity). Connect EXACTLY these 4 wires and no others: RXD to pin7 (ORANGE); TXD to pin11 (ORANGE); VCC to 3V3 (pin1) (RED); GND to GND (BLACK). Show these exact pin labels; do not invent or add any wire."
jetson-nano__nrf24.png,"Realistic Fritzing-style hardware wiring diagram, flat vector product-illustration look, soft light-grey studio background, slight top-down angle, one microcontroller board on the LEFT and one module on the RIGHT connected by coloured jumper wires with correctly-spelled pin labels on both sides; wire colours RED=power BLACK=GND BLUE=I2C-SDA YELLOW=I2C-SCL GREEN=analog ORANGE=digital CYAN=UART PURPLE=SPI; 16:9 high resolution. Title ""NVIDIA Jetson Nano Dev Kit + nRF24L01"". LEFT a NVIDIA Jetson Nano Dev Kit (3.3V logic). RIGHT a nRF24L01 (Connectivity). Connect EXACTLY these 7 wires and no others: SCK to pin23 (SCK) (PURPLE); MOSI to pin19 (MOSI) (PURPLE); MISO to pin21 (MISO) (PURPLE); CSN to pin7 (ORANGE); CE to pin24 (CS0) (PURPLE); VCC to 3V3 (pin1) (RED); GND to GND (BLACK). Show these exact pin labels; do not invent or add any wire."
jetson-nano__lora.png,"Realistic Fritzing-style hardware wiring diagram, flat vector product-illustration look, soft light-grey studio background, slight top-down angle, one microcontroller board on the LEFT and one module on the RIGHT connected by coloured jumper wires with correctly-spelled pin labels on both sides; wire colours RED=power BLACK=GND BLUE=I2C-SDA YELLOW=I2C-SCL GREEN=analog ORANGE=digital CYAN=UART PURPLE=SPI; 16:9 high resolution. Title ""NVIDIA Jetson Nano Dev Kit + LoRa Module"". LEFT a NVIDIA Jetson Nano Dev Kit (3.3V logic). RIGHT a LoRa Module (Connectivity). Connect EXACTLY these 8 wires and no others: SCK to pin23 (SCK) (PURPLE); MOSI to pin19 (MOSI) (PURPLE); MISO to pin21 (MISO) (PURPLE); NSS to pin24 (CS0) (PURPLE); DIO0 to pin7 (ORANGE); RST to pin11 (ORANGE); VCC to 3V3 (pin1) (RED); GND to GND (BLACK). Show these exact pin labels; do not invent or add any wire."
jetson-nano__sim800.png,"Realistic Fritzing-style hardware wiring diagram, flat vector product-illustration look, soft light-grey studio background, slight top-down angle, one microcontroller board on the LEFT and one module on the RIGHT connected by coloured jumper wires with correctly-spelled pin labels on both sides; wire colours RED=power BLACK=GND BLUE=I2C-SDA YELLOW=I2C-SCL GREEN=analog ORANGE=digital CYAN=UART PURPLE=SPI; 16:9 high resolution. Title ""NVIDIA Jetson Nano Dev Kit + SIM800L GSM"". LEFT a NVIDIA Jetson Nano Dev Kit (3.3V logic). RIGHT a SIM800L GSM (Connectivity). Connect EXACTLY these 4 wires and no others: RXD to pin7 (ORANGE); TXD to pin11 (ORANGE); VCC to 3V3 (pin1) (RED); GND to GND (BLACK). Show these exact pin labels; do not invent or add any wire."
jetson-nano__sim900.png,"Realistic Fritzing-style hardware wiring diagram, flat vector product-illustration look, soft light-grey studio background, slight top-down angle, one microcontroller board on the LEFT and one module on the RIGHT connected by coloured jumper wires with correctly-spelled pin labels on both sides; wire colours RED=power BLACK=GND BLUE=I2C-SDA YELLOW=I2C-SCL GREEN=analog ORANGE=digital CYAN=UART PURPLE=SPI; 16:9 high resolution. Title ""NVIDIA Jetson Nano Dev Kit + SIM900 GSM"". LEFT a NVIDIA Jetson Nano Dev Kit (3.3V logic). RIGHT a SIM900 GSM (Connectivity). Connect EXACTLY these 4 wires and no others: RXD to pin7 (ORANGE); TXD to pin11 (ORANGE); VCC 5V to 3V3 (pin1) (RED); GND to GND (BLACK). Show these exact pin labels; do not invent or add any wire."
jetson-nano__gps-neo6.png,"Realistic Fritzing-style hardware wiring diagram, flat vector product-illustration look, soft light-grey studio background, slight top-down angle, one microcontroller board on the LEFT and one module on the RIGHT connected by coloured jumper wires with correctly-spelled pin labels on both sides; wire colours RED=power BLACK=GND BLUE=I2C-SDA YELLOW=I2C-SCL GREEN=analog ORANGE=digital CYAN=UART PURPLE=SPI; 16:9 high resolution. Title ""NVIDIA Jetson Nano Dev Kit + NEO-6M GPS"". LEFT a NVIDIA Jetson Nano Dev Kit (3.3V logic). RIGHT a NEO-6M GPS (Connectivity). Connect EXACTLY these 4 wires and no others: RX to pin8 (TXD) (CYAN); TX to pin10 (RXD) (CYAN); VCC to 3V3 (pin1) (RED); GND to GND (BLACK). Show these exact pin labels; do not invent or add any wire."
jetson-nano__rfid-rc522.png,"Realistic Fritzing-style hardware wiring diagram, flat vector product-illustration look, soft light-grey studio background, slight top-down angle, one microcontroller board on the LEFT and one module on the RIGHT connected by coloured jumper wires with correctly-spelled pin labels on both sides; wire colours RED=power BLACK=GND BLUE=I2C-SDA YELLOW=I2C-SCL GREEN=analog ORANGE=digital CYAN=UART PURPLE=SPI; 16:9 high resolution. Title ""NVIDIA Jetson Nano Dev Kit + RFID RC522"". LEFT a NVIDIA Jetson Nano Dev Kit (3.3V logic). RIGHT a RFID RC522 (Connectivity). Connect EXACTLY these 7 wires and no others: SCK to pin23 (SCK) (PURPLE); MOSI to pin19 (MOSI) (PURPLE); MISO to pin21 (MISO) (PURPLE); SS to pin24 (CS0) (PURPLE); RST to pin7 (ORANGE); VCC to 3V3 (pin1) (RED); GND to GND (BLACK). Show these exact pin labels; do not invent or add any wire."
jetson-nano__fingerprint-mod.png,"Realistic Fritzing-style hardware wiring diagram, flat vector product-illustration look, soft light-grey studio background, slight top-down angle, one microcontroller board on the LEFT and one module on the RIGHT connected by coloured jumper wires with correctly-spelled pin labels on both sides; wire colours RED=power BLACK=GND BLUE=I2C-SDA YELLOW=I2C-SCL GREEN=analog ORANGE=digital CYAN=UART PURPLE=SPI; 16:9 high resolution. Title ""NVIDIA Jetson Nano Dev Kit + Fingerprint (R307)"". LEFT a NVIDIA Jetson Nano Dev Kit (3.3V logic). RIGHT a Fingerprint (R307) (Connectivity). Connect EXACTLY these 4 wires and no others: TX to pin10 (RXD) (CYAN); RX to pin8 (TXD) (CYAN); VCC to 3V3 (pin1) (RED); GND to GND (BLACK). Show these exact pin labels; do not invent or add any wire."
jetson-nano__ethernet-mod.png,"Realistic Fritzing-style hardware wiring diagram, flat vector product-illustration look, soft light-grey studio background, slight top-down angle, one microcontroller board on the LEFT and one module on the RIGHT connected by coloured jumper wires with correctly-spelled pin labels on both sides; wire colours RED=power BLACK=GND BLUE=I2C-SDA YELLOW=I2C-SCL GREEN=analog ORANGE=digital CYAN=UART PURPLE=SPI; 16:9 high resolution. Title ""NVIDIA Jetson Nano Dev Kit + Ethernet (W5100)"". LEFT a NVIDIA Jetson Nano Dev Kit (3.3V logic). RIGHT an Ethernet (W5100) (Connectivity). Connect EXACTLY these 6 wires and no others: SCK to pin23 (SCK) (PURPLE); MOSI to pin19 (MOSI) (PURPLE); MISO to pin21 (MISO) (PURPLE); CS to pin24 (CS0) (PURPLE); VCC to 3V3 (pin1) (RED); GND to GND (BLACK). Show these exact pin labels; do not invent or add any wire."
jetson-nano__led.png,"Realistic Fritzing-style hardware wiring diagram, flat vector product-illustration look, soft light-grey studio background, slight top-down angle, one microcontroller board on the LEFT and one module on the RIGHT connected by coloured jumper wires with correctly-spelled pin labels on both sides; wire colours RED=power BLACK=GND BLUE=I2C-SDA YELLOW=I2C-SCL GREEN=analog ORANGE=digital CYAN=UART PURPLE=SPI; 16:9 high resolution. Title ""NVIDIA Jetson Nano Dev Kit + LED"". LEFT a NVIDIA Jetson Nano Dev Kit (3.3V logic). RIGHT a LED (Passive & Discrete). Connect EXACTLY these 2 wires and no others: Anode to pin7 (ORANGE); GND to GND (BLACK). Show these exact pin labels; do not invent or add any wire."
jetson-nano__potentiometer.png,"Realistic Fritzing-style hardware wiring diagram, flat vector product-illustration look, soft light-grey studio background, slight top-down angle, one microcontroller board on the LEFT and one module on the RIGHT connected by coloured jumper wires with correctly-spelled pin labels on both sides; wire colours RED=power BLACK=GND BLUE=I2C-SDA YELLOW=I2C-SCL GREEN=analog ORANGE=digital CYAN=UART PURPLE=SPI; 16:9 high resolution. Title ""NVIDIA Jetson Nano Dev Kit + Potentiometer"". LEFT a NVIDIA Jetson Nano Dev Kit (3.3V logic). RIGHT a Potentiometer (Passive & Discrete). Connect EXACTLY these 3 wires and no others: VCC to 3V3 (pin1) (RED); GND to GND (BLACK); Wiper to pin7 (needs ext. ADC) (GREEN). Show these exact pin labels; do not invent or add any wire."
jetson-nano__push-button.png,"Realistic Fritzing-style hardware wiring diagram, flat vector product-illustration look, soft light-grey studio background, slight top-down angle, one microcontroller board on the LEFT and one module on the RIGHT connected by coloured jumper wires with correctly-spelled pin labels on both sides; wire colours RED=power BLACK=GND BLUE=I2C-SDA YELLOW=I2C-SCL GREEN=analog ORANGE=digital CYAN=UART PURPLE=SPI; 16:9 high resolution. Title ""NVIDIA Jetson Nano Dev Kit + Push Button"". LEFT a NVIDIA Jetson Nano Dev Kit (3.3V logic). RIGHT a Push Button (Input / Output). Connect EXACTLY these 1 wires and no others: 4 legs to pin7 (ORANGE). Show these exact pin labels; do not invent or add any wire."
jetson-nano__keypad.png,"Realistic Fritzing-style hardware wiring diagram, flat vector product-illustration look, soft light-grey studio background, slight top-down angle, one microcontroller board on the LEFT and one module on the RIGHT connected by coloured jumper wires with correctly-spelled pin labels on both sides; wire colours RED=power BLACK=GND BLUE=I2C-SDA YELLOW=I2C-SCL GREEN=analog ORANGE=digital CYAN=UART PURPLE=SPI; 16:9 high resolution. Title ""NVIDIA Jetson Nano Dev Kit + Matrix Keypad 4×4"". LEFT a NVIDIA Jetson Nano Dev Kit (3.3V logic). RIGHT a Matrix Keypad 4×4 (Input / Output). Connect EXACTLY these 1 wires and no others: 8 pins to pin7 (ORANGE). Show these exact pin labels; do not invent or add any wire."
jetson-nano__joystick.png,"Realistic Fritzing-style hardware wiring diagram, flat vector product-illustration look, soft light-grey studio background, slight top-down angle, one microcontroller board on the LEFT and one module on the RIGHT connected by coloured jumper wires with correctly-spelled pin labels on both sides; wire colours RED=power BLACK=GND BLUE=I2C-SDA YELLOW=I2C-SCL GREEN=analog ORANGE=digital CYAN=UART PURPLE=SPI; 16:9 high resolution. Title ""NVIDIA Jetson Nano Dev Kit + Joystick Module"". LEFT a NVIDIA Jetson Nano Dev Kit (3.3V logic). RIGHT a Joystick Module (Input / Output). Connect EXACTLY these 5 wires and no others: VRx to pin7 (ORANGE); VRy to pin11 (ORANGE); SW to pin13 (ORANGE); VCC to 3V3 (pin1) (RED); GND to GND (BLACK). Show these exact pin labels; do not invent or add any wire."
jetson-nano__rotary-encoder.png,"Realistic Fritzing-style hardware wiring diagram, flat vector product-illustration look, soft light-grey studio background, slight top-down angle, one microcontroller board on the LEFT and one module on the RIGHT connected by coloured jumper wires with correctly-spelled pin labels on both sides; wire colours RED=power BLACK=GND BLUE=I2C-SDA YELLOW=I2C-SCL GREEN=analog ORANGE=digital CYAN=UART PURPLE=SPI; 16:9 high resolution. Title ""NVIDIA Jetson Nano Dev Kit + Rotary Encoder"". LEFT a NVIDIA Jetson Nano Dev Kit (3.3V logic). RIGHT a Rotary Encoder (Input / Output). Connect EXACTLY these 5 wires and no others: CLK to pin7 (ORANGE); DT to pin11 (ORANGE); SW to pin13 (ORANGE); VCC to 3V3 (pin1) (RED); GND to GND (BLACK). Show these exact pin labels; do not invent or add any wire."
jetson-nano__sd-module.png,"Realistic Fritzing-style hardware wiring diagram, flat vector product-illustration look, soft light-grey studio background, slight top-down angle, one microcontroller board on the LEFT and one module on the RIGHT connected by coloured jumper wires with correctly-spelled pin labels on both sides; wire colours RED=power BLACK=GND BLUE=I2C-SDA YELLOW=I2C-SCL GREEN=analog ORANGE=digital CYAN=UART PURPLE=SPI; 16:9 high resolution. Title ""NVIDIA Jetson Nano Dev Kit + MicroSD Module"". LEFT a NVIDIA Jetson Nano Dev Kit (3.3V logic). RIGHT a MicroSD Module (Input / Output). Connect EXACTLY these 6 wires and no others: SCK to pin23 (SCK) (PURPLE); MOSI to pin19 (MOSI) (PURPLE); MISO to pin21 (MISO) (PURPLE); CS to pin24 (CS0) (PURPLE); VCC to 3V3 (pin1) (RED); GND to GND (BLACK). Show these exact pin labels; do not invent or add any wire."
jetson-nano__rtc.png,"Realistic Fritzing-style hardware wiring diagram, flat vector product-illustration look, soft light-grey studio background, slight top-down angle, one microcontroller board on the LEFT and one module on the RIGHT connected by coloured jumper wires with correctly-spelled pin labels on both sides; wire colours RED=power BLACK=GND BLUE=I2C-SDA YELLOW=I2C-SCL GREEN=analog ORANGE=digital CYAN=UART PURPLE=SPI; 16:9 high resolution. Title ""NVIDIA Jetson Nano Dev Kit + RTC (DS3231)"". LEFT a NVIDIA Jetson Nano Dev Kit (3.3V logic). RIGHT a RTC (DS3231) (Input / Output). Connect EXACTLY these 4 wires and no others: SDA to pin3 (SDA) (BLUE); SCL to pin5 (SCL) (YELLOW); VCC to 3V3 (pin1) (RED); GND to GND (BLACK). Show these exact pin labels; do not invent or add any wire."
jetson-nano__speaker.png,"Realistic Fritzing-style hardware wiring diagram, flat vector product-illustration look, soft light-grey studio background, slight top-down angle, one microcontroller board on the LEFT and one module on the RIGHT connected by coloured jumper wires with correctly-spelled pin labels on both sides; wire colours RED=power BLACK=GND BLUE=I2C-SDA YELLOW=I2C-SCL GREEN=analog ORANGE=digital CYAN=UART PURPLE=SPI; 16:9 high resolution. Title ""NVIDIA Jetson Nano Dev Kit + Speaker / DFPlayer"". LEFT a NVIDIA Jetson Nano Dev Kit (3.3V logic). RIGHT a Speaker / DFPlayer (Input / Output). Connect EXACTLY these 4 wires and no others: RX to pin8 (TXD) (CYAN); TX to pin10 (RXD) (CYAN); VCC to 3V3 (pin1) (RED); GND to GND (BLACK). Show these exact pin labels; do not invent or add any wire."
jetson-nano__imu-robot.png,"Realistic Fritzing-style hardware wiring diagram, flat vector product-illustration look, soft light-grey studio background, slight top-down angle, one microcontroller board on the LEFT and one module on the RIGHT connected by coloured jumper wires with correctly-spelled pin labels on both sides; wire colours RED=power BLACK=GND BLUE=I2C-SDA YELLOW=I2C-SCL GREEN=analog ORANGE=digital CYAN=UART PURPLE=SPI; 16:9 high resolution. Title ""NVIDIA Jetson Nano Dev Kit + IMU / Balance"". LEFT a NVIDIA Jetson Nano Dev Kit (3.3V logic). RIGHT an IMU / Balance (Robotics). Connect EXACTLY these 5 wires and no others: SDA to pin3 (SDA) (BLUE); SCL to pin5 (SCL) (YELLOW); INT to pin7 (ORANGE); VCC to 3V3 (pin1) (RED); GND to GND (BLACK). Show these exact pin labels; do not invent or add any wire."
jetson-nano__lidar-robot.png,"Realistic Fritzing-style hardware wiring diagram, flat vector product-illustration look, soft light-grey studio background, slight top-down angle, one microcontroller board on the LEFT and one module on the RIGHT connected by coloured jumper wires with correctly-spelled pin labels on both sides; wire colours RED=power BLACK=GND BLUE=I2C-SDA YELLOW=I2C-SCL GREEN=analog ORANGE=digital CYAN=UART PURPLE=SPI; 16:9 high resolution. Title ""NVIDIA Jetson Nano Dev Kit + LiDAR Scanner"". LEFT a NVIDIA Jetson Nano Dev Kit (3.3V logic). RIGHT a LiDAR Scanner (Robotics). Connect EXACTLY these 4 wires and no others: TX to pin10 (RXD) (CYAN); RX to pin8 (TXD) (CYAN); VCC to 3V3 (pin1) (RED); GND to GND (BLACK). Show these exact pin labels; do not invent or add any wire."
orange-pi__dht11.png,"Realistic Fritzing-style hardware wiring diagram, flat vector product-illustration look, soft light-grey studio background, slight top-down angle, one microcontroller board on the LEFT and one module on the RIGHT connected by coloured jumper wires with correctly-spelled pin labels on both sides; wire colours RED=power BLACK=GND BLUE=I2C-SDA YELLOW=I2C-SCL GREEN=analog ORANGE=digital CYAN=UART PURPLE=SPI; 16:9 high resolution. Title ""Orange Pi + DHT11 / DHT22"". LEFT an Orange Pi (3.3V logic). RIGHT a DHT11 / DHT22 (Sensors). Connect EXACTLY these 3 wires and no others: VCC to 3V3 (pin1) (RED); DATA to pin7 (ORANGE); GND to GND (BLACK). Show these exact pin labels; do not invent or add any wire."
orange-pi__ds18b20.png,"Realistic Fritzing-style hardware wiring diagram, flat vector product-illustration look, soft light-grey studio background, slight top-down angle, one microcontroller board on the LEFT and one module on the RIGHT connected by coloured jumper wires with correctly-spelled pin labels on both sides; wire colours RED=power BLACK=GND BLUE=I2C-SDA YELLOW=I2C-SCL GREEN=analog ORANGE=digital CYAN=UART PURPLE=SPI; 16:9 high resolution. Title ""Orange Pi + DS18B20"". LEFT an Orange Pi (3.3V logic). RIGHT a DS18B20 (Sensors). Connect EXACTLY these 3 wires and no others: VDD to 3V3 (pin1) (RED); DQ to pin7 (ORANGE); GND to GND (BLACK). Show these exact pin labels; do not invent or add any wire."
orange-pi__lm35.png,"Realistic Fritzing-style hardware wiring diagram, flat vector product-illustration look, soft light-grey studio background, slight top-down angle, one microcontroller board on the LEFT and one module on the RIGHT connected by coloured jumper wires with correctly-spelled pin labels on both sides; wire colours RED=power BLACK=GND BLUE=I2C-SDA YELLOW=I2C-SCL GREEN=analog ORANGE=digital CYAN=UART PURPLE=SPI; 16:9 high resolution. Title ""Orange Pi + LM35"". LEFT an Orange Pi (3.3V logic). RIGHT a LM35 (Sensors). Connect EXACTLY these 3 wires and no others: VCC to 3V3 (pin1) (RED); OUT to pin7 (needs ext. ADC) (GREEN); GND to GND (BLACK). Show these exact pin labels; do not invent or add any wire."
orange-pi__hc-sr04.png,"Realistic Fritzing-style hardware wiring diagram, flat vector product-illustration look, soft light-grey studio background, slight top-down angle, one microcontroller board on the LEFT and one module on the RIGHT connected by coloured jumper wires with correctly-spelled pin labels on both sides; wire colours RED=power BLACK=GND BLUE=I2C-SDA YELLOW=I2C-SCL GREEN=analog ORANGE=digital CYAN=UART PURPLE=SPI; 16:9 high resolution. Title ""Orange Pi + HC-SR04"". LEFT an Orange Pi (3.3V logic). RIGHT a HC-SR04 (Sensors). Connect EXACTLY these 4 wires and no others: VCC to 3V3 (pin1) (RED); TRIG to pin7 (ORANGE); ECHO to pin11 (ORANGE); GND to GND (BLACK). Show these exact pin labels; do not invent or add any wire."
orange-pi__pir.png,"Realistic Fritzing-style hardware wiring diagram, flat vector product-illustration look, soft light-grey studio background, slight top-down angle, one microcontroller board on the LEFT and one module on the RIGHT connected by coloured jumper wires with correctly-spelled pin labels on both sides; wire colours RED=power BLACK=GND BLUE=I2C-SDA YELLOW=I2C-SCL GREEN=analog ORANGE=digital CYAN=UART PURPLE=SPI; 16:9 high resolution. Title ""Orange Pi + PIR Motion (HC-SR501)"". LEFT an Orange Pi (3.3V logic). RIGHT a PIR Motion (HC-SR501) (Sensors). Connect EXACTLY these 3 wires and no others: VCC to 3V3 (pin1) (RED); OUT to pin7 (ORANGE); GND to GND (BLACK). Show these exact pin labels; do not invent or add any wire."
orange-pi__ldr.png,"Realistic Fritzing-style hardware wiring diagram, flat vector product-illustration look, soft light-grey studio background, slight top-down angle, one microcontroller board on the LEFT and one module on the RIGHT connected by coloured jumper wires with correctly-spelled pin labels on both sides; wire colours RED=power BLACK=GND BLUE=I2C-SDA YELLOW=I2C-SCL GREEN=analog ORANGE=digital CYAN=UART PURPLE=SPI; 16:9 high resolution. Title ""Orange Pi + LDR (Photoresistor)"". LEFT an Orange Pi (3.3V logic). RIGHT a LDR (Photoresistor) (Sensors). Connect EXACTLY these 3 wires and no others: VCC to 3V3 (pin1) (RED); AO to pin7 (needs ext. ADC) (GREEN); GND to GND (BLACK). Show these exact pin labels; do not invent or add any wire."
orange-pi__bh1750.png,"Realistic Fritzing-style hardware wiring diagram, flat vector product-illustration look, soft light-grey studio background, slight top-down angle, one microcontroller board on the LEFT and one module on the RIGHT connected by coloured jumper wires with correctly-spelled pin labels on both sides; wire colours RED=power BLACK=GND BLUE=I2C-SDA YELLOW=I2C-SCL GREEN=analog ORANGE=digital CYAN=UART PURPLE=SPI; 16:9 high resolution. Title ""Orange Pi + BH1750"". LEFT an Orange Pi (3.3V logic). RIGHT a BH1750 (Sensors). Connect EXACTLY these 5 wires and no others: VCC to 3V3 (pin1) (RED); GND to GND (BLACK); SDA to pin3 (SDA) (BLUE); SCL to pin5 (SCL) (YELLOW); ADDR to pin7 (ORANGE). Show these exact pin labels; do not invent or add any wire."
orange-pi__mq2.png,"Realistic Fritzing-style hardware wiring diagram, flat vector product-illustration look, soft light-grey studio background, slight top-down angle, one microcontroller board on the LEFT and one module on the RIGHT connected by coloured jumper wires with correctly-spelled pin labels on both sides; wire colours RED=power BLACK=GND BLUE=I2C-SDA YELLOW=I2C-SCL GREEN=analog ORANGE=digital CYAN=UART PURPLE=SPI; 16:9 high resolution. Title ""Orange Pi + MQ-2 Gas"". LEFT an Orange Pi (3.3V logic). RIGHT a MQ-2 Gas (Sensors). Connect EXACTLY these 4 wires and no others: VCC to 3V3 (pin1) (RED); AO to pin7 (needs ext. ADC) (GREEN); DO to pin11 (ORANGE); GND to GND (BLACK). Show these exact pin labels; do not invent or add any wire."
orange-pi__mq135.png,"Realistic Fritzing-style hardware wiring diagram, flat vector product-illustration look, soft light-grey studio background, slight top-down angle, one microcontroller board on the LEFT and one module on the RIGHT connected by coloured jumper wires with correctly-spelled pin labels on both sides; wire colours RED=power BLACK=GND BLUE=I2C-SDA YELLOW=I2C-SCL GREEN=analog ORANGE=digital CYAN=UART PURPLE=SPI; 16:9 high resolution. Title ""Orange Pi + MQ-135 Air Quality"". LEFT an Orange Pi (3.3V logic). RIGHT a MQ-135 Air Quality (Sensors). Connect EXACTLY these 4 wires and no others: VCC to 3V3 (pin1) (RED); AO to pin7 (needs ext. ADC) (GREEN); DO to pin11 (ORANGE); GND to GND (BLACK). Show these exact pin labels; do not invent or add any wire."
orange-pi__mq7.png,"Realistic Fritzing-style hardware wiring diagram, flat vector product-illustration look, soft light-grey studio background, slight top-down angle, one microcontroller board on the LEFT and one module on the RIGHT connected by coloured jumper wires with correctly-spelled pin labels on both sides; wire colours RED=power BLACK=GND BLUE=I2C-SDA YELLOW=I2C-SCL GREEN=analog ORANGE=digital CYAN=UART PURPLE=SPI; 16:9 high resolution. Title ""Orange Pi + MQ-7 CO"". LEFT an Orange Pi (3.3V logic). RIGHT a MQ-7 CO (Sensors). Connect EXACTLY these 4 wires and no others: VCC to 3V3 (pin1) (RED); AO to pin7 (needs ext. ADC) (GREEN); DO to pin11 (ORANGE); GND to GND (BLACK). Show these exact pin labels; do not invent or add any wire."
orange-pi__soil-moisture.png,"Realistic Fritzing-style hardware wiring diagram, flat vector product-illustration look, soft light-grey studio background, slight top-down angle, one microcontroller board on the LEFT and one module on the RIGHT connected by coloured jumper wires with correctly-spelled pin labels on both sides; wire colours RED=power BLACK=GND BLUE=I2C-SDA YELLOW=I2C-SCL GREEN=analog ORANGE=digital CYAN=UART PURPLE=SPI; 16:9 high resolution. Title ""Orange Pi + Soil Moisture"". LEFT an Orange Pi (3.3V logic). RIGHT a Soil Moisture (Sensors). Connect EXACTLY these 4 wires and no others: VCC to 3V3 (pin1) (RED); AO to pin7 (needs ext. ADC) (GREEN); DO to pin11 (ORANGE); GND to GND (BLACK). Show these exact pin labels; do not invent or add any wire."
orange-pi__rain-sensor.png,"Realistic Fritzing-style hardware wiring diagram, flat vector product-illustration look, soft light-grey studio background, slight top-down angle, one microcontroller board on the LEFT and one module on the RIGHT connected by coloured jumper wires with correctly-spelled pin labels on both sides; wire colours RED=power BLACK=GND BLUE=I2C-SDA YELLOW=I2C-SCL GREEN=analog ORANGE=digital CYAN=UART PURPLE=SPI; 16:9 high resolution. Title ""Orange Pi + Rain Sensor"". LEFT an Orange Pi (3.3V logic). RIGHT a Rain Sensor (Sensors). Connect EXACTLY these 4 wires and no others: VCC to 3V3 (pin1) (RED); AO to pin7 (needs ext. ADC) (GREEN); DO to pin11 (ORANGE); GND to GND (BLACK). Show these exact pin labels; do not invent or add any wire."
orange-pi__water-level.png,"Realistic Fritzing-style hardware wiring diagram, flat vector product-illustration look, soft light-grey studio background, slight top-down angle, one microcontroller board on the LEFT and one module on the RIGHT connected by coloured jumper wires with correctly-spelled pin labels on both sides; wire colours RED=power BLACK=GND BLUE=I2C-SDA YELLOW=I2C-SCL GREEN=analog ORANGE=digital CYAN=UART PURPLE=SPI; 16:9 high resolution. Title ""Orange Pi + Water Level Sensor"". LEFT an Orange Pi (3.3V logic). RIGHT a Water Level Sensor (Sensors). Connect EXACTLY these 3 wires and no others: + to 3V3 (pin1) (RED); S to pin7 (needs ext. ADC) (GREEN); - to GND (BLACK). Show these exact pin labels; do not invent or add any wire."
orange-pi__flow-sensor.png,"Realistic Fritzing-style hardware wiring diagram, flat vector product-illustration look, soft light-grey studio background, slight top-down angle, one microcontroller board on the LEFT and one module on the RIGHT connected by coloured jumper wires with correctly-spelled pin labels on both sides; wire colours RED=power BLACK=GND BLUE=I2C-SDA YELLOW=I2C-SCL GREEN=analog ORANGE=digital CYAN=UART PURPLE=SPI; 16:9 high resolution. Title ""Orange Pi + Water Flow (YF-S201)"". LEFT an Orange Pi (3.3V logic). RIGHT a Water Flow (YF-S201) (Sensors). Connect EXACTLY these 3 wires and no others: VCC to 3V3 (pin1) (RED); SIGNAL to pin7 (ORANGE); GND to GND (BLACK). Show these exact pin labels; do not invent or add any wire."
orange-pi__flame-sensor.png,"Realistic Fritzing-style hardware wiring diagram, flat vector product-illustration look, soft light-grey studio background, slight top-down angle, one microcontroller board on the LEFT and one module on the RIGHT connected by coloured jumper wires with correctly-spelled pin labels on both sides; wire colours RED=power BLACK=GND BLUE=I2C-SDA YELLOW=I2C-SCL GREEN=analog ORANGE=digital CYAN=UART PURPLE=SPI; 16:9 high resolution. Title ""Orange Pi + Flame Sensor"". LEFT an Orange Pi (3.3V logic). RIGHT a Flame Sensor (Sensors). Connect EXACTLY these 4 wires and no others: VCC to 3V3 (pin1) (RED); AO to pin7 (needs ext. ADC) (GREEN); DO to pin11 (ORANGE); GND to GND (BLACK). Show these exact pin labels; do not invent or add any wire."
orange-pi__mpu6050.png,"Realistic Fritzing-style hardware wiring diagram, flat vector product-illustration look, soft light-grey studio background, slight top-down angle, one microcontroller board on the LEFT and one module on the RIGHT connected by coloured jumper wires with correctly-spelled pin labels on both sides; wire colours RED=power BLACK=GND BLUE=I2C-SDA YELLOW=I2C-SCL GREEN=analog ORANGE=digital CYAN=UART PURPLE=SPI; 16:9 high resolution. Title ""Orange Pi + MPU-6050 IMU"". LEFT an Orange Pi (3.3V logic). RIGHT a MPU-6050 IMU (Sensors). Connect EXACTLY these 5 wires and no others: VCC to 3V3 (pin1) (RED); SDA to pin3 (SDA) (BLUE); SCL to pin5 (SCL) (YELLOW); INT to pin7 (ORANGE); GND to GND (BLACK). Show these exact pin labels; do not invent or add any wire."
orange-pi__hmc5883l.png,"Realistic Fritzing-style hardware wiring diagram, flat vector product-illustration look, soft light-grey studio background, slight top-down angle, one microcontroller board on the LEFT and one module on the RIGHT connected by coloured jumper wires with correctly-spelled pin labels on both sides; wire colours RED=power BLACK=GND BLUE=I2C-SDA YELLOW=I2C-SCL GREEN=analog ORANGE=digital CYAN=UART PURPLE=SPI; 16:9 high resolution. Title ""Orange Pi + HMC5883L"". LEFT an Orange Pi (3.3V logic). RIGHT a HMC5883L (Sensors). Connect EXACTLY these 5 wires and no others: VCC to 3V3 (pin1) (RED); SDA to pin3 (SDA) (BLUE); SCL to pin5 (SCL) (YELLOW); DRDY to pin7 (ORANGE); GND to GND (BLACK). Show these exact pin labels; do not invent or add any wire."
orange-pi__bmp280.png,"Realistic Fritzing-style hardware wiring diagram, flat vector product-illustration look, soft light-grey studio background, slight top-down angle, one microcontroller board on the LEFT and one module on the RIGHT connected by coloured jumper wires with correctly-spelled pin labels on both sides; wire colours RED=power BLACK=GND BLUE=I2C-SDA YELLOW=I2C-SCL GREEN=analog ORANGE=digital CYAN=UART PURPLE=SPI; 16:9 high resolution. Title ""Orange Pi + BMP280 / BME280"". LEFT an Orange Pi (3.3V logic). RIGHT a BMP280 / BME280 (Sensors). Connect EXACTLY these 4 wires and no others: VCC to 3V3 (pin1) (RED); SDA to pin3 (SDA) (BLUE); SCL to pin5 (SCL) (YELLOW); GND to GND (BLACK). Show these exact pin labels; do not invent or add any wire."
orange-pi__load-cell.png,"Realistic Fritzing-style hardware wiring diagram, flat vector product-illustration look, soft light-grey studio background, slight top-down angle, one microcontroller board on the LEFT and one module on the RIGHT connected by coloured jumper wires with correctly-spelled pin labels on both sides; wire colours RED=power BLACK=GND BLUE=I2C-SDA YELLOW=I2C-SCL GREEN=analog ORANGE=digital CYAN=UART PURPLE=SPI; 16:9 high resolution. Title ""Orange Pi + Load Cell + HX711"". LEFT an Orange Pi (3.3V logic). RIGHT a Load Cell + HX711 (Sensors). Connect EXACTLY these 4 wires and no others: DT to pin7 (ORANGE); CLK to pin11 (ORANGE); VCC to 3V3 (pin1) (RED); GND to GND (BLACK). Show these exact pin labels; do not invent or add any wire."
orange-pi__ir-sensor.png,"Realistic Fritzing-style hardware wiring diagram, flat vector product-illustration look, soft light-grey studio background, slight top-down angle, one microcontroller board on the LEFT and one module on the RIGHT connected by coloured jumper wires with correctly-spelled pin labels on both sides; wire colours RED=power BLACK=GND BLUE=I2C-SDA YELLOW=I2C-SCL GREEN=analog ORANGE=digital CYAN=UART PURPLE=SPI; 16:9 high resolution. Title ""Orange Pi + IR Obstacle Sensor"". LEFT an Orange Pi (3.3V logic). RIGHT an IR Obstacle Sensor (Sensors). Connect EXACTLY these 3 wires and no others: VCC to 3V3 (pin1) (RED); OUT to pin7 (ORANGE); GND to GND (BLACK). Show these exact pin labels; do not invent or add any wire."
orange-pi__color-sensor.png,"Realistic Fritzing-style hardware wiring diagram, flat vector product-illustration look, soft light-grey studio background, slight top-down angle, one microcontroller board on the LEFT and one module on the RIGHT connected by coloured jumper wires with correctly-spelled pin labels on both sides; wire colours RED=power BLACK=GND BLUE=I2C-SDA YELLOW=I2C-SCL GREEN=analog ORANGE=digital CYAN=UART PURPLE=SPI; 16:9 high resolution. Title ""Orange Pi + TCS3200 Color"". LEFT an Orange Pi (3.3V logic). RIGHT a TCS3200 Color (Sensors). Connect EXACTLY these 4 wires and no others: VCC to 3V3 (pin1) (RED); GND to GND (BLACK); S0–S3 to pin7 (ORANGE); OUT to pin11 (ORANGE). Show these exact pin labels; do not invent or add any wire."
orange-pi__heart-rate.png,"Realistic Fritzing-style hardware wiring diagram, flat vector product-illustration look, soft light-grey studio background, slight top-down angle, one microcontroller board on the LEFT and one module on the RIGHT connected by coloured jumper wires with correctly-spelled pin labels on both sides; wire colours RED=power BLACK=GND BLUE=I2C-SDA YELLOW=I2C-SCL GREEN=analog ORANGE=digital CYAN=UART PURPLE=SPI; 16:9 high resolution. Title ""Orange Pi + MAX30100 Pulse"". LEFT an Orange Pi (3.3V logic). RIGHT a MAX30100 Pulse (Sensors). Connect EXACTLY these 5 wires and no others: VIN to 3V3 (pin1) (RED); SDA to pin3 (SDA) (BLUE); SCL to pin5 (SCL) (YELLOW); INT to pin7 (ORANGE); GND to GND (BLACK). Show these exact pin labels; do not invent or add any wire."
orange-pi__ph-sensor.png,"Realistic Fritzing-style hardware wiring diagram, flat vector product-illustration look, soft light-grey studio background, slight top-down angle, one microcontroller board on the LEFT and one module on the RIGHT connected by coloured jumper wires with correctly-spelled pin labels on both sides; wire colours RED=power BLACK=GND BLUE=I2C-SDA YELLOW=I2C-SCL GREEN=analog ORANGE=digital CYAN=UART PURPLE=SPI; 16:9 high resolution. Title ""Orange Pi + pH Sensor"". LEFT an Orange Pi (3.3V logic). RIGHT a pH Sensor (Sensors). Connect EXACTLY these 3 wires and no others: VCC to 3V3 (pin1) (RED); GND to GND (BLACK); PO to pin7 (needs ext. ADC) (GREEN). Show these exact pin labels; do not invent or add any wire."
orange-pi__current-sensor.png,"Realistic Fritzing-style hardware wiring diagram, flat vector product-illustration look, soft light-grey studio background, slight top-down angle, one microcontroller board on the LEFT and one module on the RIGHT connected by coloured jumper wires with correctly-spelled pin labels on both sides; wire colours RED=power BLACK=GND BLUE=I2C-SDA YELLOW=I2C-SCL GREEN=analog ORANGE=digital CYAN=UART PURPLE=SPI; 16:9 high resolution. Title ""Orange Pi + ACS712 Current"". LEFT an Orange Pi (3.3V logic). RIGHT an ACS712 Current (Sensors). Connect EXACTLY these 5 wires and no others: VCC to 3V3 (pin1) (RED); GND to GND (BLACK); OUT to pin7 (needs ext. ADC) (GREEN); IP+ to pin11 (ORANGE); IP- to pin13 (ORANGE). Show these exact pin labels; do not invent or add any wire."
orange-pi__voltage-sensor.png,"Realistic Fritzing-style hardware wiring diagram, flat vector product-illustration look, soft light-grey studio background, slight top-down angle, one microcontroller board on the LEFT and one module on the RIGHT connected by coloured jumper wires with correctly-spelled pin labels on both sides; wire colours RED=power BLACK=GND BLUE=I2C-SDA YELLOW=I2C-SCL GREEN=analog ORANGE=digital CYAN=UART PURPLE=SPI; 16:9 high resolution. Title ""Orange Pi + Voltage Sensor"". LEFT an Orange Pi (3.3V logic). RIGHT a Voltage Sensor (Sensors). Connect EXACTLY these 2 wires and no others: S to pin7 (needs ext. ADC) (GREEN); - to GND (BLACK). Show these exact pin labels; do not invent or add any wire."
orange-pi__ir-flame-array.png,"Realistic Fritzing-style hardware wiring diagram, flat vector product-illustration look, soft light-grey studio background, slight top-down angle, one microcontroller board on the LEFT and one module on the RIGHT connected by coloured jumper wires with correctly-spelled pin labels on both sides; wire colours RED=power BLACK=GND BLUE=I2C-SDA YELLOW=I2C-SCL GREEN=analog ORANGE=digital CYAN=UART PURPLE=SPI; 16:9 high resolution. Title ""Orange Pi + Vibration (SW-420)"". LEFT an Orange Pi (3.3V logic). RIGHT a Vibration (SW-420) (Sensors). Connect EXACTLY these 3 wires and no others: VCC to 3V3 (pin1) (RED); GND to GND (BLACK); DO to pin7 (ORANGE). Show these exact pin labels; do not invent or add any wire."
orange-pi__lidar-sensor.png,"Realistic Fritzing-style hardware wiring diagram, flat vector product-illustration look, soft light-grey studio background, slight top-down angle, one microcontroller board on the LEFT and one module on the RIGHT connected by coloured jumper wires with correctly-spelled pin labels on both sides; wire colours RED=power BLACK=GND BLUE=I2C-SDA YELLOW=I2C-SCL GREEN=analog ORANGE=digital CYAN=UART PURPLE=SPI; 16:9 high resolution. Title ""Orange Pi + LiDAR (TF-Luna)"". LEFT an Orange Pi (3.3V logic). RIGHT a LiDAR (TF-Luna) (Sensors). Connect EXACTLY these 4 wires and no others: VCC to 3V3 (pin1) (RED); RXD to pin7 (ORANGE); TXD to pin11 (ORANGE); GND to GND (BLACK). Show these exact pin labels; do not invent or add any wire."
orange-pi__servo.png,"Realistic Fritzing-style hardware wiring diagram, flat vector product-illustration look, soft light-grey studio background, slight top-down angle, one microcontroller board on the LEFT and one module on the RIGHT connected by coloured jumper wires with correctly-spelled pin labels on both sides; wire colours RED=power BLACK=GND BLUE=I2C-SDA YELLOW=I2C-SCL GREEN=analog ORANGE=digital CYAN=UART PURPLE=SPI; 16:9 high resolution. Title ""Orange Pi + Servo (SG90/MG996)"". LEFT an Orange Pi (3.3V logic). RIGHT a Servo (SG90/MG996) (Actuators & Motors). Connect EXACTLY these 3 wires and no others: Signal to pin7 (ORANGE); VCC to 3V3 (pin1) (RED); GND to GND (BLACK). Show these exact pin labels; do not invent or add any wire."
orange-pi__stepper.png,"Realistic Fritzing-style hardware wiring diagram, flat vector product-illustration look, soft light-grey studio background, slight top-down angle, one microcontroller board on the LEFT and one module on the RIGHT connected by coloured jumper wires with correctly-spelled pin labels on both sides; wire colours RED=power BLACK=GND BLUE=I2C-SDA YELLOW=I2C-SCL GREEN=analog ORANGE=digital CYAN=UART PURPLE=SPI; 16:9 high resolution. Title ""Orange Pi + Stepper (28BYJ-48)"". LEFT an Orange Pi (3.3V logic). RIGHT a Stepper (28BYJ-48) (Actuators & Motors). Connect EXACTLY these 3 wires and no others: IN1–IN4 to pin7 (ORANGE); VCC to 3V3 (pin1) (RED); GND to GND (BLACK). Show these exact pin labels; do not invent or add any wire."
orange-pi__l298n.png,"Realistic Fritzing-style hardware wiring diagram, flat vector product-illustration look, soft light-grey studio background, slight top-down angle, one microcontroller board on the LEFT and one module on the RIGHT connected by coloured jumper wires with correctly-spelled pin labels on both sides; wire colours RED=power BLACK=GND BLUE=I2C-SDA YELLOW=I2C-SCL GREEN=analog ORANGE=digital CYAN=UART PURPLE=SPI; 16:9 high resolution. Title ""Orange Pi + L298N Driver"". LEFT an Orange Pi (3.3V logic). RIGHT a L298N Driver (Actuators & Motors). Connect EXACTLY these 5 wires and no others: IN1–IN4 to pin7 (ORANGE); ENA to pin11 (ORANGE); ENB to pin13 (ORANGE); 5V to 3V3 (pin1) (RED); GND to GND (BLACK). Show these exact pin labels; do not invent or add any wire."
orange-pi__l293d.png,"Realistic Fritzing-style hardware wiring diagram, flat vector product-illustration look, soft light-grey studio background, slight top-down angle, one microcontroller board on the LEFT and one module on the RIGHT connected by coloured jumper wires with correctly-spelled pin labels on both sides; wire colours RED=power BLACK=GND BLUE=I2C-SDA YELLOW=I2C-SCL GREEN=analog ORANGE=digital CYAN=UART PURPLE=SPI; 16:9 high resolution. Title ""Orange Pi + L293D Driver"". LEFT an Orange Pi (3.3V logic). RIGHT a L293D Driver (Actuators & Motors). Connect EXACTLY these 5 wires and no others: IN1–IN4 to pin7 (ORANGE); EN1 to pin11 (ORANGE); EN2 to pin13 (ORANGE); Vcc1 to 3V3 (pin1) (RED); GND to GND (BLACK). Show these exact pin labels; do not invent or add any wire."
orange-pi__a4988.png,"Realistic Fritzing-style hardware wiring diagram, flat vector product-illustration look, soft light-grey studio background, slight top-down angle, one microcontroller board on the LEFT and one module on the RIGHT connected by coloured jumper wires with correctly-spelled pin labels on both sides; wire colours RED=power BLACK=GND BLUE=I2C-SDA YELLOW=I2C-SCL GREEN=analog ORANGE=digital CYAN=UART PURPLE=SPI; 16:9 high resolution. Title ""Orange Pi + A4988 Driver"". LEFT an Orange Pi (3.3V logic). RIGHT an A4988 Driver (Actuators & Motors). Connect EXACTLY these 5 wires and no others: STEP to pin7 (ORANGE); DIR to pin11 (ORANGE); VDD to 3V3 (pin1) (RED); GND to GND (BLACK); MS1 to pin13 (ORANGE). Show these exact pin labels; do not invent or add any wire."
orange-pi__relay-module.png,"Realistic Fritzing-style hardware wiring diagram, flat vector product-illustration look, soft light-grey studio background, slight top-down angle, one microcontroller board on the LEFT and one module on the RIGHT connected by coloured jumper wires with correctly-spelled pin labels on both sides; wire colours RED=power BLACK=GND BLUE=I2C-SDA YELLOW=I2C-SCL GREEN=analog ORANGE=digital CYAN=UART PURPLE=SPI; 16:9 high resolution. Title ""Orange Pi + Relay Module"". LEFT an Orange Pi (3.3V logic). RIGHT a Relay Module (Actuators & Motors). Connect EXACTLY these 6 wires and no others: IN to pin7 (ORANGE); VCC to 3V3 (pin1) (RED); GND to GND (BLACK); COM to pin11 (ORANGE); NO to pin13 (ORANGE); NC to pin15 (ORANGE). Show these exact pin labels; do not invent or add any wire."
orange-pi__water-pump.png,"Realistic Fritzing-style hardware wiring diagram, flat vector product-illustration look, soft light-grey studio background, slight top-down angle, one microcontroller board on the LEFT and one module on the RIGHT connected by coloured jumper wires with correctly-spelled pin labels on both sides; wire colours RED=power BLACK=GND BLUE=I2C-SDA YELLOW=I2C-SCL GREEN=analog ORANGE=digital CYAN=UART PURPLE=SPI; 16:9 high resolution. Title ""Orange Pi + Water Pump"". LEFT an Orange Pi (3.3V logic). RIGHT a Water Pump (Actuators & Motors). Connect EXACTLY these 2 wires and no others: + to 3V3 (pin1) (RED); - to GND (BLACK). Show these exact pin labels; do not invent or add any wire."
orange-pi__servo-continuous.png,"Realistic Fritzing-style hardware wiring diagram, flat vector product-illustration look, soft light-grey studio background, slight top-down angle, one microcontroller board on the LEFT and one module on the RIGHT connected by coloured jumper wires with correctly-spelled pin labels on both sides; wire colours RED=power BLACK=GND BLUE=I2C-SDA YELLOW=I2C-SCL GREEN=analog ORANGE=digital CYAN=UART PURPLE=SPI; 16:9 high resolution. Title ""Orange Pi + Continuous Servo"". LEFT an Orange Pi (3.3V logic). RIGHT a Continuous Servo (Actuators & Motors). Connect EXACTLY these 3 wires and no others: Signal to pin7 (ORANGE); VCC to 3V3 (pin1) (RED); GND to GND (BLACK). Show these exact pin labels; do not invent or add any wire."
orange-pi__buzzer.png,"Realistic Fritzing-style hardware wiring diagram, flat vector product-illustration look, soft light-grey studio background, slight top-down angle, one microcontroller board on the LEFT and one module on the RIGHT connected by coloured jumper wires with correctly-spelled pin labels on both sides; wire colours RED=power BLACK=GND BLUE=I2C-SDA YELLOW=I2C-SCL GREEN=analog ORANGE=digital CYAN=UART PURPLE=SPI; 16:9 high resolution. Title ""Orange Pi + Buzzer"". LEFT an Orange Pi (3.3V logic). RIGHT a Buzzer (Actuators & Motors). Connect EXACTLY these 2 wires and no others: + to 3V3 (pin1) (RED); - to GND (BLACK). Show these exact pin labels; do not invent or add any wire."
orange-pi__lcd1602.png,"Realistic Fritzing-style hardware wiring diagram, flat vector product-illustration look, soft light-grey studio background, slight top-down angle, one microcontroller board on the LEFT and one module on the RIGHT connected by coloured jumper wires with correctly-spelled pin labels on both sides; wire colours RED=power BLACK=GND BLUE=I2C-SDA YELLOW=I2C-SCL GREEN=analog ORANGE=digital CYAN=UART PURPLE=SPI; 16:9 high resolution. Title ""Orange Pi + LCD 16×2"". LEFT an Orange Pi (3.3V logic). RIGHT a LCD 16×2 (Displays). Connect EXACTLY these 4 wires and no others: SDA to pin3 (SDA) (BLUE); SCL to pin5 (SCL) (YELLOW); VCC to 3V3 (pin1) (RED); GND to GND (BLACK). Show these exact pin labels; do not invent or add any wire."
orange-pi__lcd2004.png,"Realistic Fritzing-style hardware wiring diagram, flat vector product-illustration look, soft light-grey studio background, slight top-down angle, one microcontroller board on the LEFT and one module on the RIGHT connected by coloured jumper wires with correctly-spelled pin labels on both sides; wire colours RED=power BLACK=GND BLUE=I2C-SDA YELLOW=I2C-SCL GREEN=analog ORANGE=digital CYAN=UART PURPLE=SPI; 16:9 high resolution. Title ""Orange Pi + LCD 20×4"". LEFT an Orange Pi (3.3V logic). RIGHT a LCD 20×4 (Displays). Connect EXACTLY these 4 wires and no others: SDA to pin3 (SDA) (BLUE); SCL to pin5 (SCL) (YELLOW); VCC to 3V3 (pin1) (RED); GND to GND (BLACK). Show these exact pin labels; do not invent or add any wire."
orange-pi__oled.png,"Realistic Fritzing-style hardware wiring diagram, flat vector product-illustration look, soft light-grey studio background, slight top-down angle, one microcontroller board on the LEFT and one module on the RIGHT connected by coloured jumper wires with correctly-spelled pin labels on both sides; wire colours RED=power BLACK=GND BLUE=I2C-SDA YELLOW=I2C-SCL GREEN=analog ORANGE=digital CYAN=UART PURPLE=SPI; 16:9 high resolution. Title ""Orange Pi + OLED 0.96"" (SSD1306)"". LEFT an Orange Pi (3.3V logic). RIGHT an OLED 0.96"" (SSD1306) (Displays). Connect EXACTLY these 4 wires and no others: SDA to pin3 (SDA) (BLUE); SCL to pin5 (SCL) (YELLOW); VCC to 3V3 (pin1) (RED); GND to GND (BLACK). Show these exact pin labels; do not invent or add any wire."
orange-pi__tft.png,"Realistic Fritzing-style hardware wiring diagram, flat vector product-illustration look, soft light-grey studio background, slight top-down angle, one microcontroller board on the LEFT and one module on the RIGHT connected by coloured jumper wires with correctly-spelled pin labels on both sides; wire colours RED=power BLACK=GND BLUE=I2C-SDA YELLOW=I2C-SCL GREEN=analog ORANGE=digital CYAN=UART PURPLE=SPI; 16:9 high resolution. Title ""Orange Pi + TFT Touch Display"". LEFT an Orange Pi (3.3V logic). RIGHT a TFT Touch Display (Displays). Connect EXACTLY these 9 wires and no others: SCK to pin23 (SCLK) (PURPLE); MOSI to pin19 (MOSI) (PURPLE); MISO to pin21 (MISO) (PURPLE); CS to pin24 (CE0) (PURPLE); DC to pin7 (ORANGE); T_CS to pin11 (ORANGE); T_IRQ to pin13 (ORANGE); VCC to 3V3 (pin1) (RED); GND to GND (BLACK). Show these exact pin labels; do not invent or add any wire."
orange-pi__seven-seg.png,"Realistic Fritzing-style hardware wiring diagram, flat vector product-illustration look, soft light-grey studio background, slight top-down angle, one microcontroller board on the LEFT and one module on the RIGHT connected by coloured jumper wires with correctly-spelled pin labels on both sides; wire colours RED=power BLACK=GND BLUE=I2C-SDA YELLOW=I2C-SCL GREEN=analog ORANGE=digital CYAN=UART PURPLE=SPI; 16:9 high resolution. Title ""Orange Pi + 7-Segment Display"". LEFT an Orange Pi (3.3V logic). RIGHT a 7-Segment Display (Displays). Connect EXACTLY these 3 wires and no others: a–g to pin7 (ORANGE); dp to pin11 (ORANGE); GND to GND (BLACK). Show these exact pin labels; do not invent or add any wire."
orange-pi__led-matrix.png,"Realistic Fritzing-style hardware wiring diagram, flat vector product-illustration look, soft light-grey studio background, slight top-down angle, one microcontroller board on the LEFT and one module on the RIGHT connected by coloured jumper wires with correctly-spelled pin labels on both sides; wire colours RED=power BLACK=GND BLUE=I2C-SDA YELLOW=I2C-SCL GREEN=analog ORANGE=digital CYAN=UART PURPLE=SPI; 16:9 high resolution. Title ""Orange Pi + LED Matrix (MAX7219)"". LEFT an Orange Pi (3.3V logic). RIGHT a LED Matrix (MAX7219) (Displays). Connect EXACTLY these 5 wires and no others: DIN to pin19 (MOSI) (PURPLE); CS to pin24 (CE0) (PURPLE); CLK to pin7 (ORANGE); VCC to 3V3 (pin1) (RED); GND to GND (BLACK). Show these exact pin labels; do not invent or add any wire."
orange-pi__neopixel.png,"Realistic Fritzing-style hardware wiring diagram, flat vector product-illustration look, soft light-grey studio background, slight top-down angle, one microcontroller board on the LEFT and one module on the RIGHT connected by coloured jumper wires with correctly-spelled pin labels on both sides; wire colours RED=power BLACK=GND BLUE=I2C-SDA YELLOW=I2C-SCL GREEN=analog ORANGE=digital CYAN=UART PURPLE=SPI; 16:9 high resolution. Title ""Orange Pi + NeoPixel (WS2812)"". LEFT an Orange Pi (3.3V logic). RIGHT a NeoPixel (WS2812) (Displays). Connect EXACTLY these 3 wires and no others: DIN to pin19 (MOSI) (PURPLE); 5V to 3V3 (pin1) (RED); GND to GND (BLACK). Show these exact pin labels; do not invent or add any wire."
orange-pi__epaper.png,"Realistic Fritzing-style hardware wiring diagram, flat vector product-illustration look, soft light-grey studio background, slight top-down angle, one microcontroller board on the LEFT and one module on the RIGHT connected by coloured jumper wires with correctly-spelled pin labels on both sides; wire colours RED=power BLACK=GND BLUE=I2C-SDA YELLOW=I2C-SCL GREEN=analog ORANGE=digital CYAN=UART PURPLE=SPI; 16:9 high resolution. Title ""Orange Pi + E-Paper Display"". LEFT an Orange Pi (3.3V logic). RIGHT an E-Paper Display (Displays). Connect EXACTLY these 8 wires and no others: SCK to pin23 (SCLK) (PURPLE); MOSI to pin19 (MOSI) (PURPLE); CS to pin24 (CE0) (PURPLE); DC to pin7 (ORANGE); BUSY to pin11 (ORANGE); RST to pin13 (ORANGE); VCC to 3V3 (pin1) (RED); GND to GND (BLACK). Show these exact pin labels; do not invent or add any wire."
orange-pi__hc05.png,"Realistic Fritzing-style hardware wiring diagram, flat vector product-illustration look, soft light-grey studio background, slight top-down angle, one microcontroller board on the LEFT and one module on the RIGHT connected by coloured jumper wires with correctly-spelled pin labels on both sides; wire colours RED=power BLACK=GND BLUE=I2C-SDA YELLOW=I2C-SCL GREEN=analog ORANGE=digital CYAN=UART PURPLE=SPI; 16:9 high resolution. Title ""Orange Pi + HC-05 Bluetooth"". LEFT an Orange Pi (3.3V logic). RIGHT a HC-05 Bluetooth (Connectivity). Connect EXACTLY these 6 wires and no others: RXD to pin7 (ORANGE); TXD to pin11 (ORANGE); VCC to 3V3 (pin1) (RED); GND to GND (BLACK); EN to pin13 (ORANGE); KEY to pin15 (ORANGE). Show these exact pin labels; do not invent or add any wire."
orange-pi__ble.png,"Realistic Fritzing-style hardware wiring diagram, flat vector product-illustration look, soft light-grey studio background, slight top-down angle, one microcontroller board on the LEFT and one module on the RIGHT connected by coloured jumper wires with correctly-spelled pin labels on both sides; wire colours RED=power BLACK=GND BLUE=I2C-SDA YELLOW=I2C-SCL GREEN=analog ORANGE=digital CYAN=UART PURPLE=SPI; 16:9 high resolution. Title ""Orange Pi + BLE Module"". LEFT an Orange Pi (3.3V logic). RIGHT a BLE Module (Connectivity). Connect EXACTLY these 4 wires and no others: RXD to pin7 (ORANGE); TXD to pin11 (ORANGE); VCC to 3V3 (pin1) (RED); GND to GND (BLACK). Show these exact pin labels; do not invent or add any wire."
orange-pi__nrf24.png,"Realistic Fritzing-style hardware wiring diagram, flat vector product-illustration look, soft light-grey studio background, slight top-down angle, one microcontroller board on the LEFT and one module on the RIGHT connected by coloured jumper wires with correctly-spelled pin labels on both sides; wire colours RED=power BLACK=GND BLUE=I2C-SDA YELLOW=I2C-SCL GREEN=analog ORANGE=digital CYAN=UART PURPLE=SPI; 16:9 high resolution. Title ""Orange Pi + nRF24L01"". LEFT an Orange Pi (3.3V logic). RIGHT a nRF24L01 (Connectivity). Connect EXACTLY these 7 wires and no others: SCK to pin23 (SCLK) (PURPLE); MOSI to pin19 (MOSI) (PURPLE); MISO to pin21 (MISO) (PURPLE); CSN to pin7 (ORANGE); CE to pin24 (CE0) (PURPLE); VCC to 3V3 (pin1) (RED); GND to GND (BLACK). Show these exact pin labels; do not invent or add any wire."
orange-pi__lora.png,"Realistic Fritzing-style hardware wiring diagram, flat vector product-illustration look, soft light-grey studio background, slight top-down angle, one microcontroller board on the LEFT and one module on the RIGHT connected by coloured jumper wires with correctly-spelled pin labels on both sides; wire colours RED=power BLACK=GND BLUE=I2C-SDA YELLOW=I2C-SCL GREEN=analog ORANGE=digital CYAN=UART PURPLE=SPI; 16:9 high resolution. Title ""Orange Pi + LoRa Module"". LEFT an Orange Pi (3.3V logic). RIGHT a LoRa Module (Connectivity). Connect EXACTLY these 8 wires and no others: SCK to pin23 (SCLK) (PURPLE); MOSI to pin19 (MOSI) (PURPLE); MISO to pin21 (MISO) (PURPLE); NSS to pin24 (CE0) (PURPLE); DIO0 to pin7 (ORANGE); RST to pin11 (ORANGE); VCC to 3V3 (pin1) (RED); GND to GND (BLACK). Show these exact pin labels; do not invent or add any wire."
orange-pi__sim800.png,"Realistic Fritzing-style hardware wiring diagram, flat vector product-illustration look, soft light-grey studio background, slight top-down angle, one microcontroller board on the LEFT and one module on the RIGHT connected by coloured jumper wires with correctly-spelled pin labels on both sides; wire colours RED=power BLACK=GND BLUE=I2C-SDA YELLOW=I2C-SCL GREEN=analog ORANGE=digital CYAN=UART PURPLE=SPI; 16:9 high resolution. Title ""Orange Pi + SIM800L GSM"". LEFT an Orange Pi (3.3V logic). RIGHT a SIM800L GSM (Connectivity). Connect EXACTLY these 4 wires and no others: RXD to pin7 (ORANGE); TXD to pin11 (ORANGE); VCC to 3V3 (pin1) (RED); GND to GND (BLACK). Show these exact pin labels; do not invent or add any wire."
orange-pi__sim900.png,"Realistic Fritzing-style hardware wiring diagram, flat vector product-illustration look, soft light-grey studio background, slight top-down angle, one microcontroller board on the LEFT and one module on the RIGHT connected by coloured jumper wires with correctly-spelled pin labels on both sides; wire colours RED=power BLACK=GND BLUE=I2C-SDA YELLOW=I2C-SCL GREEN=analog ORANGE=digital CYAN=UART PURPLE=SPI; 16:9 high resolution. Title ""Orange Pi + SIM900 GSM"". LEFT an Orange Pi (3.3V logic). RIGHT a SIM900 GSM (Connectivity). Connect EXACTLY these 4 wires and no others: RXD to pin7 (ORANGE); TXD to pin11 (ORANGE); VCC 5V to 3V3 (pin1) (RED); GND to GND (BLACK). Show these exact pin labels; do not invent or add any wire."
orange-pi__gps-neo6.png,"Realistic Fritzing-style hardware wiring diagram, flat vector product-illustration look, soft light-grey studio background, slight top-down angle, one microcontroller board on the LEFT and one module on the RIGHT connected by coloured jumper wires with correctly-spelled pin labels on both sides; wire colours RED=power BLACK=GND BLUE=I2C-SDA YELLOW=I2C-SCL GREEN=analog ORANGE=digital CYAN=UART PURPLE=SPI; 16:9 high resolution. Title ""Orange Pi + NEO-6M GPS"". LEFT an Orange Pi (3.3V logic). RIGHT a NEO-6M GPS (Connectivity). Connect EXACTLY these 4 wires and no others: RX to pin8 (TX) (CYAN); TX to pin10 (RX) (CYAN); VCC to 3V3 (pin1) (RED); GND to GND (BLACK). Show these exact pin labels; do not invent or add any wire."
orange-pi__rfid-rc522.png,"Realistic Fritzing-style hardware wiring diagram, flat vector product-illustration look, soft light-grey studio background, slight top-down angle, one microcontroller board on the LEFT and one module on the RIGHT connected by coloured jumper wires with correctly-spelled pin labels on both sides; wire colours RED=power BLACK=GND BLUE=I2C-SDA YELLOW=I2C-SCL GREEN=analog ORANGE=digital CYAN=UART PURPLE=SPI; 16:9 high resolution. Title ""Orange Pi + RFID RC522"". LEFT an Orange Pi (3.3V logic). RIGHT a RFID RC522 (Connectivity). Connect EXACTLY these 7 wires and no others: SCK to pin23 (SCLK) (PURPLE); MOSI to pin19 (MOSI) (PURPLE); MISO to pin21 (MISO) (PURPLE); SS to pin24 (CE0) (PURPLE); RST to pin7 (ORANGE); VCC to 3V3 (pin1) (RED); GND to GND (BLACK). Show these exact pin labels; do not invent or add any wire."
orange-pi__fingerprint-mod.png,"Realistic Fritzing-style hardware wiring diagram, flat vector product-illustration look, soft light-grey studio background, slight top-down angle, one microcontroller board on the LEFT and one module on the RIGHT connected by coloured jumper wires with correctly-spelled pin labels on both sides; wire colours RED=power BLACK=GND BLUE=I2C-SDA YELLOW=I2C-SCL GREEN=analog ORANGE=digital CYAN=UART PURPLE=SPI; 16:9 high resolution. Title ""Orange Pi + Fingerprint (R307)"". LEFT an Orange Pi (3.3V logic). RIGHT a Fingerprint (R307) (Connectivity). Connect EXACTLY these 4 wires and no others: TX to pin10 (RX) (CYAN); RX to pin8 (TX) (CYAN); VCC to 3V3 (pin1) (RED); GND to GND (BLACK). Show these exact pin labels; do not invent or add any wire."
orange-pi__ethernet-mod.png,"Realistic Fritzing-style hardware wiring diagram, flat vector product-illustration look, soft light-grey studio background, slight top-down angle, one microcontroller board on the LEFT and one module on the RIGHT connected by coloured jumper wires with correctly-spelled pin labels on both sides; wire colours RED=power BLACK=GND BLUE=I2C-SDA YELLOW=I2C-SCL GREEN=analog ORANGE=digital CYAN=UART PURPLE=SPI; 16:9 high resolution. Title ""Orange Pi + Ethernet (W5100)"". LEFT an Orange Pi (3.3V logic). RIGHT an Ethernet (W5100) (Connectivity). Connect EXACTLY these 6 wires and no others: SCK to pin23 (SCLK) (PURPLE); MOSI to pin19 (MOSI) (PURPLE); MISO to pin21 (MISO) (PURPLE); CS to pin24 (CE0) (PURPLE); VCC to 3V3 (pin1) (RED); GND to GND (BLACK). Show these exact pin labels; do not invent or add any wire."
orange-pi__led.png,"Realistic Fritzing-style hardware wiring diagram, flat vector product-illustration look, soft light-grey studio background, slight top-down angle, one microcontroller board on the LEFT and one module on the RIGHT connected by coloured jumper wires with correctly-spelled pin labels on both sides; wire colours RED=power BLACK=GND BLUE=I2C-SDA YELLOW=I2C-SCL GREEN=analog ORANGE=digital CYAN=UART PURPLE=SPI; 16:9 high resolution. Title ""Orange Pi + LED"". LEFT an Orange Pi (3.3V logic). RIGHT a LED (Passive & Discrete). Connect EXACTLY these 2 wires and no others: Anode to pin7 (ORANGE); GND to GND (BLACK). Show these exact pin labels; do not invent or add any wire."
orange-pi__potentiometer.png,"Realistic Fritzing-style hardware wiring diagram, flat vector product-illustration look, soft light-grey studio background, slight top-down angle, one microcontroller board on the LEFT and one module on the RIGHT connected by coloured jumper wires with correctly-spelled pin labels on both sides; wire colours RED=power BLACK=GND BLUE=I2C-SDA YELLOW=I2C-SCL GREEN=analog ORANGE=digital CYAN=UART PURPLE=SPI; 16:9 high resolution. Title ""Orange Pi + Potentiometer"". LEFT an Orange Pi (3.3V logic). RIGHT a Potentiometer (Passive & Discrete). Connect EXACTLY these 3 wires and no others: VCC to 3V3 (pin1) (RED); GND to GND (BLACK); Wiper to pin7 (needs ext. ADC) (GREEN). Show these exact pin labels; do not invent or add any wire."
orange-pi__push-button.png,"Realistic Fritzing-style hardware wiring diagram, flat vector product-illustration look, soft light-grey studio background, slight top-down angle, one microcontroller board on the LEFT and one module on the RIGHT connected by coloured jumper wires with correctly-spelled pin labels on both sides; wire colours RED=power BLACK=GND BLUE=I2C-SDA YELLOW=I2C-SCL GREEN=analog ORANGE=digital CYAN=UART PURPLE=SPI; 16:9 high resolution. Title ""Orange Pi + Push Button"". LEFT an Orange Pi (3.3V logic). RIGHT a Push Button (Input / Output). Connect EXACTLY these 1 wires and no others: 4 legs to pin7 (ORANGE). Show these exact pin labels; do not invent or add any wire."
orange-pi__keypad.png,"Realistic Fritzing-style hardware wiring diagram, flat vector product-illustration look, soft light-grey studio background, slight top-down angle, one microcontroller board on the LEFT and one module on the RIGHT connected by coloured jumper wires with correctly-spelled pin labels on both sides; wire colours RED=power BLACK=GND BLUE=I2C-SDA YELLOW=I2C-SCL GREEN=analog ORANGE=digital CYAN=UART PURPLE=SPI; 16:9 high resolution. Title ""Orange Pi + Matrix Keypad 4×4"". LEFT an Orange Pi (3.3V logic). RIGHT a Matrix Keypad 4×4 (Input / Output). Connect EXACTLY these 1 wires and no others: 8 pins to pin7 (ORANGE). Show these exact pin labels; do not invent or add any wire."
orange-pi__joystick.png,"Realistic Fritzing-style hardware wiring diagram, flat vector product-illustration look, soft light-grey studio background, slight top-down angle, one microcontroller board on the LEFT and one module on the RIGHT connected by coloured jumper wires with correctly-spelled pin labels on both sides; wire colours RED=power BLACK=GND BLUE=I2C-SDA YELLOW=I2C-SCL GREEN=analog ORANGE=digital CYAN=UART PURPLE=SPI; 16:9 high resolution. Title ""Orange Pi + Joystick Module"". LEFT an Orange Pi (3.3V logic). RIGHT a Joystick Module (Input / Output). Connect EXACTLY these 5 wires and no others: VRx to pin7 (ORANGE); VRy to pin11 (ORANGE); SW to pin13 (ORANGE); VCC to 3V3 (pin1) (RED); GND to GND (BLACK). Show these exact pin labels; do not invent or add any wire."
orange-pi__rotary-encoder.png,"Realistic Fritzing-style hardware wiring diagram, flat vector product-illustration look, soft light-grey studio background, slight top-down angle, one microcontroller board on the LEFT and one module on the RIGHT connected by coloured jumper wires with correctly-spelled pin labels on both sides; wire colours RED=power BLACK=GND BLUE=I2C-SDA YELLOW=I2C-SCL GREEN=analog ORANGE=digital CYAN=UART PURPLE=SPI; 16:9 high resolution. Title ""Orange Pi + Rotary Encoder"". LEFT an Orange Pi (3.3V logic). RIGHT a Rotary Encoder (Input / Output). Connect EXACTLY these 5 wires and no others: CLK to pin7 (ORANGE); DT to pin11 (ORANGE); SW to pin13 (ORANGE); VCC to 3V3 (pin1) (RED); GND to GND (BLACK). Show these exact pin labels; do not invent or add any wire."
orange-pi__sd-module.png,"Realistic Fritzing-style hardware wiring diagram, flat vector product-illustration look, soft light-grey studio background, slight top-down angle, one microcontroller board on the LEFT and one module on the RIGHT connected by coloured jumper wires with correctly-spelled pin labels on both sides; wire colours RED=power BLACK=GND BLUE=I2C-SDA YELLOW=I2C-SCL GREEN=analog ORANGE=digital CYAN=UART PURPLE=SPI; 16:9 high resolution. Title ""Orange Pi + MicroSD Module"". LEFT an Orange Pi (3.3V logic). RIGHT a MicroSD Module (Input / Output). Connect EXACTLY these 6 wires and no others: SCK to pin23 (SCLK) (PURPLE); MOSI to pin19 (MOSI) (PURPLE); MISO to pin21 (MISO) (PURPLE); CS to pin24 (CE0) (PURPLE); VCC to 3V3 (pin1) (RED); GND to GND (BLACK). Show these exact pin labels; do not invent or add any wire."
orange-pi__rtc.png,"Realistic Fritzing-style hardware wiring diagram, flat vector product-illustration look, soft light-grey studio background, slight top-down angle, one microcontroller board on the LEFT and one module on the RIGHT connected by coloured jumper wires with correctly-spelled pin labels on both sides; wire colours RED=power BLACK=GND BLUE=I2C-SDA YELLOW=I2C-SCL GREEN=analog ORANGE=digital CYAN=UART PURPLE=SPI; 16:9 high resolution. Title ""Orange Pi + RTC (DS3231)"". LEFT an Orange Pi (3.3V logic). RIGHT a RTC (DS3231) (Input / Output). Connect EXACTLY these 4 wires and no others: SDA to pin3 (SDA) (BLUE); SCL to pin5 (SCL) (YELLOW); VCC to 3V3 (pin1) (RED); GND to GND (BLACK). Show these exact pin labels; do not invent or add any wire."
orange-pi__speaker.png,"Realistic Fritzing-style hardware wiring diagram, flat vector product-illustration look, soft light-grey studio background, slight top-down angle, one microcontroller board on the LEFT and one module on the RIGHT connected by coloured jumper wires with correctly-spelled pin labels on both sides; wire colours RED=power BLACK=GND BLUE=I2C-SDA YELLOW=I2C-SCL GREEN=analog ORANGE=digital CYAN=UART PURPLE=SPI; 16:9 high resolution. Title ""Orange Pi + Speaker / DFPlayer"". LEFT an Orange Pi (3.3V logic). RIGHT a Speaker / DFPlayer (Input / Output). Connect EXACTLY these 4 wires and no others: RX to pin8 (TX) (CYAN); TX to pin10 (RX) (CYAN); VCC to 3V3 (pin1) (RED); GND to GND (BLACK). Show these exact pin labels; do not invent or add any wire."
orange-pi__imu-robot.png,"Realistic Fritzing-style hardware wiring diagram, flat vector product-illustration look, soft light-grey studio background, slight top-down angle, one microcontroller board on the LEFT and one module on the RIGHT connected by coloured jumper wires with correctly-spelled pin labels on both sides; wire colours RED=power BLACK=GND BLUE=I2C-SDA YELLOW=I2C-SCL GREEN=analog ORANGE=digital CYAN=UART PURPLE=SPI; 16:9 high resolution. Title ""Orange Pi + IMU / Balance"". LEFT an Orange Pi (3.3V logic). RIGHT an IMU / Balance (Robotics). Connect EXACTLY these 5 wires and no others: SDA to pin3 (SDA) (BLUE); SCL to pin5 (SCL) (YELLOW); INT to pin7 (ORANGE); VCC to 3V3 (pin1) (RED); GND to GND (BLACK). Show these exact pin labels; do not invent or add any wire."
orange-pi__lidar-robot.png,"Realistic Fritzing-style hardware wiring diagram, flat vector product-illustration look, soft light-grey studio background, slight top-down angle, one microcontroller board on the LEFT and one module on the RIGHT connected by coloured jumper wires with correctly-spelled pin labels on both sides; wire colours RED=power BLACK=GND BLUE=I2C-SDA YELLOW=I2C-SCL GREEN=analog ORANGE=digital CYAN=UART PURPLE=SPI; 16:9 high resolution. Title ""Orange Pi + LiDAR Scanner"". LEFT an Orange Pi (3.3V logic). RIGHT a LiDAR Scanner (Robotics). Connect EXACTLY these 4 wires and no others: TX to pin10 (RX) (CYAN); RX to pin8 (TX) (CYAN); VCC to 3V3 (pin1) (RED); GND to GND (BLACK). Show these exact pin labels; do not invent or add any wire."
